asset_id,empID,asset_name,asset_type,purchase_date,status
1,1,Mac Election,Laptop,2023-01-30,Returned
2,1,Mouse Identify,Mouse,2024-05-06,Returned
3,1,Mouse People,Mobile,2022-07-14,Lost
4,2,Laptop Detail,Mouse,2023-05-16,Returned
5,2,Keyboard Receive,Access Card,2023-05-26,Issued
6,4,Mobile Evening,Monitor,2022-09-16,Lost
7,5,Access Card Consumer,Mac,2023-09-17,Returned
8,5,Access Card Enter,Keyboard,2024-09-07,Lost
9,5,Monitor Find,Access Card,2024-02-20,Returned
10,7,Monitor Respond,Mac,2023-12-15,Lost
11,7,Mobile Any,Mac,2024-07-04,Returned
12,8,Mouse Plan,Mac,2024-10-06,Issued
13,10,Access Card Generation,Monitor,2023-02-05,Returned
14,11,Keyboard Of,Monitor,2024-03-09,Returned
15,11,Mac White,Laptop,2024-01-24,Issued
16,12,Monitor Use,Monitor,2025-04-29,Issued
17,12,Mac Magazine,Mouse,2023-04-04,Lost
18,13,Mobile Care,Keyboard,2025-01-13,Returned
19,13,Mac Animal,Mouse,2023-10-22,Returned
20,13,Mobile Politics,Monitor,2024-03-15,Issued
21,14,Mac Century,Mobile,2023-10-07,Returned
22,16,Access Card Pass,Mac,2025-04-03,Returned
23,18,Access Card Wrong,Keyboard,2024-12-19,Returned
24,19,Monitor Available,Laptop,2024-06-23,Lost
25,19,Laptop Down,Mouse,2024-03-08,Returned
26,21,Mobile Name,Keyboard,2024-08-15,Lost
27,22,Keyboard Certain,Monitor,2023-06-19,Returned
28,22,Monitor Staff,Mac,2024-10-05,Lost
29,23,Mac Whole,Mouse,2025-01-29,Lost
30,23,Laptop Scientist,Laptop,2024-06-07,Lost
31,24,Access Card Anything,Access Card,2024-01-19,Lost
32,24,Mobile Lot,Keyboard,2023-09-14,Issued
33,26,Mobile Store,Mobile,2023-07-27,Returned
34,26,Keyboard Anything,Laptop,2025-03-07,Returned
35,26,Laptop South,Laptop,2023-12-03,Issued
36,27,Mouse Choose,Keyboard,2022-11-04,Issued
37,27,Keyboard Main,Mac,2023-10-08,Returned
38,28,Monitor Add,Mouse,2024-11-03,Lost
39,28,Monitor Sing,Mobile,2023-01-29,Issued
40,28,Monitor Seven,Keyboard,2022-10-05,Lost
41,29,Monitor Water,Mouse,2023-02-21,Returned
42,30,Laptop Figure,Keyboard,2024-12-16,Issued
43,30,Mouse Expert,Mobile,2023-08-30,Issued
44,32,Mobile Same,Laptop,2024-11-21,Returned
45,32,Mouse On,Keyboard,2024-12-09,Issued
46,36,Laptop American,Laptop,2023-09-06,Issued
47,36,Mobile Serve,Mac,2023-07-30,Lost
48,37,Monitor Modern,Mac,2025-02-26,Returned
49,37,Keyboard Step,Access Card,2024-05-17,Issued
50,38,Access Card Reach,Keyboard,2023-05-12,Returned
51,38,Monitor Effect,Access Card,2023-02-28,Lost
52,40,Access Card Vote,Mouse,2023-12-26,Issued
53,40,Laptop Resource,Monitor,2025-04-11,Lost
54,40,Laptop Individual,Mouse,2024-11-10,Returned
55,41,Mobile Eye,Laptop,2024-03-21,Issued
56,43,Laptop Account,Mouse,2022-11-24,Issued
57,44,Laptop Degree,Laptop,2023-10-01,Returned
58,45,Mouse Art,Mouse,2024-03-02,Lost
59,45,Keyboard Impact,Mobile,2023-07-31,Issued
60,46,Mobile Father,Access Card,2024-04-11,Lost
61,47,Mouse Image,Mouse,2023-03-18,Returned
62,48,Mobile Around,Monitor,2023-12-19,Lost
63,50,Keyboard Care,Mac,2025-05-06,Issued
64,51,Laptop Science,Monitor,2022-06-23,Issued
65,51,Monitor End,Access Card,2024-03-04,Lost
66,51,Laptop Dark,Mobile,2022-09-14,Lost
67,52,Monitor Better,Mobile,2023-01-19,Returned
68,54,Mouse Standard,Keyboard,2023-03-18,Returned
69,55,Mac Increase,Laptop,2024-11-21,Returned
70,55,Keyboard Relate,Keyboard,2024-06-07,Lost
71,55,Keyboard Mouth,Monitor,2023-10-13,Lost
72,56,Monitor Other,Monitor,2024-04-06,Issued
73,57,Mouse Ask,Mac,2024-10-30,Issued
74,57,Laptop Power,Monitor,2024-06-01,Returned
75,59,Mac Actually,Mobile,2024-11-24,Returned
76,60,Keyboard Then,Mac,2025-01-15,Returned
77,60,Laptop Some,Mac,2024-12-08,Lost
78,61,Keyboard Political,Mouse,2025-05-04,Lost
79,62,Access Card Note,Monitor,2024-04-22,Lost
80,62,Mobile Simple,Mac,2024-10-10,Issued
81,62,Keyboard Eye,Monitor,2023-02-05,Lost
82,63,Mouse Game,Mouse,2025-02-19,Returned
83,63,Mouse Notice,Monitor,2022-06-03,Returned
84,64,Monitor Exactly,Mac,2025-02-01,Returned
85,64,Monitor Information,Monitor,2023-03-01,Issued
86,65,Mac Event,Keyboard,2023-09-22,Lost
87,66,Mobile List,Mac,2024-11-18,Issued
88,66,Mouse Along,Mouse,2023-07-19,Issued
89,66,Mobile Again,Access Card,2023-08-08,Lost
90,67,Monitor Street,Access Card,2022-11-27,Lost
91,68,Mouse Bill,Access Card,2024-06-16,Lost
92,69,Mac Black,Keyboard,2024-03-17,Returned
93,70,Keyboard Contain,Mouse,2024-02-20,Returned
94,71,Laptop Prevent,Mac,2023-02-16,Lost
95,71,Mac Ok,Mac,2022-07-16,Lost
96,71,Monitor Model,Mac,2024-09-25,Lost
97,72,Mobile Yourself,Mac,2023-12-26,Lost
98,72,Mac Think,Mouse,2024-09-19,Returned
99,73,Mobile Defense,Access Card,2024-11-22,Issued
100,73,Mac War,Mac,2025-03-17,Returned
101,73,Mouse Herself,Mac,2022-12-05,Issued
102,74,Mac Those,Access Card,2023-11-01,Lost
103,74,Monitor Discuss,Mouse,2023-07-25,Issued
104,75,Mouse Cause,Monitor,2022-08-16,Lost
105,77,Laptop Respond,Mouse,2023-02-08,Returned
106,77,Access Card Money,Access Card,2024-03-10,Returned
107,77,Keyboard What,Keyboard,2025-05-16,Lost
108,78,Keyboard Personal,Mac,2023-06-06,Lost
109,79,Access Card Happy,Mouse,2024-05-14,Returned
110,79,Access Card Truth,Mobile,2024-10-13,Returned
111,81,Mouse Book,Mouse,2024-09-16,Returned
112,82,Keyboard Near,Access Card,2025-04-19,Lost
113,82,Keyboard Capital,Access Card,2022-08-19,Returned
114,83,Monitor Picture,Monitor,2025-01-31,Issued
115,83,Mobile Education,Laptop,2022-10-06,Issued
116,84,Mobile Add,Monitor,2023-08-27,Lost
117,85,Mac Smile,Laptop,2022-11-07,Lost
118,85,Monitor World,Mouse,2023-07-04,Returned
119,85,Laptop Candidate,Keyboard,2025-05-11,Lost
120,87,Monitor Weight,Mobile,2024-06-22,Returned
121,88,Mobile Yet,Mac,2022-07-24,Returned
122,88,Mobile Democratic,Mac,2023-05-14,Issued
123,88,Mobile List,Keyboard,2025-04-05,Lost
124,89,Mobile Think,Access Card,2023-02-14,Returned
125,91,Mouse Husband,Mouse,2023-02-06,Issued
126,91,Access Card Strategy,Mac,2023-01-31,Issued
127,91,Mouse Participant,Mobile,2025-03-03,Lost
128,93,Monitor Lot,Mouse,2023-11-15,Issued
129,93,Laptop Account,Access Card,2025-04-26,Returned
130,93,Laptop Resource,Mouse,2023-01-11,Returned
131,95,Monitor Bank,Access Card,2024-10-22,Returned
132,95,Access Card Rate,Keyboard,2024-08-31,Returned
133,95,Laptop Peace,Laptop,2024-05-13,Issued
134,96,Mouse Third,Monitor,2022-11-19,Issued
135,96,Laptop Poor,Access Card,2022-12-12,Returned
136,97,Laptop Bit,Mac,2024-07-06,Returned
137,98,Mac Free,Monitor,2025-01-19,Issued
138,98,Laptop Evidence,Keyboard,2022-11-25,Lost
139,100,Monitor Staff,Laptop,2025-04-12,Returned
140,100,Monitor Relate,Keyboard,2025-04-24,Issued
141,101,Laptop Expert,Mobile,2024-11-04,Lost
142,101,Mouse Home,Mac,2024-12-04,Returned
143,103,Keyboard Concern,Access Card,2023-05-10,Lost
144,103,Laptop Benefit,Laptop,2024-01-03,Returned
145,104,Access Card Reality,Keyboard,2024-11-28,Issued
146,104,Monitor Perhaps,Keyboard,2024-02-11,Lost
147,107,Mobile Mother,Keyboard,2024-07-15,Returned
148,109,Laptop Really,Mobile,2024-02-07,Lost
149,110,Monitor Up,Monitor,2025-02-10,Lost
150,110,Mouse Reveal,Mobile,2023-01-20,Returned
151,110,Mac Really,Mobile,2022-08-21,Lost
152,111,Mouse Short,Monitor,2024-10-02,Returned
153,112,Mac Leg,Keyboard,2023-01-09,Returned
154,112,Access Card Lose,Keyboard,2024-09-23,Returned
155,112,Mouse Yes,Laptop,2024-12-22,Lost
156,113,Monitor Phone,Monitor,2023-10-31,Returned
157,114,Monitor Store,Access Card,2024-01-05,Issued
158,114,Mouse Because,Mobile,2023-04-24,Lost
159,114,Laptop Course,Mouse,2024-07-17,Issued
160,116,Mobile Make,Access Card,2023-02-07,Lost
161,117,Mouse Identify,Access Card,2025-03-14,Issued
162,117,Laptop Could,Monitor,2022-09-27,Lost
163,118,Access Card Like,Monitor,2023-09-30,Issued
164,118,Mouse Chair,Access Card,2024-07-28,Issued
165,119,Mobile Table,Mobile,2023-08-09,Lost
166,119,Mouse Others,Mac,2024-04-05,Returned
167,119,Keyboard National,Laptop,2025-04-20,Returned
168,120,Access Card Believe,Access Card,2024-08-29,Returned
169,121,Mac Stuff,Mac,2024-04-21,Issued
170,121,Mouse Work,Mac,2023-02-03,Lost
171,122,Laptop Threat,Monitor,2022-11-26,Returned
172,122,Mobile Cultural,Access Card,2022-07-02,Returned
173,122,Mobile Generation,Mobile,2022-07-31,Returned
174,123,Access Card Trial,Laptop,2022-08-04,Lost
175,123,Laptop Wind,Mac,2024-12-07,Issued
176,125,Mac Fight,Mac,2022-10-30,Lost
177,126,Access Card Particularly,Mobile,2023-05-03,Issued
178,126,Keyboard Weight,Mobile,2023-12-15,Issued
179,127,Access Card Policy,Monitor,2025-02-09,Lost
180,128,Mouse Catch,Access Card,2023-09-19,Issued
181,128,Laptop Rich,Monitor,2023-07-25,Issued
182,128,Monitor Surface,Monitor,2023-02-07,Issued
183,129,Mobile Wide,Access Card,2024-06-19,Returned
184,129,Keyboard Air,Monitor,2025-04-10,Returned
185,129,Mouse Husband,Mac,2024-04-08,Returned
186,130,Access Card Drug,Access Card,2024-08-30,Issued
187,130,Laptop Government,Mobile,2023-12-02,Issued
188,130,Mac Response,Mac,2024-05-04,Issued
189,131,Mac Story,Laptop,2025-03-19,Returned
190,131,Monitor Structure,Access Card,2022-11-29,Lost
191,132,Monitor Buy,Monitor,2024-11-13,Lost
192,134,Laptop Across,Monitor,2024-09-22,Issued
193,135,Keyboard Upon,Access Card,2024-10-31,Returned
194,135,Monitor Provide,Access Card,2022-12-08,Issued
195,136,Mouse Common,Keyboard,2022-08-04,Issued
196,136,Mac Identify,Mac,2022-11-26,Lost
197,137,Monitor Choose,Laptop,2025-05-11,Lost
198,137,Mouse Role,Mouse,2023-07-28,Issued
199,138,Mobile Attack,Mobile,2025-03-31,Lost
200,138,Keyboard Lose,Keyboard,2024-06-10,Returned
201,138,Access Card Far,Access Card,2024-04-16,Returned
202,140,Keyboard Society,Mobile,2023-03-25,Issued
203,140,Mouse Executive,Mobile,2025-03-02,Issued
204,142,Laptop Individual,Mac,2024-02-09,Issued
205,143,Mobile House,Mouse,2025-04-16,Issued
206,143,Laptop View,Keyboard,2023-06-30,Lost
207,146,Laptop Glass,Laptop,2024-03-22,Issued
208,146,Mouse A,Mac,2024-02-14,Returned
209,147,Mobile Look,Keyboard,2022-09-04,Lost
210,147,Access Card Water,Laptop,2024-05-04,Lost
211,148,Mouse Alone,Mobile,2024-12-25,Issued
212,148,Monitor Financial,Mouse,2025-01-31,Issued
213,149,Access Card Bill,Access Card,2023-05-07,Returned
214,149,Monitor Similar,Laptop,2024-02-11,Issued
215,149,Keyboard Bad,Mac,2025-01-11,Lost
216,150,Mouse Less,Laptop,2022-10-07,Lost
217,150,Laptop Eight,Laptop,2024-02-10,Lost
218,150,Laptop Expect,Mobile,2023-03-16,Returned
219,151,Mouse Space,Mobile,2025-02-01,Lost
220,151,Laptop Option,Monitor,2024-04-16,Issued
221,151,Keyboard Truth,Mobile,2023-11-27,Returned
222,152,Monitor Certain,Monitor,2023-01-07,Issued
223,152,Keyboard Start,Mobile,2023-02-13,Returned
224,152,Monitor Data,Keyboard,2024-09-11,Returned
225,155,Laptop It,Mouse,2023-04-04,Issued
226,155,Mouse Reveal,Mouse,2024-11-26,Returned
227,155,Monitor Executive,Mac,2024-05-01,Lost
228,156,Mouse Try,Mouse,2023-01-27,Returned
229,157,Monitor Dark,Laptop,2022-10-28,Returned
230,157,Monitor Science,Laptop,2023-04-08,Issued
231,159,Mac Lose,Keyboard,2025-04-17,Issued
232,159,Mouse Day,Mouse,2024-07-05,Returned
233,160,Access Card Right,Mac,2024-12-04,Returned
234,161,Mobile Tonight,Laptop,2023-09-26,Lost
235,163,Mobile Scene,Access Card,2025-02-28,Returned
236,163,Mouse Money,Laptop,2024-06-21,Issued
237,163,Access Card Less,Mobile,2024-09-01,Lost
238,165,Keyboard According,Monitor,2023-02-20,Lost
239,166,Mobile Participant,Access Card,2023-10-03,Lost
240,167,Laptop Both,Keyboard,2023-02-01,Lost
241,167,Keyboard Run,Access Card,2023-02-01,Issued
242,168,Mac Save,Access Card,2025-03-18,Lost
243,168,Laptop Explain,Keyboard,2023-08-17,Returned
244,171,Mobile Always,Laptop,2024-01-15,Issued
245,171,Mac Picture,Access Card,2023-10-06,Returned
246,171,Mac Young,Mobile,2024-12-21,Issued
247,172,Monitor Candidate,Keyboard,2025-02-05,Returned
248,172,Laptop Agree,Access Card,2022-05-29,Lost
249,173,Access Card Everybody,Mac,2022-12-01,Returned
250,173,Access Card Without,Mouse,2024-11-11,Lost
251,174,Mobile Nothing,Keyboard,2022-12-06,Returned
252,174,Laptop Rest,Laptop,2024-08-04,Lost
253,174,Mac Property,Monitor,2025-04-10,Returned
254,175,Keyboard World,Mobile,2023-07-31,Issued
255,175,Mobile Account,Mobile,2022-10-12,Lost
256,175,Monitor Although,Access Card,2025-05-20,Returned
257,176,Laptop Admit,Mac,2024-12-26,Returned
258,176,Mouse Career,Laptop,2025-05-22,Issued
259,177,Laptop Place,Mac,2025-04-04,Lost
260,178,Mouse Explain,Access Card,2024-03-18,Lost
261,178,Monitor Young,Access Card,2024-12-22,Issued
262,178,Laptop Economy,Monitor,2023-09-29,Returned
263,179,Mouse In,Laptop,2024-06-23,Lost
264,179,Monitor Treatment,Keyboard,2024-08-24,Lost
265,179,Mac Each,Laptop,2022-11-27,Lost
266,181,Mac Although,Keyboard,2022-06-05,Issued
267,181,Access Card Baby,Mobile,2025-01-16,Returned
268,182,Laptop Place,Access Card,2023-12-04,Returned
269,182,Keyboard Eye,Access Card,2025-05-25,Lost
270,182,Mouse Month,Keyboard,2024-07-31,Returned
271,183,Laptop Similar,Mac,2023-11-17,Returned
272,183,Mac Eight,Mac,2024-05-24,Lost
273,184,Mouse Model,Mouse,2024-07-31,Issued
274,185,Laptop Near,Monitor,2022-12-22,Returned
275,185,Keyboard Others,Monitor,2025-03-25,Returned
276,186,Mobile Modern,Mac,2025-01-12,Lost
277,186,Keyboard Between,Laptop,2022-09-30,Returned
278,189,Mouse Pull,Mobile,2025-01-07,Issued
279,189,Keyboard Owner,Monitor,2024-01-02,Returned
280,189,Laptop Education,Mouse,2024-10-09,Lost
281,190,Access Card Soldier,Mobile,2023-01-28,Returned
282,190,Laptop Window,Monitor,2025-03-02,Lost
283,190,Keyboard Rate,Monitor,2024-09-14,Returned
284,192,Mobile Present,Monitor,2024-02-11,Lost
285,192,Mac Check,Laptop,2022-06-25,Issued
286,193,Monitor Instead,Monitor,2022-10-18,Lost
287,195,Laptop Sport,Mouse,2023-01-27,Issued
288,195,Mouse He,Access Card,2023-11-04,Lost
289,197,Keyboard Must,Mac,2023-05-28,Issued
290,199,Keyboard Table,Mouse,2023-10-31,Returned
291,201,Keyboard Be,Laptop,2024-02-24,Lost
292,203,Mobile Thousand,Mobile,2025-02-24,Lost
293,204,Monitor Kind,Monitor,2022-09-18,Issued
294,204,Mac Fly,Keyboard,2023-02-20,Returned
295,204,Mobile Executive,Access Card,2024-12-05,Issued
296,206,Access Card Election,Mac,2025-05-22,Issued
297,206,Laptop Product,Monitor,2025-01-04,Issued
298,207,Mouse Simple,Mobile,2024-05-06,Returned
299,207,Mac Scene,Access Card,2024-04-01,Lost
300,208,Keyboard Act,Keyboard,2022-09-01,Lost
301,208,Mac Serious,Access Card,2023-04-25,Lost
302,208,Laptop Mouth,Mobile,2023-11-27,Lost
303,210,Laptop As,Mobile,2023-04-17,Lost
304,210,Access Card Industry,Mac,2023-08-18,Issued
305,210,Mac Whose,Keyboard,2023-05-15,Issued
306,211,Mouse Boy,Monitor,2023-02-28,Returned
307,213,Mac Expect,Mobile,2023-07-23,Lost
308,214,Keyboard Direction,Mac,2022-11-13,Returned
309,215,Access Card Particularly,Mac,2024-03-04,Returned
310,215,Mac By,Mac,2023-07-05,Issued
311,215,Laptop Stage,Monitor,2024-07-10,Issued
312,217,Laptop His,Laptop,2023-05-05,Lost
313,217,Mac Minute,Mobile,2024-06-22,Lost
314,218,Laptop None,Access Card,2022-06-27,Returned
315,218,Laptop Star,Mouse,2025-03-17,Returned
316,220,Keyboard See,Mobile,2023-08-02,Returned
317,221,Laptop Traditional,Mouse,2023-11-22,Returned
318,221,Monitor Quite,Mobile,2023-05-04,Lost
319,221,Mobile Rich,Mac,2022-06-17,Lost
320,222,Access Card State,Mouse,2023-04-15,Issued
321,223,Mobile Try,Mobile,2023-06-19,Lost
322,223,Mouse Business,Mobile,2023-06-12,Lost
323,223,Mobile Make,Mouse,2025-02-06,Returned
324,224,Mobile Also,Laptop,2025-03-16,Issued
325,224,Mouse Civil,Mobile,2023-11-12,Returned
326,224,Monitor Beyond,Monitor,2022-06-08,Issued
327,225,Mobile Produce,Mobile,2022-12-13,Issued
328,225,Laptop He,Keyboard,2024-06-10,Lost
329,227,Laptop Quickly,Laptop,2023-10-14,Returned
330,228,Mac Expert,Keyboard,2022-09-26,Issued
331,228,Mouse Third,Mobile,2024-09-29,Issued
332,229,Monitor Somebody,Keyboard,2024-11-03,Issued
333,230,Laptop Add,Keyboard,2024-02-23,Lost
334,230,Mac Bad,Mobile,2023-05-06,Lost
335,231,Mobile Candidate,Monitor,2024-11-13,Returned
336,231,Keyboard Consumer,Keyboard,2023-02-02,Returned
337,231,Mouse Pattern,Mac,2023-11-02,Issued
338,233,Laptop Station,Laptop,2023-04-10,Issued
339,234,Access Card Model,Monitor,2023-07-13,Returned
340,234,Mobile Contain,Mobile,2025-03-02,Issued
341,234,Mobile State,Mac,2024-04-17,Issued
342,235,Mouse City,Mobile,2025-02-08,Returned
343,236,Mac Medical,Mac,2024-09-04,Returned
344,236,Monitor Show,Mouse,2024-10-31,Issued
345,237,Keyboard Special,Mac,2022-10-19,Lost
346,238,Laptop Check,Mouse,2024-12-17,Lost
347,238,Mouse Population,Mac,2024-06-30,Lost
348,239,Mouse Throughout,Mac,2024-03-14,Returned
349,239,Laptop Why,Access Card,2023-07-04,Issued
350,240,Mouse Down,Mobile,2023-04-09,Returned
351,241,Access Card Record,Keyboard,2023-09-04,Lost
352,241,Access Card Lead,Mouse,2025-04-24,Issued
353,241,Access Card Nature,Mouse,2024-04-09,Lost
354,244,Monitor Employee,Monitor,2022-09-18,Lost
355,244,Mouse Be,Keyboard,2023-03-02,Issued
356,245,Laptop Surface,Laptop,2025-04-24,Issued
357,245,Mobile Discover,Laptop,2023-03-18,Returned
358,246,Mac Fact,Mobile,2024-05-08,Lost
359,247,Access Card Figure,Laptop,2022-08-02,Returned
360,247,Keyboard Material,Keyboard,2023-06-10,Issued
361,248,Monitor Film,Mobile,2024-07-22,Returned
362,249,Monitor Occur,Keyboard,2022-06-15,Returned
363,250,Laptop Improve,Keyboard,2023-03-21,Lost
364,250,Mouse Happen,Mac,2023-05-08,Issued
365,251,Mobile Couple,Keyboard,2023-11-21,Lost
366,251,Mac Culture,Mobile,2025-03-15,Issued
367,251,Mobile Available,Mobile,2025-02-21,Issued
368,253,Mac Tough,Access Card,2023-12-16,Returned
369,254,Mobile Others,Laptop,2024-07-01,Issued
370,254,Monitor Need,Mac,2023-08-09,Returned
371,255,Monitor Chance,Mouse,2024-12-31,Lost
372,255,Access Card Exactly,Monitor,2024-09-03,Lost
373,255,Mobile Congress,Mac,2024-11-04,Returned
374,256,Monitor Foreign,Keyboard,2024-01-23,Lost
375,256,Mac Image,Laptop,2022-12-04,Lost
376,256,Keyboard Half,Laptop,2023-06-23,Lost
377,257,Mobile Age,Mouse,2023-03-12,Issued
378,258,Access Card Tax,Access Card,2023-02-25,Returned
379,259,Mobile Choose,Access Card,2025-03-25,Issued
380,260,Mac Audience,Access Card,2023-09-08,Returned
381,260,Keyboard Nor,Mobile,2023-02-11,Returned
382,261,Keyboard Member,Mobile,2023-02-12,Returned
383,261,Monitor Place,Laptop,2023-09-05,Issued
384,261,Mac Recent,Access Card,2023-09-14,Issued
385,262,Mobile Floor,Mouse,2023-11-04,Returned
386,262,Access Card Garden,Mobile,2025-01-30,Returned
387,263,Monitor Employee,Keyboard,2024-01-04,Returned
388,264,Keyboard Sound,Access Card,2023-11-11,Issued
389,265,Laptop Far,Laptop,2024-11-18,Returned
390,265,Laptop Rate,Mouse,2023-05-11,Returned
391,265,Mac See,Mobile,2023-07-17,Returned
392,266,Mac Campaign,Keyboard,2022-07-26,Issued
393,267,Access Card Maybe,Mac,2023-03-13,Returned
394,267,Keyboard Local,Monitor,2022-08-11,Lost
395,268,Mobile Consumer,Keyboard,2024-03-26,Lost
396,268,Monitor Around,Laptop,2024-06-10,Issued
397,268,Laptop Eye,Mouse,2024-05-13,Returned
398,270,Access Card Space,Mac,2023-01-04,Lost
399,270,Mouse Debate,Keyboard,2023-12-03,Issued
400,273,Monitor Too,Mouse,2024-04-24,Issued
401,273,Mouse Science,Mouse,2024-08-15,Returned
402,273,Mobile Same,Mac,2023-03-24,Returned
403,274,Mac Maintain,Laptop,2022-07-23,Returned
404,274,Mac At,Mac,2023-01-15,Lost
405,276,Mac General,Mouse,2023-06-20,Issued
406,277,Mac Evening,Mouse,2025-03-16,Issued
407,277,Mouse Design,Monitor,2024-02-20,Returned
408,277,Keyboard Your,Mac,2024-08-11,Issued
409,281,Mouse Fall,Keyboard,2024-10-13,Issued
410,281,Laptop Night,Mouse,2022-12-06,Issued
411,283,Access Card Nation,Mac,2023-02-09,Issued
412,283,Keyboard Interest,Mac,2022-10-26,Lost
413,285,Keyboard Leader,Mobile,2023-11-03,Lost
414,285,Mobile Analysis,Mouse,2022-08-09,Issued
415,286,Mac Commercial,Mobile,2023-01-19,Lost
416,291,Mac Him,Monitor,2023-10-31,Lost
417,292,Laptop Owner,Keyboard,2024-06-27,Lost
418,292,Mouse Serious,Laptop,2024-02-26,Lost
419,292,Access Card Wish,Monitor,2024-12-29,Returned
420,293,Keyboard Cost,Mac,2024-02-21,Returned
421,293,Access Card President,Keyboard,2023-11-09,Returned
422,294,Access Card View,Mouse,2023-01-13,Issued
423,296,Mobile Student,Monitor,2024-11-03,Lost
424,296,Access Card Draw,Mac,2023-08-15,Returned
425,296,Mouse Church,Laptop,2025-04-29,Lost
426,297,Mobile Phone,Keyboard,2024-01-23,Issued
427,297,Mouse Woman,Laptop,2023-08-03,Lost
428,299,Mac Type,Keyboard,2023-08-24,Issued
429,299,Mobile Within,Mac,2024-08-09,Returned
430,299,Mac Stand,Mac,2023-02-21,Lost
431,300,Monitor Including,Keyboard,2024-09-06,Returned
432,300,Access Card Hour,Mac,2023-07-20,Issued
433,301,Laptop He,Access Card,2023-10-11,Returned
434,302,Laptop Item,Mac,2023-01-19,Returned
435,302,Laptop Everyone,Mobile,2023-11-01,Lost
436,303,Monitor Law,Keyboard,2023-05-05,Returned
437,303,Mac Sister,Mobile,2022-12-06,Lost
438,303,Mac Three,Laptop,2024-07-12,Returned
439,304,Access Card Choose,Access Card,2023-11-24,Lost
440,305,Keyboard Case,Mouse,2023-12-03,Issued
441,305,Mouse Indeed,Mac,2023-07-19,Lost
442,305,Mobile Compare,Mobile,2025-02-13,Lost
443,306,Mac Check,Mouse,2025-03-04,Lost
444,306,Laptop Fight,Mac,2022-06-26,Issued
445,307,Laptop Always,Keyboard,2024-10-06,Returned
446,307,Mouse Significant,Mouse,2023-10-04,Returned
447,308,Mobile Cell,Laptop,2023-10-26,Lost
448,308,Access Card Technology,Mouse,2024-11-29,Returned
449,308,Laptop Door,Mouse,2024-08-04,Lost
450,309,Keyboard Campaign,Mouse,2024-01-13,Returned
451,310,Mac Community,Monitor,2023-08-28,Lost
452,310,Access Card Another,Mobile,2024-04-26,Returned
453,310,Access Card Heart,Mouse,2024-07-13,Lost
454,311,Mouse Watch,Mobile,2024-07-29,Lost
455,312,Monitor Human,Mouse,2023-09-30,Issued
456,312,Laptop From,Mouse,2025-02-19,Lost
457,313,Mac Reason,Laptop,2025-04-22,Issued
458,313,Laptop Growth,Keyboard,2023-03-16,Lost
459,313,Mobile Baby,Mouse,2023-01-19,Returned
460,314,Mouse Difference,Keyboard,2023-02-22,Lost
461,314,Mouse Company,Mobile,2022-07-11,Issued
462,315,Mouse Threat,Keyboard,2022-09-24,Issued
463,315,Monitor Agency,Access Card,2022-07-13,Lost
464,316,Monitor Court,Mac,2025-01-16,Returned
465,316,Access Card Body,Mouse,2025-01-03,Returned
466,316,Mac Hot,Mac,2023-04-10,Lost
467,317,Keyboard Situation,Mac,2022-07-09,Issued
468,318,Access Card Understand,Monitor,2024-03-15,Lost
469,318,Access Card Remember,Mobile,2023-01-11,Returned
470,318,Mouse Good,Keyboard,2024-07-29,Lost
471,319,Mouse Any,Keyboard,2023-04-10,Lost
472,320,Mouse Conference,Mouse,2025-02-04,Issued
473,321,Keyboard Pretty,Monitor,2024-05-28,Lost
474,321,Mac Item,Access Card,2023-02-19,Returned
475,322,Mac Time,Keyboard,2023-11-04,Issued
476,322,Monitor Tend,Mac,2025-01-01,Returned
477,323,Laptop Partner,Monitor,2022-12-24,Returned
478,323,Laptop First,Monitor,2024-01-11,Returned
479,325,Laptop Table,Mouse,2023-04-12,Lost
480,325,Mac Seven,Laptop,2023-08-09,Lost
481,325,Access Card Want,Access Card,2023-11-23,Issued
482,326,Laptop Republican,Mobile,2023-07-21,Lost
483,327,Mobile Real,Mouse,2023-11-17,Lost
484,327,Mouse Event,Laptop,2023-12-03,Returned
485,330,Mobile Song,Mouse,2023-06-12,Lost
486,331,Mouse Interesting,Monitor,2022-08-05,Lost
487,334,Mobile Fine,Monitor,2025-01-24,Issued
488,334,Mobile Structure,Mobile,2022-09-20,Issued
489,335,Monitor Issue,Mobile,2024-07-31,Returned
490,335,Keyboard Bag,Mouse,2022-07-08,Returned
491,336,Mobile Different,Keyboard,2024-08-05,Issued
492,339,Mobile Capital,Access Card,2022-10-28,Lost
493,341,Mac Development,Keyboard,2023-07-03,Lost
494,341,Mac Eye,Mouse,2024-08-27,Lost
495,341,Monitor May,Access Card,2022-08-22,Lost
496,342,Access Card Author,Monitor,2023-12-21,Lost
497,342,Mouse Floor,Access Card,2023-08-06,Lost
498,342,Mouse Himself,Mobile,2025-03-07,Lost
499,345,Monitor Degree,Mouse,2023-01-08,Issued
500,346,Mouse Future,Keyboard,2025-05-22,Issued
501,346,Mac Position,Mobile,2024-10-31,Returned
502,347,Access Card Price,Mouse,2024-08-22,Returned
503,347,Mobile Star,Mac,2023-02-18,Returned
504,348,Mac Go,Monitor,2024-07-28,Issued
505,348,Mac Mention,Keyboard,2022-09-03,Lost
506,349,Access Card Seem,Mouse,2024-02-08,Returned
507,350,Mac Line,Monitor,2022-08-25,Issued
508,350,Access Card Movie,Monitor,2022-06-13,Issued
509,351,Mouse Different,Keyboard,2023-07-09,Returned
510,351,Mobile Concern,Access Card,2022-07-29,Lost
511,352,Monitor Own,Laptop,2023-01-20,Issued
512,352,Monitor Specific,Monitor,2022-08-09,Lost
513,352,Mac Yourself,Keyboard,2025-03-24,Lost
514,353,Mobile Still,Mac,2023-08-29,Returned
515,354,Mouse Ok,Access Card,2025-05-16,Lost
516,355,Keyboard Church,Monitor,2023-04-02,Issued
517,355,Access Card Fight,Keyboard,2024-09-14,Lost
518,357,Mouse Up,Laptop,2024-07-07,Lost
519,357,Access Card Still,Monitor,2023-03-02,Lost
520,358,Mouse Or,Laptop,2025-03-13,Returned
521,360,Mouse Game,Mobile,2022-11-01,Issued
522,360,Keyboard Administration,Keyboard,2023-03-22,Issued
523,361,Mobile Cell,Laptop,2025-03-04,Lost
524,361,Monitor Operation,Keyboard,2025-05-15,Returned
525,362,Mouse Difference,Mobile,2024-05-22,Lost
526,363,Access Card West,Mobile,2022-09-28,Lost
527,363,Mobile Physical,Mobile,2024-11-07,Issued
528,363,Laptop Scientist,Monitor,2022-07-16,Lost
529,365,Keyboard Oil,Monitor,2024-12-10,Lost
530,365,Access Card Seven,Mac,2022-07-23,Returned
531,365,Mobile One,Mac,2025-04-08,Lost
532,366,Mac Structure,Mac,2025-02-27,Lost
533,366,Mac Certain,Laptop,2023-09-05,Returned
534,367,Mouse Natural,Mouse,2023-05-02,Returned
535,367,Mac Show,Laptop,2025-03-17,Lost
536,367,Keyboard Attack,Keyboard,2025-02-18,Issued
537,368,Access Card Month,Mac,2024-08-06,Returned
538,368,Laptop Alone,Monitor,2024-01-13,Lost
539,368,Monitor One,Laptop,2024-04-07,Returned
540,369,Mobile Consumer,Mobile,2023-05-30,Issued
541,369,Laptop Kitchen,Monitor,2024-03-11,Issued
542,369,Mobile Land,Mouse,2024-01-16,Returned
543,370,Monitor Offer,Access Card,2022-06-06,Issued
544,370,Mac Work,Monitor,2023-11-18,Returned
545,371,Monitor Find,Access Card,2022-11-02,Lost
546,371,Laptop Her,Keyboard,2024-03-13,Returned
547,371,Mouse Over,Access Card,2023-11-05,Issued
548,373,Access Card Religious,Keyboard,2025-04-16,Lost
549,375,Laptop Daughter,Access Card,2024-11-04,Returned
550,375,Mac Treat,Monitor,2022-07-08,Lost
551,375,Mobile Reveal,Monitor,2024-09-17,Returned
552,377,Access Card Ask,Monitor,2025-03-04,Returned
553,377,Mouse Six,Access Card,2025-05-24,Issued
554,379,Laptop Majority,Mac,2024-07-16,Returned
555,379,Keyboard Role,Monitor,2024-02-18,Issued
556,379,Mouse Cover,Mobile,2023-09-13,Lost
557,380,Mac Sign,Keyboard,2024-03-05,Returned
558,380,Mobile Cell,Mouse,2025-04-14,Lost
559,381,Keyboard Everything,Mac,2024-11-01,Returned
560,381,Mac Want,Mobile,2023-10-15,Lost
561,381,Monitor What,Mouse,2023-10-31,Lost
562,383,Monitor High,Laptop,2023-02-01,Returned
563,384,Laptop Often,Keyboard,2022-09-13,Issued
564,384,Mouse Person,Monitor,2024-12-13,Issued
565,385,Laptop Impact,Laptop,2022-07-17,Lost
566,385,Mouse Where,Access Card,2024-11-01,Issued
567,389,Mouse Style,Access Card,2024-05-19,Issued
568,390,Keyboard Much,Keyboard,2023-07-06,Returned
569,391,Laptop Drop,Access Card,2023-02-24,Returned
570,391,Keyboard Television,Access Card,2022-12-06,Returned
571,393,Monitor Need,Laptop,2023-01-05,Issued
572,393,Monitor Themselves,Mobile,2024-04-29,Issued
573,395,Monitor Available,Mobile,2025-04-20,Returned
574,395,Access Card Pay,Mouse,2024-02-10,Issued
575,395,Monitor Treat,Monitor,2024-09-07,Issued
576,397,Access Card Grow,Keyboard,2023-10-23,Lost
577,398,Mouse Task,Mouse,2023-10-27,Issued
578,398,Access Card Save,Mobile,2023-10-16,Returned
579,399,Mouse Major,Laptop,2023-03-23,Lost
580,401,Mobile Garden,Keyboard,2022-09-28,Issued
581,401,Monitor Reduce,Access Card,2022-10-30,Returned
582,401,Access Card Section,Access Card,2024-05-09,Issued
583,402,Keyboard Fund,Keyboard,2025-01-08,Lost
584,402,Access Card Machine,Laptop,2023-02-09,Issued
585,404,Keyboard Several,Mobile,2024-10-04,Issued
586,404,Mobile Defense,Keyboard,2025-02-12,Issued
587,404,Monitor Eat,Access Card,2023-09-07,Returned
588,406,Access Card Few,Mobile,2024-09-11,Lost
589,406,Keyboard Finally,Mac,2024-12-09,Lost
590,407,Mouse Center,Laptop,2024-03-16,Lost
591,407,Laptop Last,Access Card,2023-02-13,Issued
592,409,Access Card By,Laptop,2024-07-28,Returned
593,409,Monitor Easy,Access Card,2025-05-20,Returned
594,409,Keyboard Attorney,Monitor,2022-10-18,Lost
595,410,Mac Attention,Mobile,2023-01-20,Returned
596,411,Laptop Can,Keyboard,2024-09-01,Issued
597,411,Laptop Require,Laptop,2024-09-28,Issued
598,411,Mouse Federal,Monitor,2024-10-02,Returned
599,412,Keyboard Arrive,Mobile,2023-04-23,Returned
600,412,Laptop Parent,Monitor,2024-08-20,Issued
601,414,Access Card Great,Mac,2023-08-18,Returned
602,414,Monitor Successful,Mouse,2023-08-29,Returned
603,415,Monitor Today,Laptop,2025-04-23,Returned
604,416,Keyboard Enough,Laptop,2024-07-02,Lost
605,417,Mouse Throw,Keyboard,2024-12-01,Lost
606,418,Mouse Morning,Laptop,2025-04-22,Issued
607,419,Access Card Contain,Keyboard,2024-12-02,Lost
608,421,Access Card During,Mobile,2024-07-08,Lost
609,421,Monitor Site,Access Card,2025-04-19,Lost
610,421,Mac Name,Mouse,2022-11-08,Issued
611,422,Laptop Not,Monitor,2025-04-14,Issued
612,422,Monitor Card,Access Card,2024-01-04,Lost
613,422,Mouse Various,Laptop,2024-10-02,Issued
614,424,Mouse Many,Keyboard,2023-06-25,Issued
615,424,Mobile Serious,Mobile,2024-04-25,Issued
616,424,Monitor Himself,Mouse,2025-02-23,Returned
617,425,Access Card Radio,Keyboard,2023-12-02,Issued
618,426,Monitor Road,Laptop,2023-07-21,Lost
619,427,Mac Thousand,Monitor,2024-06-10,Issued
620,429,Mac Exactly,Access Card,2023-04-03,Lost
621,429,Access Card Ability,Laptop,2023-03-21,Issued
622,431,Monitor Indicate,Mobile,2024-11-07,Returned
623,433,Mobile Amount,Laptop,2024-01-03,Returned
624,433,Keyboard War,Mouse,2024-01-27,Lost
625,433,Access Card Food,Mouse,2025-02-10,Issued
626,435,Mac Worker,Access Card,2024-04-19,Issued
627,435,Monitor Fire,Mouse,2023-02-28,Issued
628,436,Monitor Product,Laptop,2023-01-24,Lost
629,436,Laptop Season,Monitor,2022-07-03,Lost
630,437,Mobile Where,Monitor,2024-11-26,Returned
631,438,Mobile Spend,Mac,2025-03-09,Lost
632,439,Mouse Several,Laptop,2023-08-12,Returned
633,441,Monitor Minute,Mouse,2022-06-10,Lost
634,441,Mouse Writer,Access Card,2023-10-22,Issued
635,441,Monitor Fish,Keyboard,2023-09-28,Issued
636,442,Monitor Behind,Mobile,2023-01-11,Issued
637,442,Access Card Wait,Keyboard,2025-03-12,Returned
638,442,Mobile Throughout,Laptop,2024-01-08,Issued
639,444,Mac Forward,Mouse,2023-04-26,Issued
640,444,Laptop Trip,Keyboard,2023-07-21,Lost
641,444,Monitor Though,Mouse,2024-01-26,Lost
642,445,Monitor She,Keyboard,2022-08-10,Lost
643,446,Monitor Hope,Mouse,2024-04-13,Issued
644,446,Mobile Head,Access Card,2022-06-11,Lost
645,447,Mac Include,Mouse,2023-12-21,Issued
646,447,Monitor Value,Mouse,2022-10-30,Lost
647,447,Laptop Although,Keyboard,2023-03-17,Issued
648,448,Mobile Huge,Keyboard,2023-03-20,Lost
649,448,Mac Choice,Mobile,2022-06-10,Issued
650,448,Mouse Site,Keyboard,2024-04-14,Lost
651,451,Mac Spend,Mobile,2025-02-21,Issued
652,451,Monitor Though,Monitor,2022-12-19,Returned
653,452,Monitor Institution,Keyboard,2022-07-01,Lost
654,452,Mobile International,Monitor,2025-01-09,Returned
655,453,Mobile Maintain,Mouse,2024-04-21,Issued
656,453,Mobile Face,Mac,2024-12-07,Issued
657,456,Mobile Knowledge,Access Card,2022-06-16,Returned
658,458,Laptop Commercial,Access Card,2025-05-19,Issued
659,458,Mobile Important,Access Card,2022-12-30,Lost
660,460,Monitor Begin,Mobile,2024-11-06,Issued
661,460,Mouse Pretty,Laptop,2024-02-14,Returned
662,460,Access Card Agent,Keyboard,2022-08-02,Returned
663,461,Mouse Father,Mouse,2022-12-11,Issued
664,461,Keyboard Her,Laptop,2024-07-25,Returned
665,462,Laptop Wall,Keyboard,2023-06-06,Lost
666,462,Access Card Now,Access Card,2024-12-08,Lost
667,463,Monitor Discover,Mac,2024-02-22,Lost
668,463,Keyboard Maintain,Laptop,2024-05-01,Lost
669,463,Mac Price,Laptop,2023-07-18,Returned
670,464,Laptop Yard,Mobile,2023-10-23,Issued
671,464,Mobile Choice,Monitor,2024-09-14,Returned
672,465,Laptop Me,Mobile,2023-12-20,Returned
673,466,Mac Bring,Mac,2024-12-18,Lost
674,466,Access Card With,Mouse,2025-02-09,Lost
675,468,Keyboard Become,Mouse,2022-12-20,Issued
676,468,Mouse Campaign,Laptop,2023-08-23,Issued
677,468,Monitor Central,Monitor,2025-04-20,Lost
678,471,Mac Determine,Access Card,2024-01-21,Returned
679,471,Keyboard Summer,Mobile,2024-06-24,Returned
680,473,Mouse Show,Keyboard,2024-04-05,Lost
681,473,Access Card Policy,Mac,2023-10-15,Returned
682,473,Mobile Floor,Keyboard,2022-11-10,Returned
683,474,Laptop Provide,Mouse,2023-02-25,Lost
684,474,Monitor Development,Access Card,2024-08-31,Issued
685,475,Laptop Reach,Monitor,2024-06-08,Lost
686,475,Laptop Join,Mouse,2022-12-19,Issued
687,476,Monitor Single,Mac,2023-05-16,Issued
688,477,Monitor Simple,Access Card,2024-10-26,Issued
689,477,Laptop Late,Keyboard,2023-05-04,Returned
690,478,Access Card Still,Mobile,2022-07-19,Returned
691,479,Mouse Move,Laptop,2022-10-01,Lost
692,480,Laptop Who,Monitor,2022-08-15,Returned
693,480,Laptop Treat,Mouse,2022-12-08,Issued
694,481,Laptop Arm,Mac,2023-04-15,Lost
695,481,Mobile Attention,Mac,2025-04-04,Issued
696,482,Laptop Price,Mac,2022-07-11,Returned
697,482,Mouse Place,Mac,2023-03-10,Lost
698,482,Mobile Human,Keyboard,2024-09-28,Returned
699,483,Mobile New,Laptop,2024-08-27,Lost
700,483,Access Card Several,Mouse,2023-11-30,Lost
701,484,Laptop Growth,Mouse,2024-11-05,Returned
702,484,Mac Even,Mouse,2024-10-12,Lost
703,484,Mac Forward,Keyboard,2024-11-04,Issued
704,485,Monitor Focus,Mouse,2024-07-09,Returned
705,485,Monitor Song,Access Card,2022-10-30,Lost
706,486,Laptop Ball,Mobile,2023-01-31,Issued
707,487,Mac Hair,Mac,2022-07-06,Issued
708,487,Mac Subject,Mouse,2023-11-01,Issued
709,487,Mac Although,Mouse,2023-10-08,Issued
710,488,Mac Maintain,Mouse,2024-06-04,Returned
711,488,Keyboard Mean,Mouse,2023-02-04,Returned
712,489,Keyboard Leg,Mouse,2024-02-25,Returned
713,489,Mac War,Mouse,2023-05-18,Returned
714,489,Mobile Sound,Monitor,2024-07-29,Lost
715,490,Keyboard Common,Laptop,2024-04-22,Lost
716,490,Mobile Cold,Access Card,2024-07-28,Lost
717,490,Mouse Floor,Monitor,2023-01-03,Lost
718,491,Mac Strategy,Mouse,2024-03-13,Lost
719,492,Monitor Section,Mobile,2022-10-10,Issued
720,493,Monitor Property,Laptop,2023-07-03,Lost
721,493,Access Card By,Mac,2022-12-31,Issued
722,494,Laptop Traditional,Mobile,2022-07-05,Returned
723,494,Access Card Onto,Mouse,2024-07-27,Returned
724,496,Monitor Social,Mouse,2022-10-25,Returned
725,496,Keyboard Now,Mouse,2023-07-06,Lost
726,496,Laptop Front,Mobile,2024-03-29,Issued
727,498,Monitor Front,Monitor,2024-05-08,Lost
728,499,Keyboard Read,Laptop,2024-05-18,Issued
729,500,Keyboard Pm,Keyboard,2024-12-11,Lost
730,501,Keyboard Enjoy,Monitor,2024-07-31,Issued
731,501,Mobile Six,Mac,2024-06-04,Returned
732,501,Laptop Gas,Mac,2025-01-16,Returned
733,502,Keyboard Energy,Monitor,2024-07-29,Lost
734,502,Access Card Along,Keyboard,2022-08-12,Lost
735,503,Monitor Bar,Monitor,2023-12-30,Returned
736,505,Mouse Nice,Monitor,2022-06-03,Returned
737,505,Mouse Us,Monitor,2024-02-18,Returned
738,506,Keyboard Matter,Access Card,2024-06-08,Issued
739,507,Laptop Without,Laptop,2025-04-27,Returned
740,507,Mac Tend,Mouse,2024-11-23,Returned
741,508,Laptop Plan,Mac,2022-10-22,Issued
742,509,Access Card List,Access Card,2025-03-13,Returned
743,509,Access Card Size,Access Card,2023-04-11,Lost
744,509,Keyboard Reflect,Mouse,2023-03-09,Issued
745,510,Keyboard Me,Mobile,2024-08-27,Returned
746,510,Keyboard Toward,Mac,2024-11-23,Returned
747,512,Keyboard Skill,Mac,2024-01-24,Returned
748,514,Laptop Since,Mac,2025-05-10,Issued
749,515,Keyboard Hot,Mouse,2025-02-14,Issued
750,518,Access Card Teacher,Access Card,2023-09-12,Returned
751,520,Mac General,Mac,2024-10-18,Lost
752,520,Monitor Pick,Laptop,2024-06-10,Returned
753,520,Laptop Become,Mouse,2022-12-11,Issued
754,521,Keyboard Wall,Access Card,2023-04-08,Issued
755,521,Mac Here,Access Card,2023-12-05,Issued
756,522,Laptop Character,Laptop,2025-03-20,Lost
757,523,Keyboard Bring,Mouse,2024-08-28,Returned
758,523,Mac Beyond,Access Card,2024-11-08,Lost
759,523,Laptop Assume,Mouse,2024-12-19,Lost
760,524,Monitor Provide,Keyboard,2024-12-06,Lost
761,524,Mobile Each,Mobile,2023-10-16,Lost
762,525,Mobile Black,Mobile,2025-01-19,Issued
763,526,Mouse Quickly,Monitor,2025-04-22,Lost
764,527,Access Card Group,Mac,2023-11-22,Returned
765,527,Mac Present,Access Card,2023-02-03,Returned
766,527,Monitor Different,Mobile,2024-08-20,Lost
767,529,Monitor Computer,Keyboard,2024-11-09,Lost
768,532,Mouse Often,Monitor,2023-10-06,Returned
769,532,Access Card Price,Mac,2024-01-14,Returned
770,535,Monitor Record,Laptop,2024-09-15,Returned
771,536,Mouse Drop,Keyboard,2024-04-02,Returned
772,537,Mac It,Access Card,2023-08-11,Issued
773,538,Keyboard Visit,Mac,2025-03-04,Issued
774,542,Laptop Could,Keyboard,2024-12-15,Issued
775,542,Mouse Suddenly,Access Card,2022-11-30,Issued
776,543,Access Card Effect,Mobile,2024-11-23,Returned
777,543,Keyboard Tough,Mouse,2024-07-29,Returned
778,543,Mac Cause,Laptop,2023-01-03,Issued
779,544,Mac Small,Access Card,2023-11-13,Lost
780,544,Keyboard Specific,Access Card,2022-06-10,Issued
781,545,Access Card Sense,Mac,2023-08-14,Lost
782,545,Mobile Middle,Mac,2023-10-26,Issued
783,547,Mac Shoulder,Laptop,2022-12-05,Issued
784,547,Keyboard Body,Keyboard,2024-02-28,Issued
785,548,Laptop Film,Access Card,2024-08-02,Issued
786,548,Access Card Material,Access Card,2024-07-28,Returned
787,549,Monitor Weight,Keyboard,2025-03-05,Lost
788,549,Monitor Part,Mobile,2023-10-08,Returned
789,550,Mac Manager,Monitor,2022-07-08,Issued
790,551,Mobile Stage,Mouse,2024-04-05,Lost
791,551,Mouse My,Keyboard,2023-06-03,Returned
792,551,Monitor Happen,Mouse,2023-11-24,Returned
793,553,Monitor Give,Mobile,2022-08-12,Returned
794,553,Mac Box,Keyboard,2025-04-20,Lost
795,553,Access Card Camera,Monitor,2023-10-01,Issued
796,554,Laptop Office,Access Card,2023-11-14,Lost
797,555,Keyboard Method,Mobile,2022-09-19,Lost
798,555,Mac Discover,Access Card,2024-09-25,Returned
799,555,Laptop Country,Mac,2023-06-22,Lost
800,556,Keyboard Name,Access Card,2022-06-18,Returned
801,559,Laptop Couple,Mac,2024-06-16,Returned
802,559,Monitor This,Monitor,2024-10-31,Lost
803,559,Mac Debate,Mac,2024-02-13,Returned
804,560,Mac Chance,Mouse,2024-02-19,Returned
805,560,Laptop Call,Mobile,2024-07-28,Lost
806,560,Mouse Both,Laptop,2024-08-01,Issued
807,563,Laptop Service,Mobile,2025-05-21,Issued
808,563,Mouse Almost,Mac,2025-05-14,Returned
809,564,Laptop Ok,Monitor,2024-07-13,Issued
810,565,Mobile Responsibility,Mouse,2023-01-23,Returned
811,565,Access Card Feeling,Mac,2022-09-25,Lost
812,566,Keyboard Do,Monitor,2024-08-21,Returned
813,566,Mouse Large,Mac,2024-07-28,Issued
814,566,Mouse Blue,Mouse,2025-02-21,Returned
815,567,Keyboard Practice,Keyboard,2024-08-21,Returned
816,567,Mouse Toward,Mac,2025-03-13,Returned
817,568,Access Card Close,Monitor,2023-02-18,Returned
818,569,Monitor Less,Monitor,2023-06-08,Returned
819,569,Monitor Compare,Mobile,2024-06-13,Lost
820,569,Laptop Security,Monitor,2023-02-11,Issued
821,570,Mouse Person,Keyboard,2024-12-30,Lost
822,571,Monitor One,Mac,2023-08-12,Lost
823,571,Mobile Rise,Mouse,2022-09-25,Returned
824,571,Mouse Against,Mac,2022-12-09,Issued
825,572,Mobile Order,Mac,2025-02-04,Lost
826,572,Mobile South,Monitor,2025-05-05,Returned
827,573,Laptop Hear,Mouse,2022-09-08,Lost
828,573,Monitor Simple,Monitor,2024-04-14,Lost
829,573,Mobile Meet,Mobile,2023-07-03,Returned
830,574,Laptop Challenge,Mobile,2024-02-18,Issued
831,574,Mobile Sport,Keyboard,2023-03-01,Issued
832,575,Access Card Either,Laptop,2024-02-29,Returned
833,575,Keyboard Major,Mouse,2022-06-21,Issued
834,575,Laptop Everybody,Mobile,2022-12-27,Returned
835,576,Laptop Large,Access Card,2024-04-13,Issued
836,576,Monitor Realize,Mac,2023-05-04,Returned
837,577,Mouse Even,Laptop,2022-08-31,Returned
838,577,Access Card Every,Laptop,2022-08-13,Returned
839,577,Laptop Civil,Access Card,2024-07-04,Issued
840,578,Mac Him,Laptop,2022-07-03,Lost
841,578,Laptop Attention,Mobile,2023-03-13,Lost
842,579,Mouse New,Keyboard,2024-09-05,Issued
843,579,Mac Food,Laptop,2022-06-10,Returned
844,580,Laptop Learn,Access Card,2023-01-02,Returned
845,580,Monitor Might,Mouse,2024-05-01,Returned
846,580,Monitor Ahead,Laptop,2024-12-26,Issued
847,581,Laptop Rich,Monitor,2023-03-06,Returned
848,581,Access Card Agency,Mac,2025-02-18,Lost
849,582,Mac Raise,Access Card,2024-01-22,Returned
850,582,Mac Yes,Laptop,2024-10-24,Issued
851,582,Keyboard Speech,Mouse,2022-12-16,Issued
852,583,Keyboard Guess,Mac,2025-02-24,Lost
853,584,Access Card Sister,Access Card,2023-12-28,Returned
854,584,Mouse Cup,Access Card,2023-09-30,Returned
855,585,Mouse Series,Laptop,2024-06-20,Lost
856,585,Mac She,Monitor,2024-05-09,Issued
857,585,Mouse Surface,Keyboard,2024-01-14,Lost
858,586,Mac West,Laptop,2024-04-30,Lost
859,587,Keyboard Event,Monitor,2022-07-19,Returned
860,587,Laptop Continue,Access Card,2024-04-02,Issued
861,590,Laptop Attack,Laptop,2023-09-10,Returned
862,590,Mac White,Keyboard,2022-12-28,Issued
863,591,Access Card Hospital,Mobile,2023-08-30,Issued
864,591,Mouse Specific,Mobile,2024-06-19,Issued
865,591,Access Card Say,Monitor,2022-12-17,Returned
866,592,Laptop List,Mouse,2023-09-11,Lost
867,592,Mobile Half,Mouse,2022-11-09,Issued
868,594,Laptop Sound,Access Card,2023-03-29,Returned
869,594,Mouse Authority,Keyboard,2025-02-27,Issued
870,594,Access Card Design,Access Card,2022-11-29,Lost
871,597,Laptop Almost,Mouse,2023-12-02,Lost
872,597,Keyboard Fall,Laptop,2022-10-23,Returned
873,597,Laptop Later,Keyboard,2022-05-27,Issued
874,598,Access Card Technology,Mouse,2025-03-25,Returned
875,598,Access Card Participant,Access Card,2023-10-29,Returned
876,599,Monitor Consider,Mac,2022-12-06,Issued
877,599,Mobile Land,Mobile,2023-11-18,Issued
878,599,Keyboard Community,Access Card,2022-12-17,Returned
879,601,Monitor Set,Access Card,2023-10-03,Issued
880,602,Mobile Create,Mouse,2022-07-17,Issued
881,602,Mobile Kind,Mouse,2023-08-18,Returned
882,602,Access Card What,Laptop,2023-01-11,Lost
883,603,Keyboard Instead,Monitor,2025-04-08,Returned
884,603,Mac Civil,Mac,2022-06-29,Returned
885,603,Mobile Yes,Mobile,2023-06-24,Lost
886,604,Mouse Candidate,Mac,2023-12-14,Issued
887,604,Access Card Southern,Mouse,2022-12-14,Issued
888,604,Monitor Writer,Laptop,2025-04-07,Issued
889,605,Laptop Seat,Mobile,2022-11-27,Returned
890,606,Mobile Letter,Laptop,2025-03-14,Issued
891,606,Mac Unit,Mobile,2024-12-23,Issued
892,607,Monitor Detail,Monitor,2022-12-21,Issued
893,607,Access Card Item,Keyboard,2023-07-31,Returned
894,609,Access Card Tough,Access Card,2022-06-05,Returned
895,610,Mouse Police,Keyboard,2025-05-05,Issued
896,611,Keyboard Success,Laptop,2024-02-01,Lost
897,611,Keyboard Force,Mobile,2023-11-06,Returned
898,612,Mobile So,Monitor,2025-02-22,Lost
899,612,Keyboard Cost,Monitor,2024-07-06,Returned
900,613,Access Card View,Keyboard,2024-08-25,Lost
901,613,Monitor One,Laptop,2024-12-16,Lost
902,614,Mobile Few,Keyboard,2023-03-15,Lost
903,616,Laptop Prepare,Mouse,2023-09-18,Issued
904,616,Monitor Reason,Mobile,2022-09-06,Issued
905,616,Mobile Space,Access Card,2023-09-05,Issued
906,617,Access Card Until,Access Card,2023-11-10,Lost
907,618,Keyboard Alone,Mouse,2022-10-12,Lost
908,619,Keyboard American,Monitor,2023-03-15,Returned
909,619,Monitor Write,Access Card,2024-02-01,Lost
910,620,Mouse Seek,Mobile,2023-05-30,Returned
911,620,Laptop Professional,Mobile,2022-09-09,Returned
912,620,Mobile Story,Access Card,2023-01-08,Issued
913,621,Mobile Leader,Monitor,2022-06-01,Returned
914,622,Keyboard Long,Access Card,2024-02-03,Issued
915,623,Mouse Idea,Laptop,2022-06-05,Returned
916,623,Mobile College,Monitor,2024-12-31,Issued
917,623,Access Card Probably,Mobile,2024-01-29,Lost
918,624,Access Card Not,Mobile,2024-05-26,Lost
919,624,Mac Issue,Mobile,2022-11-07,Lost
920,624,Mobile Thought,Mac,2023-04-09,Returned
921,625,Monitor What,Mac,2024-12-04,Issued
922,625,Keyboard American,Laptop,2023-04-30,Issued
923,626,Mouse Moment,Laptop,2022-09-05,Lost
924,626,Keyboard Seven,Mobile,2025-03-01,Returned
925,627,Keyboard Property,Mac,2022-12-31,Returned
926,627,Laptop Financial,Monitor,2022-12-19,Issued
927,628,Keyboard Relate,Access Card,2024-03-04,Lost
928,628,Mobile Shake,Mouse,2023-02-16,Lost
929,628,Monitor Nature,Access Card,2025-03-28,Returned
930,629,Laptop Manage,Mouse,2023-06-09,Issued
931,629,Access Card Probably,Mouse,2024-04-17,Issued
932,630,Access Card Save,Mac,2022-08-14,Issued
933,633,Access Card Stage,Keyboard,2023-09-13,Issued
934,634,Keyboard Exactly,Keyboard,2023-07-13,Returned
935,634,Laptop Open,Access Card,2024-04-01,Issued
936,634,Laptop She,Mac,2023-02-22,Issued
937,635,Keyboard System,Keyboard,2024-10-15,Lost
938,636,Mouse Executive,Keyboard,2025-05-06,Returned
939,636,Monitor Total,Mobile,2023-10-27,Issued
940,637,Keyboard Subject,Mac,2022-06-09,Issued
941,637,Mac Institution,Keyboard,2024-07-22,Lost
942,637,Monitor Order,Mobile,2024-03-04,Issued
943,638,Monitor Author,Mobile,2024-12-24,Issued
944,639,Laptop Process,Access Card,2024-08-09,Returned
945,639,Monitor Different,Access Card,2023-09-18,Returned
946,639,Laptop Add,Laptop,2025-02-14,Returned
947,640,Keyboard Page,Monitor,2023-02-25,Returned
948,640,Monitor Including,Access Card,2023-12-26,Issued
949,640,Access Card Capital,Mac,2023-03-27,Returned
950,641,Access Card Effort,Access Card,2023-07-10,Issued
951,641,Mac From,Mobile,2023-02-26,Returned
952,641,Monitor Center,Mouse,2024-11-08,Issued
953,642,Mac Of,Mac,2025-04-21,Lost
954,643,Keyboard Spend,Laptop,2022-06-09,Issued
955,643,Mobile Authority,Monitor,2024-05-15,Lost
956,644,Access Card Fast,Mouse,2024-06-07,Lost
957,646,Access Card Concern,Access Card,2025-03-28,Returned
958,646,Access Card Rock,Laptop,2024-08-14,Issued
959,646,Laptop With,Mobile,2024-09-08,Issued
960,647,Keyboard Fast,Laptop,2022-09-27,Issued
961,649,Keyboard Direction,Keyboard,2024-09-21,Issued
962,649,Monitor Democratic,Laptop,2022-12-25,Issued
963,650,Laptop Factor,Mac,2024-04-03,Returned
964,650,Mac Heavy,Monitor,2022-07-02,Issued
965,650,Keyboard Evening,Laptop,2023-08-30,Returned
966,651,Access Card Four,Mac,2024-01-19,Issued
967,653,Mobile Instead,Keyboard,2024-08-09,Lost
968,653,Access Card Situation,Mobile,2023-02-23,Returned
969,655,Mouse Ok,Laptop,2023-09-17,Returned
970,657,Access Card Three,Laptop,2022-11-26,Lost
971,657,Monitor Trouble,Mouse,2022-10-06,Lost
972,658,Mac Upon,Monitor,2025-05-15,Issued
973,660,Monitor Author,Access Card,2023-02-26,Issued
974,661,Monitor Yourself,Laptop,2022-10-08,Lost
975,661,Mouse Money,Access Card,2023-05-28,Returned
976,661,Monitor Carry,Keyboard,2024-02-10,Issued
977,663,Access Card Election,Mobile,2023-07-07,Returned
978,663,Access Card Write,Mouse,2023-08-07,Returned
979,663,Monitor Ball,Monitor,2023-01-27,Returned
980,664,Mouse State,Mac,2024-09-26,Returned
981,667,Monitor Reduce,Keyboard,2024-08-06,Returned
982,668,Laptop Religious,Laptop,2024-07-10,Returned
983,668,Mobile Parent,Laptop,2022-09-15,Issued
984,669,Monitor Future,Mobile,2024-04-27,Lost
985,670,Access Card Yard,Keyboard,2023-05-18,Returned
986,671,Laptop Base,Mobile,2023-08-19,Returned
987,671,Laptop Human,Mouse,2022-11-23,Issued
988,672,Mobile Prevent,Mobile,2023-11-06,Returned
989,672,Mac Laugh,Monitor,2024-05-29,Returned
990,673,Keyboard Manager,Mobile,2023-02-02,Returned
991,674,Laptop Employee,Mac,2024-08-14,Lost
992,674,Mobile Try,Keyboard,2025-03-28,Lost
993,674,Monitor Physical,Monitor,2023-04-02,Issued
994,675,Mobile Sit,Laptop,2024-12-26,Lost
995,675,Laptop Foreign,Access Card,2024-06-13,Issued
996,676,Laptop Option,Laptop,2023-01-21,Lost
997,677,Monitor Down,Keyboard,2022-09-05,Returned
998,677,Monitor Surface,Laptop,2024-01-22,Issued
999,678,Mobile Case,Laptop,2024-12-27,Issued
1000,678,Access Card Boy,Keyboard,2022-11-09,Returned
1001,678,Mouse Concern,Monitor,2025-02-22,Issued
1002,680,Access Card Floor,Keyboard,2024-11-05,Lost
1003,680,Mouse Yeah,Mac,2022-10-22,Issued
1004,680,Access Card Power,Mobile,2022-07-01,Returned
1005,681,Mac Food,Access Card,2022-09-30,Returned
1006,681,Mouse Time,Mouse,2024-05-02,Lost
1007,684,Laptop Ground,Mac,2025-03-04,Returned
1008,684,Mac Should,Mobile,2024-06-11,Returned
1009,684,Access Card Would,Monitor,2024-04-10,Lost
1010,686,Monitor Provide,Access Card,2024-05-25,Lost
1011,687,Keyboard Allow,Mobile,2024-11-18,Returned
1012,687,Mouse Every,Mouse,2024-06-09,Returned
1013,687,Laptop Here,Monitor,2024-12-12,Lost
1014,688,Laptop Lot,Access Card,2023-12-23,Lost
1015,688,Monitor Game,Laptop,2022-07-20,Issued
1016,688,Keyboard Gas,Access Card,2023-01-21,Lost
1017,689,Laptop House,Access Card,2025-05-24,Returned
1018,690,Mouse There,Monitor,2025-03-14,Lost
1019,690,Mac Role,Mouse,2023-11-04,Issued
1020,692,Monitor Customer,Mac,2024-08-04,Issued
1021,693,Laptop Must,Keyboard,2024-06-25,Issued
1022,693,Mobile Statement,Mobile,2024-01-13,Returned
1023,694,Mac Prepare,Mac,2024-01-21,Issued
1024,694,Mobile Event,Keyboard,2023-10-05,Lost
1025,695,Keyboard Evidence,Monitor,2023-05-03,Issued
1026,695,Laptop Bar,Laptop,2025-05-05,Issued
1027,695,Monitor Six,Mobile,2024-11-22,Issued
1028,696,Keyboard Main,Mac,2022-10-15,Returned
1029,697,Monitor Model,Laptop,2024-05-13,Issued
1030,697,Mobile Guess,Mouse,2023-04-02,Lost
1031,698,Mobile Site,Monitor,2023-02-25,Returned
1032,700,Access Card Girl,Monitor,2023-07-24,Issued
1033,700,Mouse Room,Monitor,2023-07-28,Returned
1034,701,Mobile Clear,Keyboard,2023-11-28,Lost
1035,701,Mouse Media,Mouse,2025-05-04,Lost
1036,701,Mouse State,Access Card,2024-10-29,Issued
1037,702,Keyboard School,Keyboard,2024-08-22,Returned
1038,702,Mouse Anything,Keyboard,2023-04-10,Returned
1039,702,Mac Protect,Mac,2022-11-06,Lost
1040,703,Mobile Direction,Mac,2025-04-06,Returned
1041,704,Mobile Wife,Laptop,2024-12-24,Returned
1042,704,Access Card Fish,Laptop,2023-08-12,Lost
1043,705,Keyboard Rich,Laptop,2024-10-17,Issued
1044,705,Keyboard More,Mouse,2023-04-14,Issued
1045,705,Laptop Event,Monitor,2023-07-29,Issued
1046,706,Keyboard Officer,Access Card,2025-01-22,Issued
1047,706,Mouse Cover,Monitor,2024-07-20,Issued
1048,706,Keyboard Study,Mac,2024-05-25,Issued
1049,707,Mac Forget,Mouse,2024-05-11,Issued
1050,707,Mouse Partner,Mobile,2025-03-24,Lost
1051,708,Mac Other,Keyboard,2022-12-26,Lost
1052,708,Laptop Similar,Mobile,2022-09-27,Returned
1053,708,Mac From,Keyboard,2023-10-13,Returned
1054,710,Keyboard Always,Mouse,2024-10-25,Issued
1055,711,Mouse Letter,Laptop,2023-01-28,Returned
1056,711,Mobile This,Keyboard,2023-10-15,Returned
1057,711,Access Card Study,Laptop,2023-09-13,Issued
1058,714,Mouse Man,Keyboard,2023-09-18,Returned
1059,714,Mobile If,Mac,2025-05-17,Lost
1060,716,Laptop Amount,Mac,2023-01-04,Returned
1061,716,Mobile Machine,Laptop,2023-06-19,Issued
1062,717,Access Card Simply,Monitor,2022-09-07,Lost
1063,717,Laptop Public,Mac,2024-06-23,Issued
1064,718,Access Card Executive,Laptop,2023-04-18,Lost
1065,718,Mouse Great,Keyboard,2023-09-29,Lost
1066,720,Access Card While,Keyboard,2023-03-27,Lost
1067,720,Access Card Others,Access Card,2023-11-22,Returned
1068,720,Monitor Central,Mobile,2022-08-13,Returned
1069,722,Keyboard Success,Mouse,2022-06-18,Returned
1070,726,Laptop Market,Access Card,2024-05-13,Returned
1071,726,Mouse Want,Mobile,2023-09-09,Lost
1072,726,Mac Should,Mouse,2022-12-11,Lost
1073,727,Mobile Condition,Laptop,2025-01-21,Returned
1074,727,Mobile Remain,Laptop,2024-05-05,Returned
1075,727,Mouse Late,Access Card,2022-10-11,Returned
1076,728,Access Card Money,Mouse,2022-12-15,Issued
1077,728,Mac Discuss,Laptop,2023-02-15,Lost
1078,729,Mobile Tough,Keyboard,2024-12-25,Lost
1079,731,Mouse Behind,Laptop,2025-02-12,Returned
1080,732,Laptop Month,Mobile,2023-01-15,Lost
1081,733,Mobile Young,Access Card,2024-03-19,Issued
1082,733,Access Card Actually,Access Card,2025-02-25,Returned
1083,733,Mouse Trouble,Mobile,2023-04-09,Issued
1084,734,Access Card Charge,Access Card,2023-03-08,Returned
1085,734,Keyboard Fire,Access Card,2024-01-11,Lost
1086,734,Laptop Get,Access Card,2023-11-22,Returned
1087,735,Keyboard Political,Mouse,2023-03-11,Issued
1088,735,Mobile Environmental,Monitor,2022-11-06,Issued
1089,736,Monitor Possible,Mac,2023-11-02,Issued
1090,736,Mac Situation,Monitor,2024-10-25,Lost
1091,736,Access Card Stuff,Access Card,2023-11-13,Lost
1092,737,Laptop Stage,Mac,2024-04-09,Lost
1093,737,Monitor Already,Mouse,2023-10-13,Returned
1094,737,Keyboard Something,Laptop,2022-07-07,Issued
1095,739,Mouse Religious,Mac,2023-10-13,Issued
1096,740,Mobile Strategy,Mobile,2024-01-13,Issued
1097,741,Mobile Argue,Keyboard,2024-08-06,Returned
1098,742,Mouse Begin,Keyboard,2025-05-09,Issued
1099,743,Keyboard Feel,Monitor,2023-06-04,Issued
1100,743,Monitor New,Keyboard,2023-07-17,Lost
1101,743,Monitor Begin,Mac,2023-04-24,Issued
1102,744,Mac Himself,Monitor,2023-03-05,Lost
1103,744,Monitor Bill,Mac,2025-04-26,Lost
1104,747,Mouse Place,Mouse,2024-03-11,Issued
1105,748,Mouse Final,Access Card,2024-07-15,Lost
1106,748,Mac Event,Keyboard,2023-08-15,Issued
1107,749,Access Card Understand,Laptop,2023-07-19,Issued
1108,750,Mobile Their,Laptop,2024-04-09,Issued
1109,750,Mac Speak,Mobile,2022-09-14,Issued
1110,751,Keyboard Cover,Access Card,2024-11-28,Returned
1111,751,Mouse Top,Access Card,2024-03-27,Issued
1112,751,Laptop Back,Mobile,2024-07-29,Lost
1113,752,Mobile Movement,Mouse,2023-02-05,Issued
1114,752,Mac Boy,Monitor,2025-03-14,Lost
1115,753,Mac Effect,Mouse,2024-03-04,Returned
1116,753,Laptop Test,Mouse,2023-01-14,Lost
1117,754,Monitor Congress,Mobile,2022-07-21,Issued
1118,757,Laptop Many,Mac,2023-04-27,Returned
1119,759,Mouse Lead,Mobile,2024-10-10,Returned
1120,759,Keyboard Student,Mouse,2022-09-16,Returned
1121,760,Laptop Interview,Mouse,2022-08-27,Returned
1122,760,Mouse Leg,Access Card,2022-08-30,Returned
1123,760,Monitor Six,Mac,2024-08-16,Returned
1124,761,Keyboard Work,Mouse,2023-08-23,Issued
1125,763,Mac Say,Mobile,2024-12-18,Issued
1126,763,Mac Live,Laptop,2024-03-23,Issued
1127,763,Mac Mother,Keyboard,2023-10-03,Returned
1128,764,Monitor Economy,Mouse,2023-08-17,Returned
1129,764,Mac You,Monitor,2024-12-15,Lost
1130,765,Mobile Group,Mac,2022-08-03,Issued
1131,766,Laptop Single,Monitor,2023-11-18,Lost
1132,767,Mouse Wish,Monitor,2024-10-17,Lost
1133,767,Access Card Field,Mac,2024-05-25,Issued
1134,767,Laptop Major,Laptop,2023-10-04,Lost
1135,768,Laptop Type,Mobile,2024-05-25,Lost
1136,769,Monitor Administration,Mac,2023-12-22,Returned
1137,770,Mac Strong,Laptop,2025-02-26,Returned
1138,770,Mac Price,Mac,2022-06-16,Lost
1139,771,Monitor Thought,Laptop,2022-10-27,Returned
1140,771,Monitor Current,Keyboard,2023-11-20,Returned
1141,771,Laptop Total,Monitor,2024-11-17,Returned
1142,772,Mobile Teacher,Monitor,2023-05-03,Issued
1143,774,Laptop Form,Mouse,2023-07-28,Lost
1144,774,Mac Together,Monitor,2023-12-21,Issued
1145,775,Laptop Country,Keyboard,2024-09-01,Returned
1146,775,Laptop Example,Laptop,2023-09-25,Issued
1147,775,Mac Stand,Keyboard,2024-01-24,Lost
1148,777,Keyboard President,Mac,2023-09-13,Issued
1149,778,Mobile Certain,Access Card,2025-04-21,Returned
1150,779,Laptop Increase,Mac,2023-03-09,Returned
1151,779,Access Card Enter,Monitor,2024-10-13,Issued
1152,780,Mobile Forward,Access Card,2023-02-09,Issued
1153,780,Access Card Finish,Laptop,2025-04-10,Lost
1154,781,Keyboard Lot,Mouse,2023-03-22,Lost
1155,781,Laptop Conference,Keyboard,2025-04-24,Returned
1156,782,Mac Trial,Mobile,2023-02-06,Issued
1157,782,Access Card Specific,Keyboard,2022-08-29,Issued
1158,783,Mac So,Keyboard,2025-01-17,Returned
1159,783,Mobile Peace,Monitor,2022-11-12,Issued
1160,783,Access Card Face,Laptop,2022-10-25,Lost
1161,784,Monitor Knowledge,Mobile,2022-11-07,Returned
1162,784,Monitor Church,Mac,2024-05-03,Issued
1163,785,Monitor American,Mouse,2025-03-04,Issued
1164,785,Mobile Present,Mobile,2024-04-23,Issued
1165,785,Mouse End,Mouse,2024-12-28,Returned
1166,788,Mobile Capital,Monitor,2025-05-25,Returned
1167,788,Monitor Western,Keyboard,2024-09-17,Returned
1168,789,Mac Fast,Access Card,2023-01-19,Issued
1169,790,Mouse Another,Mobile,2023-02-15,Returned
1170,790,Mouse Gas,Mobile,2024-08-16,Lost
1171,790,Mobile Too,Laptop,2023-05-09,Lost
1172,791,Monitor Car,Access Card,2023-11-14,Lost
1173,792,Mac Ever,Monitor,2024-01-28,Lost
1174,792,Access Card Heavy,Keyboard,2023-05-11,Issued
1175,793,Access Card Base,Mouse,2024-06-20,Lost
1176,793,Mobile Approach,Access Card,2023-09-02,Returned
1177,793,Mobile Bag,Mac,2023-09-10,Issued
1178,794,Access Card Fine,Monitor,2023-04-10,Issued
1179,794,Mobile List,Keyboard,2023-05-27,Lost
1180,795,Access Card Shoulder,Mobile,2025-05-14,Returned
1181,795,Mac Occur,Monitor,2024-04-03,Returned
1182,797,Mouse Quickly,Monitor,2023-02-04,Lost
1183,797,Mobile Chance,Mac,2025-04-06,Issued
1184,797,Access Card Great,Mobile,2022-08-03,Returned
1185,798,Mac Buy,Access Card,2023-03-27,Lost
1186,798,Access Card Institution,Mouse,2023-02-02,Returned
1187,798,Mac Find,Mobile,2022-09-03,Issued
1188,799,Mac Close,Mac,2023-06-24,Issued
1189,799,Mobile Owner,Laptop,2022-11-22,Lost
1190,799,Monitor Side,Mac,2024-12-08,Issued
1191,800,Laptop Edge,Laptop,2023-06-03,Lost
1192,800,Access Card Shoulder,Laptop,2024-05-14,Issued
1193,803,Laptop National,Mouse,2025-05-19,Issued
1194,803,Laptop Commercial,Laptop,2023-06-29,Returned
1195,803,Access Card Result,Mobile,2023-08-07,Returned
1196,805,Access Card Affect,Keyboard,2024-01-18,Issued
1197,806,Mac Behind,Access Card,2023-12-22,Returned
1198,806,Mouse Style,Access Card,2024-10-10,Issued
1199,807,Monitor Join,Mac,2025-04-13,Returned
1200,807,Monitor Team,Mouse,2025-02-10,Lost
1201,808,Laptop Any,Laptop,2024-05-26,Returned
1202,808,Access Card Treatment,Mouse,2022-11-10,Returned
1203,809,Laptop Near,Keyboard,2023-12-07,Issued
1204,810,Keyboard Often,Mobile,2022-07-26,Issued
1205,810,Monitor Suddenly,Laptop,2024-11-07,Lost
1206,810,Laptop Deep,Laptop,2024-08-07,Issued
1207,811,Access Card True,Monitor,2024-12-10,Returned
1208,812,Keyboard Lose,Monitor,2024-05-10,Returned
1209,812,Mac Affect,Access Card,2023-10-22,Returned
1210,813,Access Card Head,Mouse,2025-05-01,Returned
1211,813,Monitor Yeah,Mouse,2023-05-05,Issued
1212,814,Keyboard New,Keyboard,2024-10-24,Lost
1213,814,Mac International,Access Card,2023-03-04,Issued
1214,815,Monitor Her,Mouse,2024-02-09,Returned
1215,815,Monitor Though,Keyboard,2022-09-13,Issued
1216,815,Mobile Mind,Laptop,2023-10-27,Lost
1217,816,Mobile Team,Keyboard,2024-05-09,Issued
1218,816,Access Card Issue,Monitor,2025-03-06,Lost
1219,816,Mouse Explain,Laptop,2023-10-03,Lost
1220,817,Mac Stuff,Mac,2022-07-10,Issued
1221,817,Laptop Begin,Mac,2025-01-11,Returned
1222,818,Access Card By,Mobile,2023-06-10,Returned
1223,818,Keyboard Heart,Monitor,2024-02-22,Returned
1224,819,Mac Almost,Laptop,2024-10-24,Issued
1225,820,Mouse Entire,Mac,2024-05-20,Issued
1226,820,Mobile Agree,Access Card,2023-04-06,Issued
1227,822,Mobile Party,Mac,2024-08-23,Lost
1228,822,Mouse Arm,Monitor,2022-08-09,Lost
1229,822,Monitor Wear,Access Card,2024-02-02,Lost
1230,823,Access Card War,Laptop,2023-06-23,Issued
1231,823,Mouse Concern,Mac,2022-07-13,Lost
1232,823,Access Card While,Mouse,2024-12-31,Returned
1233,824,Access Card Once,Mac,2022-09-15,Issued
1234,825,Mouse Support,Laptop,2024-05-18,Returned
1235,825,Keyboard Protect,Keyboard,2023-08-20,Lost
1236,825,Monitor Seat,Access Card,2024-10-17,Lost
1237,826,Mobile Ask,Mouse,2024-04-07,Issued
1238,826,Mobile Adult,Mouse,2024-08-10,Lost
1239,827,Laptop Major,Mobile,2022-09-29,Issued
1240,827,Monitor Full,Mac,2024-07-10,Returned
1241,829,Monitor Mention,Monitor,2024-11-09,Lost
1242,829,Monitor Give,Mouse,2023-09-07,Returned
1243,831,Mobile Forget,Monitor,2023-06-12,Lost
1244,831,Laptop Here,Mouse,2022-09-17,Returned
1245,834,Keyboard About,Laptop,2023-10-16,Lost
1246,834,Laptop Finish,Access Card,2022-10-10,Returned
1247,834,Monitor Benefit,Mac,2023-01-20,Lost
1248,835,Keyboard Nice,Mac,2022-11-03,Lost
1249,835,Mobile Understand,Mobile,2022-09-06,Returned
1250,836,Mobile Within,Keyboard,2022-09-23,Issued
1251,837,Mac Decision,Mobile,2023-07-07,Issued
1252,837,Mac Candidate,Laptop,2023-06-27,Returned
1253,839,Mobile Expert,Monitor,2024-07-22,Lost
1254,839,Monitor List,Laptop,2022-12-09,Returned
1255,839,Mobile Yeah,Access Card,2023-01-07,Returned
1256,840,Monitor Charge,Access Card,2022-07-24,Issued
1257,840,Mobile Art,Mouse,2024-03-06,Returned
1258,841,Laptop Mother,Mac,2024-02-12,Returned
1259,841,Monitor Under,Monitor,2024-07-08,Returned
1260,841,Keyboard Film,Mouse,2022-12-22,Returned
1261,842,Mobile Claim,Laptop,2022-09-18,Lost
1262,842,Access Card Season,Mobile,2023-03-12,Issued
1263,843,Mouse Particular,Mac,2023-08-27,Lost
1264,843,Keyboard Specific,Mobile,2025-05-01,Issued
1265,843,Mouse Center,Access Card,2022-08-05,Issued
1266,844,Monitor Law,Monitor,2024-03-07,Issued
1267,844,Access Card Piece,Keyboard,2023-12-18,Lost
1268,845,Keyboard Commercial,Monitor,2023-10-03,Returned
1269,845,Mac Discuss,Laptop,2025-02-03,Lost
1270,845,Monitor Very,Mac,2024-10-14,Issued
1271,846,Monitor Find,Mobile,2022-06-05,Issued
1272,847,Monitor Several,Laptop,2024-11-28,Lost
1273,847,Access Card Executive,Access Card,2024-12-09,Lost
1274,848,Mac Give,Mobile,2025-02-03,Returned
1275,848,Mac Data,Mouse,2023-01-01,Issued
1276,848,Keyboard Although,Access Card,2025-05-05,Lost
1277,849,Mobile Something,Mouse,2022-05-26,Issued
1278,851,Keyboard Lot,Monitor,2022-08-29,Issued
1279,851,Keyboard Nice,Mac,2024-07-11,Issued
1280,852,Mobile Everybody,Mac,2025-03-14,Returned
1281,852,Keyboard Arm,Mouse,2023-04-11,Issued
1282,853,Mac Campaign,Mac,2023-04-21,Returned
1283,853,Access Card Job,Laptop,2023-04-13,Returned
1284,853,Mobile Cause,Laptop,2023-01-04,Returned
1285,855,Access Card Source,Access Card,2022-11-14,Issued
1286,857,Access Card Information,Mouse,2025-01-29,Returned
1287,858,Laptop Win,Mobile,2023-10-17,Issued
1288,858,Keyboard Agree,Keyboard,2024-08-29,Lost
1289,858,Monitor Many,Mac,2022-12-16,Returned
1290,861,Mobile Trial,Mouse,2024-06-19,Lost
1291,861,Laptop Head,Keyboard,2025-02-28,Lost
1292,861,Monitor To,Mobile,2023-10-26,Returned
1293,862,Monitor Manager,Mac,2025-04-20,Lost
1294,862,Keyboard Of,Laptop,2024-02-03,Returned
1295,862,Mouse Majority,Mouse,2023-09-29,Returned
1296,863,Access Card Us,Mac,2024-02-22,Returned
1297,863,Monitor Assume,Mouse,2025-04-08,Lost
1298,864,Mobile Forget,Access Card,2024-11-12,Issued
1299,865,Mac Administration,Keyboard,2025-02-22,Returned
1300,865,Laptop Whatever,Mouse,2023-11-01,Issued
1301,865,Laptop Trip,Mobile,2025-04-27,Lost
1302,866,Mouse Heavy,Keyboard,2023-03-11,Issued
1303,866,Monitor Finish,Mobile,2023-12-12,Lost
1304,868,Keyboard Share,Monitor,2023-11-15,Lost
1305,868,Mouse Reflect,Laptop,2024-05-12,Issued
1306,870,Mac May,Access Card,2022-11-30,Issued
1307,870,Monitor Want,Access Card,2022-07-23,Lost
1308,870,Mobile Grow,Mac,2022-08-09,Issued
1309,871,Monitor Real,Mouse,2023-04-09,Lost
1310,872,Mac Lose,Keyboard,2023-05-01,Returned
1311,872,Mac Finally,Keyboard,2023-04-18,Lost
1312,873,Mac Note,Mac,2022-12-27,Returned
1313,875,Monitor History,Mobile,2023-07-11,Lost
1314,876,Monitor Cause,Mobile,2022-09-23,Lost
1315,876,Laptop Those,Keyboard,2023-09-01,Lost
1316,877,Access Card Culture,Access Card,2022-10-26,Returned
1317,877,Mouse Possible,Mac,2025-02-01,Lost
1318,877,Monitor Idea,Mouse,2024-01-06,Lost
1319,878,Laptop Offer,Monitor,2024-07-02,Lost
1320,880,Keyboard Fly,Mouse,2023-01-30,Returned
1321,882,Monitor Bag,Mouse,2024-04-02,Lost
1322,882,Access Card Glass,Mac,2022-12-30,Lost
1323,883,Monitor Everything,Mobile,2025-02-24,Returned
1324,885,Access Card Sport,Monitor,2023-02-18,Returned
1325,885,Monitor Yourself,Keyboard,2023-11-14,Issued
1326,886,Mac Role,Laptop,2024-09-01,Issued
1327,886,Mouse History,Monitor,2024-04-07,Issued
1328,887,Mobile Investment,Access Card,2023-10-02,Returned
1329,888,Keyboard Thank,Monitor,2023-01-10,Lost
1330,889,Mouse Himself,Access Card,2024-10-22,Lost
1331,889,Access Card Security,Keyboard,2023-03-14,Issued
1332,890,Monitor Carry,Mobile,2023-02-20,Returned
1333,890,Keyboard Under,Mouse,2023-03-11,Lost
1334,891,Access Card Day,Keyboard,2024-11-07,Issued
1335,891,Monitor Identify,Mobile,2024-02-18,Returned
1336,893,Mac Something,Mac,2024-08-02,Lost
1337,894,Mac Your,Monitor,2022-12-19,Lost
1338,894,Mouse Course,Laptop,2024-10-09,Returned
1339,894,Mobile Return,Mac,2022-07-05,Issued
1340,895,Monitor Soon,Keyboard,2023-07-14,Lost
1341,897,Monitor Simply,Laptop,2023-01-20,Lost
1342,897,Monitor Outside,Laptop,2025-04-29,Issued
1343,897,Mac Couple,Mac,2023-09-10,Lost
1344,899,Laptop Why,Monitor,2025-02-23,Issued
1345,900,Mac Group,Mouse,2024-06-01,Issued
1346,900,Laptop Support,Monitor,2024-11-22,Lost
1347,903,Access Card Full,Mobile,2024-01-03,Returned
1348,903,Access Card Past,Access Card,2022-08-05,Lost
1349,903,Laptop On,Mac,2023-11-17,Returned
1350,904,Mobile Whose,Monitor,2024-04-09,Issued
1351,907,Mouse Game,Laptop,2022-07-20,Issued
1352,907,Mac Table,Keyboard,2025-05-12,Returned
1353,907,Mac Should,Monitor,2023-02-02,Returned
1354,908,Monitor Building,Access Card,2024-09-05,Issued
1355,909,Access Card As,Mobile,2022-07-11,Issued
1356,909,Mouse Already,Mac,2024-03-07,Issued
1357,909,Mouse Finally,Laptop,2024-06-24,Returned
1358,911,Mouse Himself,Mac,2024-10-28,Issued
1359,911,Access Card Kitchen,Laptop,2022-08-18,Returned
1360,912,Mac But,Monitor,2024-08-18,Returned
1361,912,Laptop Water,Mouse,2025-02-05,Lost
1362,912,Mobile Our,Mac,2022-11-25,Lost
1363,915,Mac Today,Monitor,2024-07-07,Lost
1364,915,Mouse Case,Mobile,2022-12-19,Issued
1365,915,Mouse Development,Mobile,2022-11-03,Issued
1366,918,Laptop Learn,Keyboard,2024-11-01,Lost
1367,919,Keyboard Military,Mobile,2024-03-11,Issued
1368,919,Mouse Often,Mac,2024-09-06,Lost
1369,919,Monitor Act,Laptop,2023-01-26,Returned
1370,920,Keyboard Deep,Mouse,2024-05-03,Returned
1371,921,Mobile Movie,Monitor,2024-11-12,Returned
1372,921,Mobile Campaign,Mac,2024-06-22,Lost
1373,921,Keyboard Too,Keyboard,2023-07-02,Returned
1374,922,Monitor Yet,Access Card,2022-11-23,Issued
1375,923,Monitor Build,Mac,2024-08-15,Issued
1376,923,Mouse Difficult,Mac,2025-05-20,Issued
1377,923,Laptop Medical,Access Card,2023-09-22,Returned
1378,925,Access Card Interview,Keyboard,2025-01-27,Returned
1379,926,Mouse Perhaps,Mac,2024-08-11,Lost
1380,927,Access Card View,Keyboard,2022-11-18,Issued
1381,927,Mobile Study,Laptop,2024-12-25,Issued
1382,927,Laptop Front,Keyboard,2023-10-24,Issued
1383,928,Keyboard Deal,Laptop,2023-08-04,Lost
1384,928,Mobile Threat,Monitor,2023-11-14,Lost
1385,928,Laptop Suddenly,Access Card,2024-09-08,Returned
1386,929,Mobile Seat,Monitor,2022-09-06,Lost
1387,929,Laptop Major,Keyboard,2023-02-21,Lost
1388,930,Access Card Military,Monitor,2023-05-24,Returned
1389,931,Access Card Figure,Mobile,2024-05-09,Lost
1390,931,Keyboard Old,Mobile,2023-05-11,Lost
1391,932,Laptop Break,Access Card,2024-01-10,Issued
1392,933,Mobile Meeting,Mouse,2024-10-29,Issued
1393,933,Access Card Have,Access Card,2024-03-12,Lost
1394,933,Laptop Wonder,Access Card,2025-01-19,Issued
1395,935,Laptop Window,Access Card,2024-06-20,Lost
1396,936,Mobile Miss,Access Card,2023-06-15,Lost
1397,936,Laptop Over,Mac,2023-03-12,Returned
1398,936,Keyboard Dinner,Keyboard,2025-01-08,Returned
1399,937,Mouse Just,Laptop,2023-04-09,Issued
1400,937,Mouse Child,Monitor,2023-06-07,Issued
1401,937,Keyboard Property,Mouse,2023-09-27,Returned
1402,938,Access Card Might,Mobile,2025-02-12,Issued
1403,938,Mac Third,Monitor,2022-10-01,Issued
1404,941,Keyboard Attack,Mobile,2023-04-30,Issued
1405,941,Mouse Month,Monitor,2025-03-30,Issued
1406,941,Laptop Great,Mac,2024-03-03,Returned
1407,942,Access Card Modern,Mouse,2023-08-28,Issued
1408,942,Access Card Theory,Laptop,2024-09-27,Returned
1409,943,Mac Place,Monitor,2023-06-07,Returned
1410,943,Mac Vote,Monitor,2022-08-12,Lost
1411,943,Monitor Dinner,Mouse,2023-08-30,Lost
1412,944,Mouse Be,Mobile,2024-09-28,Issued
1413,944,Laptop Affect,Mouse,2024-01-10,Returned
1414,945,Mobile Work,Mobile,2024-07-28,Issued
1415,945,Mac Whether,Mouse,2024-06-20,Returned
1416,947,Monitor Three,Laptop,2025-02-15,Issued
1417,947,Monitor Appear,Mac,2023-10-21,Issued
1418,950,Keyboard List,Mouse,2025-05-15,Lost
1419,951,Access Card And,Mobile,2023-09-06,Issued
1420,951,Mobile Throw,Mobile,2023-12-07,Lost
1421,951,Monitor Company,Mac,2022-12-15,Lost
1422,952,Mobile Wall,Keyboard,2025-02-24,Issued
1423,956,Access Card Forget,Laptop,2025-04-02,Issued
1424,956,Mac Ago,Mouse,2024-07-31,Returned
1425,956,Laptop Always,Access Card,2023-07-24,Returned
1426,958,Keyboard This,Mobile,2025-04-15,Lost
1427,958,Mouse Factor,Monitor,2023-02-25,Issued
1428,958,Mac Politics,Monitor,2024-05-30,Returned
1429,961,Mouse Figure,Access Card,2025-05-17,Lost
1430,962,Mobile State,Access Card,2022-09-09,Issued
1431,962,Mobile Vote,Monitor,2023-09-11,Issued
1432,963,Laptop Prove,Laptop,2022-12-10,Lost
1433,963,Monitor Treat,Laptop,2024-11-05,Returned
1434,965,Access Card Bit,Mobile,2025-02-24,Lost
1435,965,Access Card Either,Mouse,2024-06-14,Issued
1436,968,Keyboard Time,Mobile,2023-12-29,Issued
1437,969,Keyboard Check,Mobile,2022-10-11,Issued
1438,970,Mac Animal,Mouse,2022-07-12,Returned
1439,972,Keyboard One,Mobile,2024-07-25,Issued
1440,973,Monitor Account,Access Card,2022-06-16,Lost
1441,975,Mobile Environmental,Mobile,2024-07-31,Returned
1442,976,Access Card Among,Laptop,2024-02-25,Issued
1443,977,Laptop Throughout,Access Card,2023-05-17,Issued
1444,978,Monitor Mission,Mobile,2024-05-17,Issued
1445,979,Keyboard Always,Keyboard,2022-11-28,Lost
1446,981,Access Card Still,Mac,2024-01-02,Lost
1447,981,Mac Include,Laptop,2022-11-17,Lost
1448,984,Mouse Form,Monitor,2023-03-22,Issued
1449,984,Mouse Table,Access Card,2023-04-09,Returned
1450,985,Mouse Explain,Mac,2024-08-22,Issued
1451,986,Mobile Type,Keyboard,2024-11-14,Lost
1452,987,Mobile Fact,Mobile,2023-05-14,Returned
1453,988,Mac Street,Mobile,2024-10-07,Returned
1454,988,Laptop She,Mobile,2025-01-31,Lost
1455,988,Access Card Well,Access Card,2023-05-04,Returned
1456,989,Monitor Able,Mouse,2023-12-17,Issued
1457,990,Keyboard Believe,Mobile,2023-02-26,Returned
1458,991,Keyboard Could,Keyboard,2024-05-13,Lost
1459,991,Mobile Tv,Mouse,2022-09-13,Returned
1460,991,Keyboard Tonight,Monitor,2024-08-29,Returned
1461,992,Mac Least,Mobile,2024-07-03,Lost
1462,993,Monitor Style,Keyboard,2025-05-12,Returned
1463,993,Laptop Consider,Laptop,2023-12-18,Returned
1464,993,Laptop Floor,Keyboard,2024-03-08,Lost
1465,994,Laptop Study,Mobile,2023-10-26,Issued
1466,995,Mobile Seven,Access Card,2023-01-01,Lost
1467,995,Access Card Drive,Laptop,2025-03-19,Lost
1468,995,Mac In,Keyboard,2023-09-09,Lost
1469,996,Mac Mother,Mobile,2022-07-23,Returned
1470,997,Keyboard South,Mobile,2022-10-05,Issued
1471,997,Monitor Edge,Mobile,2025-04-02,Issued
1472,998,Monitor Week,Mouse,2023-05-09,Returned
1473,999,Mouse Energy,Mouse,2023-04-15,Returned
1474,999,Access Card Third,Keyboard,2023-05-30,Issued
1475,999,Monitor President,Mouse,2024-03-06,Lost
