bonus_id,empID,hours_overtime,bonus_amount,bonus_date
1,1,9,9000,2025-01-08
2,1,2,2000,2024-09-05
3,2,5,5000,2024-11-04
4,2,5,5000,2024-12-16
5,2,9,9000,2025-01-26
6,3,7,7000,2024-12-08
7,3,7,7000,2024-06-14
8,4,7,7000,2025-03-24
9,4,10,10000,2024-07-01
10,4,3,3000,2024-11-27
11,6,3,3000,2024-11-07
12,6,1,1000,2024-07-11
13,6,6,6000,2024-08-08
14,9,5,5000,2025-03-17
15,9,10,10000,2025-01-05
16,10,4,4000,2025-02-20
17,10,5,5000,2024-10-10
18,11,9,9000,2024-12-09
19,11,3,3000,2025-05-15
20,12,3,3000,2024-09-24
21,12,5,5000,2025-03-04
22,13,5,5000,2024-08-20
23,14,9,9000,2024-09-23
24,14,10,10000,2024-10-01
25,14,7,7000,2024-05-29
26,15,9,9000,2024-08-27
27,15,1,1000,2024-10-04
28,16,5,5000,2024-06-05
29,17,10,10000,2024-09-19
30,17,7,7000,2024-11-21
31,17,4,4000,2025-05-08
32,18,9,9000,2024-11-09
33,19,3,3000,2024-11-17
34,19,5,5000,2024-11-21
35,19,9,9000,2025-01-02
36,20,6,6000,2024-09-28
37,21,4,4000,2024-11-17
38,21,2,2000,2025-02-08
39,21,7,7000,2025-02-04
40,22,5,5000,2025-05-06
41,22,8,8000,2024-06-23
42,22,7,7000,2024-11-25
43,23,8,8000,2024-06-25
44,24,4,4000,2024-09-29
45,24,2,2000,2024-12-22
46,24,3,3000,2024-09-15
47,25,1,1000,2024-09-17
48,27,4,4000,2024-11-03
49,28,9,9000,2025-04-16
50,28,5,5000,2025-02-07
51,29,4,4000,2025-01-08
52,29,1,1000,2024-11-03
53,30,7,7000,2024-06-14
54,30,2,2000,2024-12-01
55,31,9,9000,2024-12-02
56,32,4,4000,2024-08-27
57,32,4,4000,2024-12-13
58,33,4,4000,2024-05-29
59,34,3,3000,2024-07-16
60,35,8,8000,2024-07-21
61,35,9,9000,2025-01-01
62,36,8,8000,2025-04-12
63,36,6,6000,2025-02-23
64,38,1,1000,2024-06-05
65,38,9,9000,2024-08-30
66,40,1,1000,2024-12-20
67,40,3,3000,2025-01-22
68,40,7,7000,2024-06-09
69,41,2,2000,2024-10-07
70,42,7,7000,2024-06-14
71,42,3,3000,2025-04-22
72,43,7,7000,2025-03-19
73,43,9,9000,2024-09-17
74,45,10,10000,2024-06-22
75,45,9,9000,2024-10-28
76,45,5,5000,2025-04-28
77,46,6,6000,2025-01-31
78,47,9,9000,2024-10-26
79,48,1,1000,2024-05-27
80,49,4,4000,2025-03-11
81,50,2,2000,2024-07-30
82,50,4,4000,2025-02-24
83,50,5,5000,2024-12-28
84,51,1,1000,2024-09-29
85,51,3,3000,2024-08-31
86,52,4,4000,2025-05-10
87,53,8,8000,2025-01-17
88,54,6,6000,2025-04-30
89,54,2,2000,2025-05-04
90,55,10,10000,2024-06-03
91,55,7,7000,2025-01-18
92,56,7,7000,2024-09-30
93,56,4,4000,2025-03-09
94,56,10,10000,2024-06-10
95,57,6,6000,2025-04-21
96,57,5,5000,2024-07-17
97,58,8,8000,2025-03-10
98,58,2,2000,2024-11-02
99,58,10,10000,2025-02-13
100,60,4,4000,2025-04-11
101,61,6,6000,2024-06-21
102,61,6,6000,2025-02-11
103,62,3,3000,2025-01-13
104,62,4,4000,2025-01-03
105,63,9,9000,2024-10-12
106,65,10,10000,2024-12-18
107,66,9,9000,2024-07-12
108,68,4,4000,2024-10-10
109,68,6,6000,2025-01-19
110,68,8,8000,2024-08-09
111,69,2,2000,2025-03-27
112,72,9,9000,2024-06-07
113,72,10,10000,2024-08-24
114,73,1,1000,2024-10-30
115,74,6,6000,2025-02-07
116,74,8,8000,2025-01-17
117,74,4,4000,2024-06-29
118,75,2,2000,2024-11-07
119,75,3,3000,2024-09-21
120,75,4,4000,2025-05-23
121,76,10,10000,2024-11-19
122,76,3,3000,2024-10-11
123,76,10,10000,2024-06-06
124,78,7,7000,2025-03-30
125,78,2,2000,2024-07-18
126,78,5,5000,2025-03-20
127,80,1,1000,2025-02-18
128,80,7,7000,2024-06-09
129,81,10,10000,2024-08-08
130,81,8,8000,2025-02-08
131,81,9,9000,2024-08-11
132,82,4,4000,2024-09-07
133,82,7,7000,2024-12-12
134,84,9,9000,2024-06-07
135,86,4,4000,2024-06-17
136,86,3,3000,2024-07-08
137,87,6,6000,2025-01-09
138,87,9,9000,2024-12-29
139,89,9,9000,2024-08-23
140,90,5,5000,2025-04-29
141,90,2,2000,2024-12-25
142,91,9,9000,2025-04-11
143,91,2,2000,2024-07-04
144,92,5,5000,2025-02-23
145,93,10,10000,2025-03-09
146,94,2,2000,2025-04-12
147,95,10,10000,2024-12-17
148,96,8,8000,2024-12-16
149,98,7,7000,2025-05-02
150,98,6,6000,2024-07-21
151,98,4,4000,2024-06-21
152,100,3,3000,2025-04-19
153,100,9,9000,2024-12-23
154,106,9,9000,2024-11-01
155,106,8,8000,2025-04-06
156,106,3,3000,2024-11-03
157,107,6,6000,2025-01-30
158,107,10,10000,2025-02-20
159,107,1,1000,2025-02-02
160,108,2,2000,2024-11-18
161,108,3,3000,2024-06-11
162,109,5,5000,2024-10-26
163,109,1,1000,2024-08-09
164,109,2,2000,2025-05-12
165,110,5,5000,2024-11-28
166,111,9,9000,2025-04-10
167,112,4,4000,2024-08-11
168,112,8,8000,2024-09-16
169,113,2,2000,2025-04-30
170,113,4,4000,2025-03-15
171,114,10,10000,2024-08-06
172,114,4,4000,2024-08-30
173,114,2,2000,2025-03-10
174,115,9,9000,2024-09-02
175,118,5,5000,2024-12-29
176,118,9,9000,2025-03-14
177,118,10,10000,2025-01-31
178,119,7,7000,2024-09-29
179,120,9,9000,2025-02-08
180,120,3,3000,2024-07-31
181,121,4,4000,2025-01-09
182,121,2,2000,2025-03-01
183,121,2,2000,2024-05-27
184,122,7,7000,2024-07-11
185,122,4,4000,2024-11-06
186,123,5,5000,2025-02-14
187,123,4,4000,2025-01-17
188,124,2,2000,2024-12-11
189,126,5,5000,2025-05-22
190,127,6,6000,2024-05-31
191,127,10,10000,2025-01-07
192,127,10,10000,2024-11-17
193,128,6,6000,2025-02-14
194,128,8,8000,2024-11-14
195,128,4,4000,2024-06-11
196,130,3,3000,2024-10-28
197,131,10,10000,2024-10-12
198,131,5,5000,2025-02-26
199,133,10,10000,2024-08-05
200,134,9,9000,2025-04-21
201,135,9,9000,2025-05-07
202,136,6,6000,2024-06-23
203,136,5,5000,2025-05-14
204,138,4,4000,2024-10-04
205,139,3,3000,2024-05-25
206,141,1,1000,2024-07-27
207,142,4,4000,2024-07-14
208,143,4,4000,2024-11-01
209,143,10,10000,2024-11-26
210,146,7,7000,2024-10-18
211,146,3,3000,2024-10-13
212,147,6,6000,2024-10-25
213,147,6,6000,2025-02-26
214,149,1,1000,2025-03-24
215,149,9,9000,2025-04-15
216,149,9,9000,2025-03-11
217,150,6,6000,2024-09-21
218,150,10,10000,2025-04-10
219,151,9,9000,2025-01-06
220,151,10,10000,2025-02-03
221,151,10,10000,2024-09-19
222,152,3,3000,2024-12-05
223,152,2,2000,2025-04-28
224,152,10,10000,2025-03-12
225,153,8,8000,2024-10-14
226,153,6,6000,2024-11-13
227,153,3,3000,2024-06-17
228,154,5,5000,2024-06-17
229,154,4,4000,2025-03-14
230,154,7,7000,2024-11-05
231,156,6,6000,2025-02-05
232,156,3,3000,2025-01-01
233,156,9,9000,2024-06-20
234,158,4,4000,2024-12-17
235,158,8,8000,2025-05-09
236,158,2,2000,2025-04-28
237,159,10,10000,2024-11-06
238,159,2,2000,2024-06-18
239,159,7,7000,2025-03-09
240,160,5,5000,2024-06-30
241,160,8,8000,2024-08-31
242,161,7,7000,2024-07-29
243,161,4,4000,2025-05-18
244,162,9,9000,2024-07-16
245,163,9,9000,2025-04-24
246,163,2,2000,2024-08-18
247,163,4,4000,2025-04-28
248,164,1,1000,2025-03-12
249,165,1,1000,2024-11-03
250,165,4,4000,2024-09-04
251,166,5,5000,2025-02-21
252,166,6,6000,2025-02-22
253,167,1,1000,2024-12-28
254,168,8,8000,2024-10-21
255,168,3,3000,2024-09-17
256,169,6,6000,2025-04-05
257,169,4,4000,2024-12-15
258,169,4,4000,2024-10-31
259,170,1,1000,2025-02-08
260,170,2,2000,2025-05-12
261,170,3,3000,2024-12-08
262,171,4,4000,2024-10-03
263,171,4,4000,2025-02-16
264,172,10,10000,2025-03-22
265,173,8,8000,2024-11-28
266,174,3,3000,2024-06-08
267,175,5,5000,2024-11-20
268,175,5,5000,2024-06-24
269,176,6,6000,2024-10-23
270,177,10,10000,2025-01-02
271,177,9,9000,2025-02-02
272,178,2,2000,2024-07-31
273,179,7,7000,2025-03-05
274,179,2,2000,2025-05-25
275,180,5,5000,2025-04-28
276,180,7,7000,2025-01-22
277,182,2,2000,2024-09-14
278,184,3,3000,2025-02-16
279,184,4,4000,2025-03-27
280,184,7,7000,2025-01-09
281,185,3,3000,2025-01-12
282,187,10,10000,2024-06-13
283,188,1,1000,2024-07-16
284,189,2,2000,2024-10-10
285,189,3,3000,2025-05-06
286,190,6,6000,2024-08-16
287,190,4,4000,2024-10-22
288,191,7,7000,2024-08-23
289,191,10,10000,2025-02-24
290,192,6,6000,2024-10-16
291,193,7,7000,2024-07-29
292,193,2,2000,2025-03-09
293,195,9,9000,2025-02-14
294,196,10,10000,2025-03-19
295,196,6,6000,2025-01-09
296,196,4,4000,2024-12-19
297,197,1,1000,2024-10-05
298,199,2,2000,2024-07-20
299,200,10,10000,2025-03-08
300,203,10,10000,2024-09-14
301,204,3,3000,2025-02-13
302,204,5,5000,2024-12-07
303,205,4,4000,2024-06-11
304,206,5,5000,2024-07-28
305,206,10,10000,2025-04-14
306,208,2,2000,2025-05-17
307,212,7,7000,2025-04-21
308,213,1,1000,2024-07-16
309,213,7,7000,2024-06-04
310,213,2,2000,2024-06-19
311,215,1,1000,2024-07-01
312,216,4,4000,2025-02-06
313,216,2,2000,2024-12-02
314,217,8,8000,2024-12-07
315,217,2,2000,2024-05-25
316,217,4,4000,2024-12-05
317,218,4,4000,2024-09-23
318,218,7,7000,2025-02-08
319,218,8,8000,2025-02-14
320,219,1,1000,2024-11-15
321,219,8,8000,2024-11-30
322,219,1,1000,2024-08-08
323,220,3,3000,2024-08-07
324,220,1,1000,2025-02-15
325,221,9,9000,2024-05-28
326,221,5,5000,2024-10-15
327,222,4,4000,2024-07-16
328,222,4,4000,2024-06-18
329,222,8,8000,2024-06-01
330,224,5,5000,2025-03-17
331,226,6,6000,2025-03-13
332,227,3,3000,2024-05-25
333,228,5,5000,2025-05-23
334,228,6,6000,2024-10-12
335,228,7,7000,2025-05-23
336,229,1,1000,2024-12-04
337,229,5,5000,2024-10-08
338,229,7,7000,2024-12-25
339,230,3,3000,2025-05-13
340,231,10,10000,2025-02-03
341,231,2,2000,2024-09-01
342,231,7,7000,2025-04-23
343,233,3,3000,2025-01-11
344,233,9,9000,2025-02-04
345,233,3,3000,2024-11-18
346,234,9,9000,2025-01-20
347,234,10,10000,2025-04-20
348,235,8,8000,2024-10-03
349,235,6,6000,2024-10-26
350,235,10,10000,2024-08-23
351,239,3,3000,2025-04-02
352,240,4,4000,2025-03-14
353,240,6,6000,2024-07-29
354,241,9,9000,2024-07-11
355,241,2,2000,2024-11-15
356,244,2,2000,2024-07-31
357,245,6,6000,2024-06-12
358,246,1,1000,2025-05-24
359,246,1,1000,2025-04-02
360,247,8,8000,2024-11-18
361,247,1,1000,2024-08-06
362,247,9,9000,2024-07-09
363,248,10,10000,2024-08-19
364,249,4,4000,2024-07-22
365,250,3,3000,2025-05-18
366,252,3,3000,2024-10-08
367,252,1,1000,2024-07-23
368,252,9,9000,2025-03-21
369,253,9,9000,2025-05-16
370,253,1,1000,2025-02-18
371,254,2,2000,2025-01-29
372,254,1,1000,2025-02-22
373,254,2,2000,2024-08-14
374,255,5,5000,2025-01-23
375,255,3,3000,2025-05-03
376,255,3,3000,2024-07-14
377,257,1,1000,2024-10-21
378,257,5,5000,2024-07-24
379,258,1,1000,2024-07-09
380,259,3,3000,2025-04-17
381,259,3,3000,2025-02-27
382,260,7,7000,2024-10-04
383,261,6,6000,2025-04-19
384,262,5,5000,2024-12-05
385,262,7,7000,2024-08-18
386,263,4,4000,2025-02-11
387,263,6,6000,2024-10-01
388,264,4,4000,2024-10-19
389,264,3,3000,2025-03-21
390,264,3,3000,2025-04-16
391,265,9,9000,2025-03-26
392,266,2,2000,2025-05-14
393,266,5,5000,2025-04-29
394,266,5,5000,2024-09-25
395,267,10,10000,2025-05-23
396,267,3,3000,2024-12-05
397,268,6,6000,2024-09-19
398,270,10,10000,2024-06-18
399,270,2,2000,2024-07-26
400,271,7,7000,2025-03-21
401,271,8,8000,2025-02-18
402,271,7,7000,2025-03-09
403,275,4,4000,2024-05-27
404,276,8,8000,2024-07-21
405,276,9,9000,2025-05-20
406,276,7,7000,2025-02-17
407,277,3,3000,2024-11-10
408,278,2,2000,2024-07-22
409,279,6,6000,2025-02-06
410,279,5,5000,2024-08-02
411,279,6,6000,2024-10-28
412,280,9,9000,2024-07-17
413,280,1,1000,2025-03-06
414,280,10,10000,2025-01-11
415,281,8,8000,2025-05-14
416,281,4,4000,2025-04-08
417,281,9,9000,2024-05-25
418,284,4,4000,2024-07-21
419,285,2,2000,2024-07-14
420,285,10,10000,2025-05-02
421,288,1,1000,2025-01-22
422,288,6,6000,2025-02-22
423,289,10,10000,2024-06-13
424,290,5,5000,2024-05-30
425,291,3,3000,2025-04-11
426,291,1,1000,2025-03-29
427,292,8,8000,2025-02-14
428,292,4,4000,2024-06-28
429,293,7,7000,2025-05-02
430,293,10,10000,2024-07-21
431,295,4,4000,2024-08-22
432,296,5,5000,2024-06-17
433,297,4,4000,2025-01-26
434,297,9,9000,2024-08-24
435,298,10,10000,2024-06-22
436,299,4,4000,2024-11-02
437,299,5,5000,2024-07-15
438,299,8,8000,2025-01-21
439,301,4,4000,2024-10-02
440,301,8,8000,2024-07-17
441,302,1,1000,2025-02-03
442,302,3,3000,2025-03-04
443,303,8,8000,2025-02-06
444,303,9,9000,2024-06-05
445,303,2,2000,2024-12-05
446,304,3,3000,2025-02-02
447,304,7,7000,2024-12-07
448,304,2,2000,2024-09-08
449,305,5,5000,2024-12-25
450,305,7,7000,2024-08-11
451,306,8,8000,2024-06-02
452,308,9,9000,2024-10-04
453,309,4,4000,2024-07-23
454,310,4,4000,2024-10-23
455,310,2,2000,2024-10-23
456,311,6,6000,2024-10-05
457,311,8,8000,2024-09-10
458,311,4,4000,2025-03-09
459,312,8,8000,2024-12-13
460,314,5,5000,2025-02-10
461,314,9,9000,2024-12-11
462,314,5,5000,2025-02-07
463,315,9,9000,2024-06-23
464,316,5,5000,2024-10-12
465,316,1,1000,2024-08-12
466,316,8,8000,2024-07-20
467,317,9,9000,2024-08-27
468,317,2,2000,2024-09-01
469,317,6,6000,2024-09-26
470,318,1,1000,2025-03-26
471,318,5,5000,2024-12-16
472,319,1,1000,2025-05-17
473,319,8,8000,2024-08-23
474,319,6,6000,2024-11-18
475,322,2,2000,2025-03-13
476,323,1,1000,2025-02-02
477,323,5,5000,2024-07-08
478,323,2,2000,2024-06-09
479,324,4,4000,2025-05-18
480,324,7,7000,2025-03-27
481,325,2,2000,2025-01-18
482,326,1,1000,2024-07-02
483,326,3,3000,2025-05-02
484,326,4,4000,2025-03-22
485,329,4,4000,2025-02-09
486,329,7,7000,2024-11-24
487,330,2,2000,2024-11-28
488,330,6,6000,2025-04-15
489,330,1,1000,2024-09-12
490,332,8,8000,2025-01-15
491,332,4,4000,2024-10-22
492,333,8,8000,2024-07-08
493,333,1,1000,2024-07-07
494,333,6,6000,2025-05-10
495,334,9,9000,2024-08-05
496,334,10,10000,2025-05-15
497,335,5,5000,2025-02-08
498,335,5,5000,2025-01-22
499,336,2,2000,2024-11-20
500,337,4,4000,2025-05-16
501,338,9,9000,2024-12-19
502,338,3,3000,2025-03-08
503,338,3,3000,2024-09-14
504,340,3,3000,2025-02-15
505,340,7,7000,2024-09-27
506,341,4,4000,2025-03-14
507,341,9,9000,2024-11-19
508,341,3,3000,2025-02-20
509,342,9,9000,2024-12-27
510,342,10,10000,2025-04-18
511,342,8,8000,2025-01-18
512,343,7,7000,2024-11-16
513,343,1,1000,2025-03-10
514,345,2,2000,2024-11-19
515,347,6,6000,2025-05-24
516,347,6,6000,2024-09-29
517,347,4,4000,2024-09-10
518,349,7,7000,2024-07-15
519,351,9,9000,2025-05-23
520,351,2,2000,2025-02-26
521,351,6,6000,2024-08-13
522,352,3,3000,2025-05-05
523,352,9,9000,2025-03-27
524,352,2,2000,2024-05-31
525,353,4,4000,2024-06-26
526,354,1,1000,2024-07-31
527,355,6,6000,2025-03-13
528,356,1,1000,2024-11-18
529,356,4,4000,2025-02-17
530,357,3,3000,2024-07-03
531,358,8,8000,2025-03-02
532,359,3,3000,2024-06-08
533,360,1,1000,2024-10-16
534,360,4,4000,2024-12-30
535,361,7,7000,2024-10-21
536,361,7,7000,2024-12-02
537,361,4,4000,2025-01-14
538,362,9,9000,2024-06-30
539,362,10,10000,2024-07-24
540,364,8,8000,2024-11-30
541,364,3,3000,2024-08-07
542,364,7,7000,2025-03-02
543,366,8,8000,2025-04-27
544,366,7,7000,2025-02-18
545,367,8,8000,2024-10-18
546,367,6,6000,2024-06-02
547,367,10,10000,2024-06-08
548,368,10,10000,2025-01-22
549,368,1,1000,2024-12-15
550,369,4,4000,2024-08-09
551,371,4,4000,2024-09-27
552,373,4,4000,2024-05-31
553,373,7,7000,2025-02-27
554,373,4,4000,2024-12-03
555,374,1,1000,2025-02-13
556,374,6,6000,2024-06-19
557,374,6,6000,2024-09-15
558,375,7,7000,2024-11-15
559,376,9,9000,2025-05-22
560,377,3,3000,2024-08-13
561,377,8,8000,2025-02-11
562,377,3,3000,2024-11-05
563,378,9,9000,2024-11-19
564,378,2,2000,2025-03-25
565,381,7,7000,2024-08-07
566,382,7,7000,2025-01-31
567,383,10,10000,2024-07-25
568,383,3,3000,2024-12-10
569,384,9,9000,2024-09-01
570,384,10,10000,2025-01-25
571,384,9,9000,2024-09-30
572,385,5,5000,2024-08-29
573,386,5,5000,2024-07-24
574,386,10,10000,2025-03-23
575,386,3,3000,2025-01-13
576,387,8,8000,2024-07-15
577,387,5,5000,2025-03-16
578,387,7,7000,2024-12-24
579,388,7,7000,2024-10-08
580,388,6,6000,2025-04-24
581,388,6,6000,2024-12-12
582,389,3,3000,2025-02-16
583,389,5,5000,2024-06-01
584,389,9,9000,2024-12-18
585,390,10,10000,2024-11-26
586,391,4,4000,2024-09-04
587,391,8,8000,2024-11-13
588,392,8,8000,2024-06-28
589,393,2,2000,2024-10-02
590,393,10,10000,2025-03-10
591,394,7,7000,2024-11-16
592,394,5,5000,2025-05-13
593,394,3,3000,2025-04-04
594,395,6,6000,2025-01-13
595,395,10,10000,2025-04-20
596,397,4,4000,2024-12-03
597,397,3,3000,2025-03-11
598,397,8,8000,2024-09-17
599,398,6,6000,2024-07-22
600,399,5,5000,2024-08-09
601,400,2,2000,2024-11-20
602,400,5,5000,2025-01-02
603,400,6,6000,2025-01-04
604,402,6,6000,2024-10-01
605,402,7,7000,2024-12-29
606,402,6,6000,2024-10-08
607,403,10,10000,2025-04-13
608,404,2,2000,2024-07-23
609,404,10,10000,2025-04-12
610,405,10,10000,2024-10-03
611,405,5,5000,2024-06-28
612,406,1,1000,2025-04-18
613,406,10,10000,2024-07-09
614,406,2,2000,2024-11-28
615,407,10,10000,2024-06-05
616,408,7,7000,2024-12-01
617,408,3,3000,2024-12-03
618,409,2,2000,2025-02-09
619,410,1,1000,2025-03-16
620,413,6,6000,2024-06-08
621,413,10,10000,2024-10-08
622,413,3,3000,2024-05-27
623,414,2,2000,2025-02-05
624,414,5,5000,2024-08-27
625,414,5,5000,2024-12-31
626,415,6,6000,2024-09-22
627,415,1,1000,2024-07-11
628,415,8,8000,2025-05-01
629,416,2,2000,2024-12-11
630,419,2,2000,2024-06-15
631,419,9,9000,2025-04-07
632,419,5,5000,2024-08-31
633,420,5,5000,2025-02-28
634,420,7,7000,2024-12-01
635,420,3,3000,2025-03-07
636,421,9,9000,2025-04-17
637,422,9,9000,2024-07-18
638,422,10,10000,2024-09-16
639,422,7,7000,2024-10-19
640,425,10,10000,2025-01-26
641,425,6,6000,2024-08-29
642,425,7,7000,2024-11-14
643,426,7,7000,2025-02-13
644,427,9,9000,2024-06-12
645,427,4,4000,2025-05-13
646,427,1,1000,2025-03-07
647,428,8,8000,2025-05-09
648,428,10,10000,2024-07-10
649,429,6,6000,2024-09-21
650,430,2,2000,2025-04-10
651,434,10,10000,2025-01-11
652,435,8,8000,2025-05-14
653,436,3,3000,2025-01-08
654,437,9,9000,2024-11-07
655,437,2,2000,2024-10-09
656,437,10,10000,2025-01-07
657,438,7,7000,2024-10-15
658,439,6,6000,2024-08-03
659,439,10,10000,2024-12-07
660,439,9,9000,2025-04-21
661,440,2,2000,2025-02-15
662,440,7,7000,2024-06-25
663,440,4,4000,2025-04-27
664,442,9,9000,2024-06-11
665,443,10,10000,2024-06-23
666,443,9,9000,2024-06-20
667,444,4,4000,2024-07-06
668,444,2,2000,2024-07-19
669,445,8,8000,2024-12-29
670,446,10,10000,2024-07-20
671,446,8,8000,2024-09-06
672,446,10,10000,2025-02-13
673,449,10,10000,2025-04-06
674,450,1,1000,2025-03-27
675,451,6,6000,2024-05-30
676,451,8,8000,2024-11-23
677,452,2,2000,2025-01-25
678,453,7,7000,2025-03-27
679,454,1,1000,2024-08-15
680,454,6,6000,2025-05-21
681,454,1,1000,2024-07-11
682,458,7,7000,2024-12-30
683,458,10,10000,2024-09-26
684,458,9,9000,2024-06-02
685,459,1,1000,2025-01-04
686,459,6,6000,2025-01-30
687,459,5,5000,2024-09-15
688,464,2,2000,2025-04-04
689,465,10,10000,2024-11-03
690,466,2,2000,2024-09-28
691,467,3,3000,2024-05-25
692,467,4,4000,2024-06-13
693,467,3,3000,2025-01-31
694,468,8,8000,2025-03-08
695,472,4,4000,2024-12-01
696,473,10,10000,2024-09-24
697,474,1,1000,2024-12-21
698,475,10,10000,2025-05-07
699,475,1,1000,2024-11-01
700,476,5,5000,2025-02-10
701,476,1,1000,2025-03-01
702,478,10,10000,2024-06-17
703,479,4,4000,2024-09-03
704,481,10,10000,2024-12-25
705,481,4,4000,2024-08-07
706,481,1,1000,2025-01-20
707,482,9,9000,2024-11-21
708,482,8,8000,2024-06-15
709,482,4,4000,2024-11-16
710,483,10,10000,2025-01-29
711,484,1,1000,2024-11-02
712,484,6,6000,2024-09-02
713,484,3,3000,2025-05-02
714,485,9,9000,2024-06-09
715,485,5,5000,2025-02-08
716,487,6,6000,2025-05-02
717,487,4,4000,2025-03-08
718,488,7,7000,2025-01-10
719,488,3,3000,2025-01-23
720,488,5,5000,2025-03-07
721,489,9,9000,2024-12-31
722,489,6,6000,2024-12-01
723,489,7,7000,2025-04-02
724,491,1,1000,2025-03-05
725,491,2,2000,2025-05-20
726,491,9,9000,2024-07-24
727,493,6,6000,2025-02-15
728,493,7,7000,2025-05-22
729,493,5,5000,2025-02-20
730,494,6,6000,2024-06-23
731,494,2,2000,2024-08-02
732,495,9,9000,2025-03-21
733,496,10,10000,2024-08-06
734,497,4,4000,2024-07-12
735,497,7,7000,2024-07-17
736,497,1,1000,2024-05-26
737,498,7,7000,2024-11-14
738,498,2,2000,2025-03-07
739,498,4,4000,2024-08-30
740,501,6,6000,2024-05-31
741,501,2,2000,2025-04-24
742,501,2,2000,2024-11-01
743,502,10,10000,2024-06-01
744,503,7,7000,2024-06-20
745,504,2,2000,2024-11-25
746,504,3,3000,2024-06-30
747,505,1,1000,2024-09-22
748,506,7,7000,2025-03-17
749,507,10,10000,2024-06-26
750,507,10,10000,2024-08-15
751,507,2,2000,2025-04-10
752,508,7,7000,2024-09-24
753,509,3,3000,2025-03-08
754,509,8,8000,2024-12-01
755,509,5,5000,2024-12-23
756,510,7,7000,2025-03-23
757,511,7,7000,2024-05-28
758,511,7,7000,2025-05-03
759,511,2,2000,2024-05-26
760,512,4,4000,2024-07-12
761,512,10,10000,2025-03-24
762,512,1,1000,2024-09-13
763,513,8,8000,2024-08-02
764,513,1,1000,2024-06-21
765,513,8,8000,2025-03-18
766,514,2,2000,2024-08-04
767,514,5,5000,2025-05-14
768,515,5,5000,2025-05-17
769,516,4,4000,2025-04-25
770,516,2,2000,2024-09-26
771,516,9,9000,2024-09-30
772,517,5,5000,2025-03-04
773,517,9,9000,2025-04-16
774,519,3,3000,2024-08-16
775,519,3,3000,2025-03-15
776,520,3,3000,2025-05-01
777,520,8,8000,2024-07-09
778,521,4,4000,2025-01-08
779,521,9,9000,2024-12-25
780,521,5,5000,2025-01-29
781,522,5,5000,2024-10-18
782,522,10,10000,2024-12-27
783,522,5,5000,2025-04-12
784,523,2,2000,2025-04-04
785,523,7,7000,2025-02-24
786,524,1,1000,2024-11-05
787,527,6,6000,2024-11-19
788,527,1,1000,2024-12-17
789,527,5,5000,2025-01-30
790,528,6,6000,2024-06-20
791,528,3,3000,2025-03-25
792,529,9,9000,2025-04-08
793,529,10,10000,2025-01-19
794,529,6,6000,2024-09-16
795,530,10,10000,2025-05-12
796,530,9,9000,2024-11-06
797,530,3,3000,2024-11-22
798,531,2,2000,2024-07-13
799,531,1,1000,2024-06-10
800,531,2,2000,2024-06-14
801,532,7,7000,2024-07-30
802,532,6,6000,2024-12-30
803,532,1,1000,2024-11-21
804,533,10,10000,2025-05-15
805,534,9,9000,2025-01-10
806,535,7,7000,2025-03-15
807,535,9,9000,2025-03-08
808,535,4,4000,2024-12-12
809,537,9,9000,2024-06-20
810,538,9,9000,2024-10-30
811,540,7,7000,2024-09-27
812,540,3,3000,2025-04-23
813,541,10,10000,2024-12-08
814,541,10,10000,2024-09-03
815,541,5,5000,2024-08-21
816,542,3,3000,2024-08-09
817,543,9,9000,2025-03-02
818,543,8,8000,2024-10-18
819,545,7,7000,2025-01-29
820,545,7,7000,2025-01-11
821,545,6,6000,2024-07-29
822,546,6,6000,2024-07-23
823,546,2,2000,2024-07-01
824,547,3,3000,2024-11-30
825,547,5,5000,2025-04-25
826,549,3,3000,2024-11-22
827,549,10,10000,2025-05-24
828,549,2,2000,2025-03-26
829,550,3,3000,2024-08-06
830,552,8,8000,2025-01-16
831,552,8,8000,2024-05-26
832,552,8,8000,2024-12-18
833,553,8,8000,2024-09-22
834,554,6,6000,2024-09-16
835,555,4,4000,2025-01-15
836,556,8,8000,2024-05-25
837,556,6,6000,2024-09-13
838,556,9,9000,2024-08-25
839,557,10,10000,2025-03-07
840,558,4,4000,2025-03-05
841,558,4,4000,2025-02-18
842,559,2,2000,2024-07-01
843,560,1,1000,2025-03-08
844,560,9,9000,2025-03-25
845,560,7,7000,2024-12-18
846,561,7,7000,2024-11-05
847,561,3,3000,2024-07-25
848,562,4,4000,2025-02-04
849,563,8,8000,2025-01-10
850,563,3,3000,2024-08-13
851,564,8,8000,2024-07-11
852,564,1,1000,2025-04-24
853,565,10,10000,2024-09-28
854,565,1,1000,2024-09-05
855,566,8,8000,2024-08-05
856,566,10,10000,2024-06-27
857,567,6,6000,2024-11-30
858,567,3,3000,2024-10-30
859,568,9,9000,2024-07-27
860,568,5,5000,2024-06-21
861,568,4,4000,2025-03-02
862,569,8,8000,2024-12-29
863,569,4,4000,2024-08-14
864,570,7,7000,2025-01-04
865,570,3,3000,2025-01-25
866,570,7,7000,2025-01-26
867,571,3,3000,2024-11-18
868,571,8,8000,2025-02-18
869,572,1,1000,2025-02-05
870,572,3,3000,2024-11-25
871,572,4,4000,2024-09-08
872,573,2,2000,2024-08-14
873,573,2,2000,2024-10-06
874,573,6,6000,2024-11-22
875,574,5,5000,2024-12-11
876,574,1,1000,2024-12-20
877,575,7,7000,2024-08-03
878,575,9,9000,2024-09-23
879,576,2,2000,2024-05-25
880,577,1,1000,2024-09-27
881,579,1,1000,2024-07-13
882,579,10,10000,2025-05-05
883,580,5,5000,2024-12-04
884,581,4,4000,2025-01-23
885,581,4,4000,2024-07-14
886,582,8,8000,2025-03-14
887,582,5,5000,2025-05-21
888,583,6,6000,2025-01-11
889,584,9,9000,2024-07-27
890,584,10,10000,2025-01-03
891,584,4,4000,2024-06-19
892,585,3,3000,2025-04-08
893,586,10,10000,2024-06-27
894,586,1,1000,2024-05-26
895,586,5,5000,2025-01-13
896,587,2,2000,2024-09-21
897,587,9,9000,2024-07-31
898,587,1,1000,2024-05-30
899,589,3,3000,2025-01-22
900,589,10,10000,2025-01-24
901,590,9,9000,2024-07-11
902,590,5,5000,2025-04-01
903,591,2,2000,2024-11-14
904,591,10,10000,2025-02-19
905,592,6,6000,2024-11-26
906,592,4,4000,2024-09-21
907,593,8,8000,2024-07-29
908,596,2,2000,2024-07-11
909,596,8,8000,2024-12-23
910,599,6,6000,2024-07-07
911,600,3,3000,2025-03-25
912,601,10,10000,2025-05-13
913,601,10,10000,2024-11-27
914,602,10,10000,2025-04-30
915,602,4,4000,2024-12-28
916,604,7,7000,2024-11-17
917,605,10,10000,2025-04-06
918,605,10,10000,2024-08-11
919,605,10,10000,2024-10-13
920,606,7,7000,2025-02-02
921,606,5,5000,2025-05-23
922,606,8,8000,2024-06-20
923,607,1,1000,2025-01-04
924,607,4,4000,2025-01-13
925,608,10,10000,2025-01-10
926,611,10,10000,2024-10-13
927,611,10,10000,2025-04-04
928,611,4,4000,2025-03-16
929,612,1,1000,2025-02-10
930,612,2,2000,2025-02-17
931,614,6,6000,2024-06-20
932,614,1,1000,2025-04-22
933,614,9,9000,2024-10-19
934,616,3,3000,2025-01-27
935,616,7,7000,2025-04-04
936,616,7,7000,2025-01-25
937,617,4,4000,2024-11-24
938,617,1,1000,2025-02-20
939,618,4,4000,2024-08-29
940,618,2,2000,2024-08-31
941,618,3,3000,2024-09-05
942,619,4,4000,2024-08-21
943,620,1,1000,2024-06-19
944,620,1,1000,2024-11-02
945,620,2,2000,2024-12-16
946,621,2,2000,2024-10-01
947,622,2,2000,2024-10-02
948,622,8,8000,2025-02-26
949,622,1,1000,2025-04-05
950,625,2,2000,2025-01-10
951,625,5,5000,2025-05-06
952,628,8,8000,2024-08-02
953,632,4,4000,2025-01-13
954,633,10,10000,2025-02-09
955,633,5,5000,2024-10-24
956,634,1,1000,2024-06-01
957,636,1,1000,2025-03-19
958,636,7,7000,2024-11-07
959,637,3,3000,2025-01-19
960,637,5,5000,2024-07-05
961,638,3,3000,2025-03-16
962,639,5,5000,2024-10-16
963,639,9,9000,2024-07-03
964,639,2,2000,2024-05-31
965,640,3,3000,2025-05-01
966,641,5,5000,2024-08-26
967,641,9,9000,2025-03-09
968,643,6,6000,2024-06-12
969,643,7,7000,2025-04-23
970,643,3,3000,2024-11-09
971,644,6,6000,2024-07-17
972,644,3,3000,2025-05-05
973,644,2,2000,2024-08-25
974,645,2,2000,2025-02-24
975,645,10,10000,2025-01-10
976,647,5,5000,2024-08-10
977,647,7,7000,2024-08-21
978,647,9,9000,2024-10-13
979,648,5,5000,2024-08-16
980,649,2,2000,2025-04-06
981,649,8,8000,2024-08-10
982,650,4,4000,2024-06-07
983,652,8,8000,2024-08-17
984,652,8,8000,2025-04-08
985,654,3,3000,2024-12-13
986,654,4,4000,2024-12-04
987,655,8,8000,2024-11-30
988,655,5,5000,2025-01-27
989,655,5,5000,2024-08-26
990,657,6,6000,2025-02-08
991,659,6,6000,2024-10-05
992,659,3,3000,2024-10-09
993,660,8,8000,2024-09-01
994,660,3,3000,2025-05-10
995,660,1,1000,2024-08-02
996,661,6,6000,2025-05-20
997,661,6,6000,2025-05-11
998,661,3,3000,2024-08-11
999,662,2,2000,2025-05-05
1000,662,10,10000,2024-11-08
1001,662,5,5000,2025-04-20
1002,663,6,6000,2024-08-26
1003,663,10,10000,2024-07-24
1004,663,6,6000,2025-04-07
1005,665,8,8000,2024-10-05
1006,665,2,2000,2024-09-11
1007,666,9,9000,2024-07-30
1008,667,2,2000,2024-09-17
1009,667,9,9000,2024-10-22
1010,668,7,7000,2024-12-21
1011,668,3,3000,2025-01-06
1012,671,6,6000,2025-03-28
1013,671,8,8000,2025-02-26
1014,671,8,8000,2024-11-10
1015,672,1,1000,2024-08-11
1016,673,5,5000,2025-05-07
1017,673,3,3000,2025-02-24
1018,673,8,8000,2024-07-19
1019,674,7,7000,2024-09-17
1020,674,10,10000,2025-02-19
1021,674,1,1000,2025-01-29
1022,675,4,4000,2024-10-03
1023,675,3,3000,2024-09-28
1024,675,1,1000,2024-12-29
1025,677,7,7000,2024-05-30
1026,677,1,1000,2025-05-25
1027,677,4,4000,2025-01-24
1028,679,1,1000,2024-10-05
1029,679,9,9000,2025-04-08
1030,680,5,5000,2024-08-17
1031,680,3,3000,2025-05-25
1032,681,1,1000,2025-03-01
1033,681,9,9000,2025-05-13
1034,682,7,7000,2025-02-10
1035,682,2,2000,2025-04-04
1036,682,2,2000,2024-07-28
1037,683,7,7000,2025-02-23
1038,683,6,6000,2024-10-08
1039,683,9,9000,2024-07-22
1040,684,5,5000,2024-08-27
1041,684,1,1000,2024-10-30
1042,685,5,5000,2024-10-31
1043,685,8,8000,2024-06-23
1044,685,1,1000,2025-03-19
1045,686,9,9000,2024-08-24
1046,686,3,3000,2024-06-02
1047,686,3,3000,2024-07-08
1048,687,6,6000,2024-12-09
1049,688,5,5000,2024-10-04
1050,688,5,5000,2025-01-28
1051,688,4,4000,2025-01-17
1052,689,7,7000,2024-08-17
1053,691,8,8000,2024-08-28
1054,691,1,1000,2024-11-27
1055,691,6,6000,2024-08-11
1056,692,8,8000,2025-01-24
1057,692,9,9000,2025-04-18
1058,693,5,5000,2024-09-07
1059,693,4,4000,2025-03-08
1060,694,6,6000,2024-12-23
1061,694,4,4000,2024-07-07
1062,695,10,10000,2024-06-06
1063,695,6,6000,2024-07-21
1064,695,10,10000,2025-04-27
1065,696,10,10000,2024-11-19
1066,696,9,9000,2025-05-01
1067,696,8,8000,2024-10-29
1068,697,8,8000,2024-08-06
1069,697,3,3000,2024-11-14
1070,700,1,1000,2024-11-06
1071,701,1,1000,2024-06-06
1072,701,7,7000,2025-03-19
1073,701,4,4000,2024-09-17
1074,702,2,2000,2024-08-02
1075,702,9,9000,2025-01-10
1076,702,5,5000,2024-10-10
1077,703,9,9000,2024-09-13
1078,703,3,3000,2024-12-17
1079,705,3,3000,2024-12-19
1080,707,3,3000,2024-08-19
1081,708,10,10000,2025-01-08
1082,708,4,4000,2024-08-19
1083,709,6,6000,2025-05-19
1084,710,8,8000,2025-03-05
1085,710,3,3000,2024-12-09
1086,710,8,8000,2025-03-09
1087,711,5,5000,2025-03-17
1088,712,5,5000,2024-09-27
1089,713,10,10000,2025-01-05
1090,713,1,1000,2025-05-13
1091,714,8,8000,2025-04-25
1092,715,6,6000,2025-03-04
1093,716,6,6000,2025-04-22
1094,716,6,6000,2025-04-20
1095,717,10,10000,2025-05-24
1096,717,1,1000,2025-02-14
1097,717,4,4000,2024-11-22
1098,718,2,2000,2024-06-29
1099,718,5,5000,2024-12-30
1100,720,6,6000,2024-12-13
1101,722,9,9000,2024-09-03
1102,722,7,7000,2025-01-08
1103,724,8,8000,2025-03-08
1104,725,6,6000,2025-05-09
1105,727,9,9000,2025-04-15
1106,727,8,8000,2024-11-05
1107,727,4,4000,2024-09-22
1108,728,2,2000,2025-02-02
1109,728,8,8000,2025-04-05
1110,730,3,3000,2025-04-15
1111,731,9,9000,2025-01-04
1112,733,5,5000,2025-02-24
1113,734,4,4000,2024-09-26
1114,734,3,3000,2024-12-24
1115,734,10,10000,2025-01-17
1116,735,2,2000,2024-08-10
1117,735,7,7000,2024-12-01
1118,736,7,7000,2024-10-22
1119,736,1,1000,2025-03-23
1120,737,8,8000,2024-10-10
1121,737,8,8000,2025-04-22
1122,738,4,4000,2024-12-17
1123,738,10,10000,2025-03-12
1124,738,1,1000,2024-08-21
1125,741,2,2000,2024-07-27
1126,742,9,9000,2025-02-12
1127,745,1,1000,2024-10-07
1128,745,5,5000,2024-11-11
1129,745,4,4000,2024-11-02
1130,747,10,10000,2024-09-15
1131,747,6,6000,2024-11-04
1132,747,3,3000,2024-09-25
1133,748,3,3000,2025-05-01
1134,748,1,1000,2024-06-10
1135,750,9,9000,2024-05-27
1136,750,6,6000,2024-10-02
1137,751,3,3000,2024-12-12
1138,752,10,10000,2024-08-13
1139,752,3,3000,2024-05-26
1140,753,8,8000,2025-03-09
1141,753,5,5000,2025-04-04
1142,753,3,3000,2024-08-21
1143,754,5,5000,2025-01-09
1144,755,3,3000,2025-05-23
1145,755,1,1000,2025-05-08
1146,755,10,10000,2025-02-13
1147,757,10,10000,2025-03-06
1148,757,4,4000,2024-10-02
1149,757,3,3000,2025-02-05
1150,758,8,8000,2024-12-03
1151,758,3,3000,2024-11-26
1152,758,9,9000,2024-10-09
1153,759,7,7000,2024-08-28
1154,759,1,1000,2024-05-31
1155,760,10,10000,2024-12-31
1156,760,4,4000,2024-12-29
1157,760,6,6000,2024-11-16
1158,761,3,3000,2025-03-04
1159,761,3,3000,2024-12-02
1160,761,9,9000,2024-10-17
1161,762,2,2000,2024-09-04
1162,763,10,10000,2025-02-24
1163,767,8,8000,2024-06-29
1164,767,4,4000,2024-08-08
1165,767,4,4000,2024-09-04
1166,768,2,2000,2024-12-21
1167,771,6,6000,2024-06-10
1168,772,1,1000,2025-02-03
1169,773,3,3000,2025-02-20
1170,774,7,7000,2024-07-14
1171,776,9,9000,2024-08-21
1172,776,8,8000,2024-12-08
1173,776,2,2000,2024-11-09
1174,777,2,2000,2024-08-15
1175,778,6,6000,2024-08-14
1176,778,9,9000,2024-08-07
1177,780,2,2000,2024-09-03
1178,780,8,8000,2024-10-11
1179,781,9,9000,2025-04-20
1180,781,3,3000,2024-06-26
1181,781,8,8000,2024-07-12
1182,783,10,10000,2025-01-18
1183,783,6,6000,2024-10-04
1184,783,6,6000,2024-05-31
1185,784,3,3000,2025-02-22
1186,784,1,1000,2025-01-07
1187,784,9,9000,2024-09-13
1188,785,3,3000,2025-04-05
1189,786,8,8000,2025-02-06
1190,786,7,7000,2024-09-25
1191,788,5,5000,2025-01-12
1192,788,8,8000,2025-03-03
1193,788,10,10000,2024-11-07
1194,792,1,1000,2024-09-07
1195,792,5,5000,2024-10-08
1196,795,2,2000,2024-12-20
1197,795,8,8000,2024-06-24
1198,797,10,10000,2024-12-06
1199,797,7,7000,2024-07-14
1200,797,8,8000,2024-10-12
1201,798,5,5000,2024-10-07
1202,798,3,3000,2025-05-04
1203,799,8,8000,2024-09-21
1204,799,7,7000,2025-04-14
1205,800,8,8000,2024-11-23
1206,800,4,4000,2024-12-17
1207,800,1,1000,2024-12-25
1208,801,9,9000,2024-10-17
1209,801,6,6000,2025-01-10
1210,802,4,4000,2024-11-21
1211,802,4,4000,2024-10-27
1212,803,3,3000,2025-05-10
1213,804,7,7000,2025-03-10
1214,804,10,10000,2025-05-18
1215,804,7,7000,2025-01-24
1216,808,4,4000,2025-02-03
1217,808,9,9000,2024-08-24
1218,809,4,4000,2024-09-10
1219,809,2,2000,2024-09-03
1220,810,10,10000,2024-05-30
1221,810,7,7000,2024-09-20
1222,812,5,5000,2024-12-15
1223,812,4,4000,2025-01-19
1224,812,9,9000,2025-05-02
1225,813,5,5000,2024-07-09
1226,813,2,2000,2024-05-31
1227,814,1,1000,2024-06-22
1228,814,1,1000,2025-05-23
1229,815,6,6000,2024-11-04
1230,815,8,8000,2024-07-10
1231,815,8,8000,2025-03-25
1232,816,8,8000,2024-08-20
1233,816,4,4000,2024-08-09
1234,816,3,3000,2024-10-28
1235,817,7,7000,2025-02-26
1236,817,6,6000,2024-09-18
1237,817,6,6000,2024-12-14
1238,818,9,9000,2024-11-05
1239,821,9,9000,2024-07-22
1240,821,10,10000,2025-04-21
1241,822,1,1000,2024-08-15
1242,822,5,5000,2024-07-09
1243,823,8,8000,2024-11-05
1244,825,9,9000,2025-03-02
1245,825,4,4000,2024-07-30
1246,827,10,10000,2024-07-21
1247,827,7,7000,2024-05-25
1248,827,3,3000,2024-09-27
1249,828,3,3000,2024-09-26
1250,828,9,9000,2025-03-03
1251,832,5,5000,2025-02-13
1252,833,1,1000,2025-02-08
1253,833,3,3000,2024-11-14
1254,833,8,8000,2024-06-13
1255,834,5,5000,2024-10-07
1256,834,7,7000,2024-11-16
1257,834,6,6000,2025-03-17
1258,836,9,9000,2025-03-17
1259,836,8,8000,2024-10-13
1260,837,6,6000,2024-07-02
1261,837,5,5000,2025-01-29
1262,837,9,9000,2024-05-31
1263,841,10,10000,2025-04-19
1264,842,1,1000,2024-05-27
1265,842,10,10000,2024-12-28
1266,843,4,4000,2024-07-22
1267,844,2,2000,2025-02-21
1268,845,5,5000,2024-11-09
1269,845,2,2000,2024-08-27
1270,846,8,8000,2024-06-24
1271,846,2,2000,2024-10-14
1272,847,2,2000,2024-06-16
1273,847,8,8000,2025-04-06
1274,848,6,6000,2024-11-15
1275,851,1,1000,2025-01-28
1276,851,2,2000,2025-05-05
1277,852,9,9000,2024-10-13
1278,853,5,5000,2025-04-16
1279,853,3,3000,2024-07-03
1280,855,10,10000,2024-08-24
1281,855,1,1000,2025-03-29
1282,855,3,3000,2024-11-08
1283,856,1,1000,2024-10-09
1284,857,7,7000,2025-03-04
1285,857,10,10000,2024-07-22
1286,858,5,5000,2025-04-15
1287,858,5,5000,2024-08-10
1288,861,7,7000,2024-11-14
1289,861,10,10000,2024-08-22
1290,861,2,2000,2025-01-08
1291,863,4,4000,2024-06-21
1292,863,6,6000,2025-01-18
1293,863,7,7000,2025-04-27
1294,864,6,6000,2024-10-02
1295,866,5,5000,2025-05-05
1296,867,10,10000,2024-08-10
1297,867,9,9000,2025-05-13
1298,868,4,4000,2025-05-14
1299,868,9,9000,2025-03-11
1300,869,8,8000,2025-03-25
1301,872,5,5000,2024-08-25
1302,873,9,9000,2024-09-08
1303,873,10,10000,2025-05-10
1304,874,8,8000,2024-06-06
1305,874,1,1000,2025-05-22
1306,875,9,9000,2025-03-21
1307,875,8,8000,2025-05-19
1308,875,2,2000,2024-08-18
1309,876,7,7000,2024-06-29
1310,877,6,6000,2024-10-08
1311,877,4,4000,2024-06-12
1312,877,6,6000,2025-05-05
1313,878,7,7000,2025-02-18
1314,878,8,8000,2024-09-16
1315,878,8,8000,2024-12-10
1316,879,9,9000,2024-12-01
1317,879,4,4000,2025-04-05
1318,882,4,4000,2024-07-18
1319,882,5,5000,2024-11-13
1320,883,9,9000,2025-02-04
1321,883,10,10000,2024-08-14
1322,885,9,9000,2024-10-31
1323,885,1,1000,2025-01-30
1324,885,7,7000,2024-09-15
1325,886,5,5000,2025-01-17
1326,886,2,2000,2024-07-09
1327,888,7,7000,2024-08-09
1328,888,1,1000,2024-07-04
1329,889,5,5000,2024-12-23
1330,889,9,9000,2025-03-13
1331,890,8,8000,2024-05-28
1332,891,9,9000,2025-03-16
1333,892,9,9000,2024-10-16
1334,892,4,4000,2025-02-05
1335,892,8,8000,2025-02-17
1336,893,3,3000,2025-03-05
1337,893,10,10000,2024-09-21
1338,893,7,7000,2025-04-13
1339,894,9,9000,2025-02-04
1340,896,4,4000,2025-05-08
1341,896,7,7000,2025-05-14
1342,898,9,9000,2025-01-25
1343,898,8,8000,2024-09-08
1344,899,9,9000,2024-12-01
1345,899,1,1000,2024-11-08
1346,899,8,8000,2024-10-31
1347,900,6,6000,2025-03-13
1348,900,8,8000,2025-04-11
1349,900,6,6000,2024-12-13
1350,901,3,3000,2025-01-05
1351,902,6,6000,2025-02-15
1352,902,4,4000,2025-03-12
1353,902,9,9000,2024-11-28
1354,904,5,5000,2024-08-21
1355,905,4,4000,2024-10-12
1356,905,9,9000,2024-07-27
1357,908,7,7000,2024-09-19
1358,908,7,7000,2024-12-10
1359,908,10,10000,2024-06-25
1360,909,4,4000,2025-03-08
1361,910,2,2000,2024-12-21
1362,910,4,4000,2025-05-25
1363,911,3,3000,2024-09-25
1364,911,3,3000,2025-01-09
1365,911,6,6000,2024-08-24
1366,912,7,7000,2024-05-28
1367,913,8,8000,2024-09-10
1368,914,8,8000,2024-07-22
1369,914,1,1000,2024-08-31
1370,915,4,4000,2024-10-31
1371,915,1,1000,2024-12-24
1372,916,8,8000,2024-09-19
1373,917,10,10000,2025-01-15
1374,917,3,3000,2024-08-18
1375,918,4,4000,2025-03-08
1376,918,4,4000,2024-11-20
1377,918,8,8000,2025-02-19
1378,920,10,10000,2025-01-07
1379,920,8,8000,2025-01-24
1380,920,3,3000,2024-12-09
1381,921,2,2000,2024-07-08
1382,922,3,3000,2025-01-08
1383,924,9,9000,2024-11-25
1384,924,8,8000,2025-04-19
1385,926,2,2000,2024-08-04
1386,927,9,9000,2024-06-11
1387,931,10,10000,2024-12-10
1388,931,6,6000,2024-10-23
1389,931,7,7000,2025-03-13
1390,932,9,9000,2024-06-14
1391,932,1,1000,2025-03-30
1392,933,8,8000,2024-07-04
1393,933,1,1000,2024-11-16
1394,934,8,8000,2025-04-28
1395,934,1,1000,2024-06-24
1396,935,9,9000,2025-04-28
1397,935,10,10000,2024-08-16
1398,936,4,4000,2024-09-28
1399,936,6,6000,2025-03-10
1400,936,6,6000,2024-07-07
1401,938,7,7000,2025-03-04
1402,939,10,10000,2024-09-07
1403,939,6,6000,2025-02-28
1404,940,1,1000,2024-11-11
1405,940,6,6000,2024-09-08
1406,940,2,2000,2025-05-11
1407,941,10,10000,2024-06-15
1408,942,10,10000,2024-08-06
1409,942,2,2000,2025-03-22
1410,942,8,8000,2024-10-10
1411,943,9,9000,2025-01-08
1412,943,3,3000,2025-03-30
1413,944,3,3000,2024-12-12
1414,944,8,8000,2024-09-11
1415,944,1,1000,2025-04-26
1416,946,2,2000,2024-10-15
1417,947,5,5000,2024-06-16
1418,947,2,2000,2025-01-06
1419,948,4,4000,2025-05-19
1420,948,6,6000,2024-08-26
1421,948,5,5000,2024-10-03
1422,949,8,8000,2024-11-08
1423,950,9,9000,2024-06-11
1424,950,5,5000,2025-03-12
1425,952,4,4000,2024-09-18
1426,952,7,7000,2024-05-31
1427,953,2,2000,2025-05-04
1428,953,6,6000,2025-02-11
1429,953,5,5000,2024-11-18
1430,954,7,7000,2024-06-13
1431,955,4,4000,2025-01-08
1432,956,6,6000,2025-02-04
1433,956,7,7000,2024-07-02
1434,959,6,6000,2025-01-06
1435,959,8,8000,2024-10-08
1436,959,4,4000,2024-08-12
1437,960,10,10000,2024-07-16
1438,960,2,2000,2024-12-08
1439,961,1,1000,2024-11-09
1440,961,9,9000,2025-01-31
1441,962,7,7000,2024-11-21
1442,962,5,5000,2024-12-26
1443,962,5,5000,2024-07-30
1444,964,4,4000,2024-11-23
1445,964,4,4000,2024-09-29
1446,965,6,6000,2025-02-07
1447,966,9,9000,2024-08-14
1448,969,5,5000,2024-06-05
1449,969,5,5000,2024-10-23
1450,970,1,1000,2024-10-18
1451,974,4,4000,2024-08-18
1452,974,4,4000,2024-11-16
1453,976,4,4000,2024-10-16
1454,976,1,1000,2024-12-07
1455,978,9,9000,2024-09-12
1456,978,4,4000,2024-07-06
1457,978,5,5000,2025-05-18
1458,979,4,4000,2024-11-07
1459,979,7,7000,2025-01-21
1460,980,7,7000,2024-11-29
1461,981,1,1000,2025-01-05
1462,983,6,6000,2025-04-27
1463,983,3,3000,2025-03-12
1464,983,5,5000,2024-10-04
1465,984,10,10000,2024-07-12
1466,984,7,7000,2024-12-09
1467,986,1,1000,2024-09-30
1468,986,6,6000,2024-11-27
1469,986,10,10000,2024-06-20
1470,987,4,4000,2024-09-27
1471,987,8,8000,2025-02-20
1472,987,9,9000,2025-05-23
1473,988,10,10000,2024-06-02
1474,988,2,2000,2024-08-12
1475,988,10,10000,2024-08-18
1476,990,7,7000,2025-04-24
1477,991,6,6000,2025-02-08
1478,992,9,9000,2024-08-23
1479,992,7,7000,2024-11-06
1480,993,1,1000,2024-12-03
1481,994,5,5000,2024-06-07
1482,996,4,4000,2024-07-06
1483,996,6,6000,2024-11-15
1484,997,6,6000,2025-02-13
1485,998,7,7000,2024-11-02
1486,998,6,6000,2024-06-18
1487,998,9,9000,2024-06-08
1488,999,3,3000,2025-02-27
1489,1000,8,8000,2024-08-21
1490,1000,1,1000,2024-08-16
