empID,project_id,role_in_project,assigned_date
1,14906,Developer,2023-09-07
1,17131,Lead,2023-11-05
2,4175,Executive,2023-11-05
2,6030,Lead,2025-04-19
2,10862,Manager,2023-11-22
2,18390,Manager,2023-08-24
3,9759,Analyst,2023-08-26
3,12812,Executive,2023-09-06
3,14730,Developer,2024-04-10
4,2721,Manager,2025-01-21
4,15473,Lead,2023-11-21
4,23206,Lead,2023-11-19
5,6685,Executive,2025-05-23
5,15970,Lead,2024-05-17
5,21369,Developer,2023-08-13
6,15647,Developer,2023-12-30
6,16110,Developer,2024-11-05
6,17076,Analyst,2024-06-10
6,21596,Lead,2025-05-11
7,5801,Developer,2025-01-21
7,8484,Executive,2025-02-23
7,13992,Executive,2024-06-21
7,17752,Lead,2024-09-24
8,14966,Developer,2023-07-31
8,22764,Lead,2025-05-10
9,4978,Analyst,2025-03-08
9,17808,Manager,2024-08-17
10,5559,Manager,2024-09-03
10,6155,Manager,2024-07-21
10,9172,Executive,2024-10-20
10,15002,Executive,2023-10-26
10,21992,Developer,2024-07-06
11,1740,Manager,2024-03-29
11,9266,Analyst,2023-11-26
11,18305,Executive,2025-01-08
11,19317,Lead,2024-01-12
11,24908,Manager,2025-05-01
12,11430,Lead,2024-07-15
13,58,Manager,2023-05-27
13,3553,Executive,2025-05-19
13,20938,Lead,2023-12-12
14,18364,Developer,2023-06-14
15,725,Developer,2023-10-04
15,5771,Lead,2023-09-14
15,17931,Manager,2024-12-12
15,18341,Lead,2025-02-14
16,5777,Executive,2025-04-27
17,11303,Developer,2024-01-27
17,17404,Developer,2024-04-19
18,6371,Manager,2024-02-02
18,8714,Developer,2023-10-23
18,11216,Lead,2024-04-27
18,12360,Lead,2024-09-23
18,18471,Manager,2024-10-30
19,5196,Analyst,2024-04-19
19,10205,Executive,2024-11-08
19,18417,Analyst,2024-12-01
19,20901,Manager,2024-01-25
19,23231,Lead,2024-08-09
20,7305,Developer,2025-04-30
20,7583,Analyst,2024-07-04
21,721,Executive,2023-11-04
21,10092,Manager,2024-11-14
21,12517,Executive,2024-12-23
21,14641,Executive,2023-09-26
21,14664,Manager,2025-02-27
22,332,Manager,2023-06-26
22,10423,Developer,2023-07-17
22,13719,Lead,2023-12-27
22,23547,Executive,2024-12-18
23,8844,Analyst,2024-05-17
23,9412,Executive,2024-07-12
23,12150,Manager,2024-03-26
23,15834,Executive,2024-02-02
24,4952,Executive,2024-02-04
24,12230,Analyst,2024-08-19
25,2220,Analyst,2023-07-03
25,12634,Manager,2024-04-11
25,15442,Analyst,2023-11-25
25,19446,Executive,2023-07-12
26,15236,Developer,2023-07-01
27,1031,Executive,2024-02-04
27,6043,Lead,2023-10-10
28,9259,Lead,2025-04-23
28,10035,Executive,2024-01-10
28,14138,Lead,2025-03-16
28,19076,Executive,2023-07-22
28,22582,Manager,2023-09-29
29,608,Executive,2025-01-22
29,11448,Lead,2025-01-16
29,13552,Developer,2025-01-07
29,23979,Analyst,2023-06-30
30,7835,Executive,2023-08-01
30,8206,Analyst,2024-09-29
30,18709,Developer,2024-02-08
31,1582,Manager,2023-10-04
31,8021,Manager,2024-11-30
31,13208,Manager,2024-04-29
32,6827,Developer,2023-09-17
32,11787,Analyst,2023-08-17
32,14172,Analyst,2025-01-01
32,18702,Lead,2024-05-07
33,1241,Developer,2024-09-19
33,3313,Developer,2023-08-17
33,17090,Lead,2024-02-06
33,18560,Developer,2023-11-10
34,432,Lead,2024-06-06
34,16822,Developer,2023-09-01
35,10660,Developer,2023-11-30
36,408,Analyst,2024-11-10
36,7539,Developer,2024-12-10
36,22769,Analyst,2023-10-29
37,5069,Developer,2024-04-15
37,14975,Manager,2024-03-28
37,21508,Executive,2023-08-29
38,12594,Analyst,2024-02-07
38,22260,Lead,2023-08-29
38,23651,Lead,2024-12-18
39,23304,Manager,2023-08-12
40,23459,Lead,2024-06-18
41,303,Executive,2024-09-15
41,6152,Manager,2024-06-27
41,11920,Developer,2023-10-08
41,15384,Executive,2025-02-08
41,17720,Analyst,2024-06-02
42,15780,Manager,2024-09-16
43,1117,Developer,2025-02-15
43,4322,Analyst,2024-08-30
43,6417,Executive,2024-12-13
43,17559,Manager,2023-07-06
44,17059,Executive,2025-04-30
44,23421,Lead,2024-08-28
45,18524,Lead,2023-05-30
45,19796,Lead,2024-06-14
45,20293,Lead,2025-04-14
46,327,Executive,2025-03-07
46,1616,Manager,2025-03-30
47,8963,Lead,2024-04-09
47,14158,Analyst,2024-05-27
47,17532,Executive,2025-05-10
47,22559,Analyst,2025-01-25
47,24264,Developer,2024-03-28
48,399,Analyst,2023-11-28
48,3212,Developer,2024-03-01
48,14296,Manager,2023-06-30
48,19805,Developer,2023-09-21
49,7722,Analyst,2023-12-16
49,20571,Lead,2024-07-08
49,21203,Analyst,2024-06-24
49,21620,Lead,2023-09-29
50,13803,Analyst,2025-03-17
51,4091,Analyst,2024-12-22
51,11919,Manager,2025-01-04
51,16252,Executive,2024-09-17
51,24242,Lead,2023-05-26
52,633,Executive,2024-02-03
52,11722,Analyst,2024-08-06
52,16666,Manager,2024-05-13
53,1521,Manager,2024-05-08
53,13014,Lead,2024-12-31
53,21016,Developer,2024-03-01
53,23660,Manager,2024-06-16
54,9803,Executive,2025-01-11
54,19641,Developer,2024-11-25
54,21272,Lead,2025-02-11
55,1642,Executive,2024-04-01
55,13298,Executive,2023-08-16
55,16386,Executive,2024-05-04
55,21376,Manager,2025-03-03
56,4984,Analyst,2025-01-23
56,19785,Developer,2023-10-12
56,22101,Developer,2024-03-05
56,22934,Analyst,2024-07-25
56,24847,Developer,2024-11-02
57,612,Executive,2024-06-10
57,7228,Executive,2024-01-02
57,8589,Manager,2024-05-24
57,12691,Analyst,2024-07-18
58,14259,Lead,2024-05-26
58,19739,Developer,2024-11-06
58,22087,Lead,2023-08-08
59,1192,Manager,2024-12-09
59,14560,Executive,2023-11-10
59,19354,Executive,2024-09-22
60,1455,Developer,2023-09-26
61,7016,Manager,2024-02-25
61,16110,Manager,2023-10-09
61,18444,Executive,2024-10-11
62,4263,Executive,2023-10-19
62,20744,Executive,2025-01-15
63,3362,Analyst,2024-06-15
63,10363,Developer,2024-09-17
63,22598,Manager,2025-01-14
64,18852,Lead,2024-03-24
64,21818,Manager,2024-01-24
64,22477,Lead,2023-07-02
65,3286,Analyst,2024-02-04
65,3778,Executive,2023-10-23
65,6030,Manager,2025-01-03
65,19819,Manager,2023-12-10
66,13926,Manager,2023-08-02
66,13991,Executive,2025-04-17
66,15287,Executive,2025-04-29
66,15290,Developer,2025-03-25
66,22286,Analyst,2023-06-16
67,5092,Executive,2024-03-03
67,21463,Manager,2025-05-06
68,11926,Analyst,2023-06-01
69,5282,Manager,2023-10-19
69,13001,Manager,2024-06-30
69,15951,Manager,2024-10-22
69,16490,Manager,2023-06-21
69,23867,Developer,2023-06-11
70,5559,Manager,2025-01-13
70,11490,Executive,2023-12-07
70,15159,Lead,2023-07-16
70,18555,Manager,2025-04-24
71,18367,Lead,2024-04-07
71,21268,Analyst,2023-12-16
72,11465,Analyst,2024-02-26
72,17273,Executive,2024-11-29
72,24183,Analyst,2024-09-30
73,1644,Developer,2025-05-12
73,9206,Manager,2025-04-07
73,9699,Executive,2025-04-06
73,14837,Manager,2025-03-24
73,17227,Developer,2025-05-02
74,3264,Manager,2024-03-20
75,5031,Lead,2024-12-21
75,5310,Developer,2023-06-29
75,9349,Executive,2023-08-26
75,18842,Manager,2024-12-06
75,24086,Lead,2024-12-02
76,4914,Developer,2025-04-06
76,10348,Lead,2024-04-07
76,11629,Lead,2023-12-29
76,16381,Lead,2023-06-15
76,20125,Developer,2025-05-11
77,5359,Lead,2024-03-24
77,17994,Lead,2025-03-27
77,20163,Developer,2025-01-07
78,2946,Developer,2024-03-13
78,9731,Manager,2023-06-19
78,24417,Lead,2023-06-23
79,484,Manager,2023-08-26
79,939,Executive,2024-07-29
79,1009,Developer,2025-05-09
79,7508,Executive,2024-10-03
79,22828,Developer,2024-05-14
80,6824,Lead,2024-08-22
80,7737,Lead,2023-12-26
80,9518,Developer,2025-04-19
80,11609,Developer,2025-05-01
80,16553,Lead,2024-04-04
81,10821,Manager,2023-07-16
81,18394,Analyst,2023-10-18
81,22334,Developer,2023-08-25
82,1943,Lead,2025-02-09
82,14978,Manager,2025-01-17
82,22552,Manager,2025-04-26
83,2926,Manager,2024-10-20
83,2992,Manager,2024-06-21
83,4653,Lead,2024-03-25
83,8091,Manager,2023-07-06
83,15281,Developer,2024-04-28
84,7022,Analyst,2024-12-23
84,18687,Analyst,2024-07-07
84,21827,Executive,2024-04-09
84,22911,Lead,2024-05-02
84,23142,Lead,2023-08-29
85,5300,Executive,2024-12-16
85,22271,Analyst,2025-03-05
86,9733,Lead,2025-04-06
86,9906,Manager,2024-01-11
87,18112,Developer,2023-07-01
88,9607,Analyst,2024-07-13
89,15702,Developer,2025-01-01
90,4878,Analyst,2024-08-12
91,23,Executive,2024-08-19
92,17234,Lead,2023-12-14
93,6467,Developer,2023-10-17
93,12931,Manager,2023-06-22
93,13302,Lead,2025-04-16
93,21972,Developer,2024-04-03
94,5973,Executive,2024-06-17
94,10245,Manager,2025-02-04
94,12473,Executive,2024-11-26
95,386,Manager,2023-11-07
95,3237,Executive,2024-09-03
95,4428,Lead,2024-05-13
95,6414,Analyst,2023-07-11
95,7848,Lead,2023-11-11
96,6196,Analyst,2025-01-29
96,7908,Lead,2024-08-16
96,13227,Analyst,2023-09-18
96,23993,Executive,2023-08-20
96,24655,Manager,2024-01-13
97,6255,Lead,2025-03-13
98,5539,Lead,2024-08-20
98,8189,Developer,2024-08-08
98,9332,Developer,2024-02-16
98,9511,Analyst,2023-06-16
98,12441,Manager,2025-05-17
99,12173,Analyst,2024-10-27
99,19207,Analyst,2023-11-12
99,20069,Manager,2024-09-22
99,23032,Manager,2023-07-19
100,732,Executive,2024-03-20
100,4658,Lead,2024-11-28
100,16544,Developer,2023-08-09
100,17399,Executive,2023-07-20
101,13124,Developer,2024-07-31
102,3512,Manager,2023-08-17
102,9063,Manager,2024-07-21
102,11158,Manager,2025-01-26
102,16212,Executive,2025-04-21
103,2604,Analyst,2024-07-21
103,23213,Analyst,2025-02-02
104,1491,Analyst,2024-12-11
104,6954,Lead,2023-06-22
105,12144,Lead,2024-08-30
105,13611,Developer,2024-06-03
105,21399,Manager,2024-02-26
106,13133,Manager,2024-12-03
106,15811,Developer,2024-10-06
106,17186,Analyst,2024-11-06
106,18869,Executive,2024-04-03
106,20642,Manager,2023-06-14
107,4785,Analyst,2024-06-29
107,10683,Manager,2024-03-11
107,17917,Manager,2023-06-10
107,17973,Executive,2025-03-02
107,22598,Lead,2024-02-09
108,3999,Executive,2023-11-23
108,11186,Analyst,2024-06-09
108,17786,Developer,2025-02-08
108,24349,Analyst,2023-08-14
109,5297,Lead,2025-03-26
109,17562,Lead,2023-06-27
109,24783,Developer,2025-05-16
110,9442,Lead,2024-08-23
110,22161,Manager,2024-07-25
110,24466,Executive,2023-10-16
111,9284,Lead,2024-02-25
111,17220,Developer,2024-01-15
111,24923,Executive,2024-05-04
112,10138,Analyst,2025-03-25
112,24690,Executive,2024-02-27
113,10244,Executive,2024-01-12
113,11570,Lead,2025-05-14
113,13900,Analyst,2023-09-01
114,628,Executive,2025-02-27
114,3979,Lead,2025-03-26
114,5116,Lead,2023-11-12
114,17086,Manager,2024-10-24
115,4876,Developer,2024-09-14
115,9952,Manager,2024-07-10
115,16342,Executive,2025-02-13
115,18998,Lead,2023-06-27
116,555,Lead,2025-05-07
117,4285,Analyst,2025-01-02
117,16665,Developer,2023-10-23
117,22145,Lead,2024-03-26
118,55,Analyst,2024-05-13
118,5347,Developer,2023-05-27
118,12921,Analyst,2023-06-18
118,18651,Analyst,2025-01-02
119,6729,Analyst,2024-07-16
120,1718,Developer,2024-09-29
120,8955,Manager,2023-12-14
121,3607,Developer,2024-09-23
121,3792,Lead,2024-09-27
121,4686,Executive,2023-09-06
121,5075,Lead,2025-02-27
121,24372,Analyst,2023-07-23
122,1831,Manager,2025-02-16
122,2584,Analyst,2023-06-12
122,9199,Executive,2023-09-13
122,11817,Lead,2024-10-26
122,21339,Analyst,2023-06-25
123,1297,Developer,2024-11-05
123,8434,Lead,2023-11-12
123,18448,Developer,2024-11-28
123,18951,Executive,2024-10-19
123,23487,Lead,2024-08-20
124,1760,Executive,2024-01-08
124,6438,Manager,2023-06-09
124,8391,Developer,2024-04-09
124,15284,Developer,2023-09-02
125,7914,Manager,2024-09-16
125,10093,Analyst,2023-07-06
126,3721,Analyst,2023-10-14
127,2905,Lead,2025-01-06
127,11357,Lead,2024-12-24
127,22139,Lead,2023-11-01
127,22438,Developer,2025-02-08
128,4192,Manager,2023-11-10
128,5966,Developer,2023-09-07
128,12930,Analyst,2024-03-09
128,13105,Analyst,2024-07-09
128,15837,Executive,2024-03-06
129,3894,Lead,2024-07-12
129,16392,Lead,2024-12-29
130,1645,Executive,2024-09-25
130,6023,Executive,2023-12-28
130,15074,Developer,2023-11-03
130,19139,Developer,2023-06-16
131,11169,Analyst,2024-07-08
131,24469,Executive,2024-12-21
132,4275,Lead,2023-11-06
132,4825,Manager,2024-04-17
132,17852,Analyst,2024-09-03
133,2102,Developer,2023-12-18
133,2888,Developer,2024-07-14
133,6054,Manager,2023-08-14
133,23671,Executive,2025-01-29
134,3535,Lead,2025-05-17
135,4263,Executive,2025-03-23
135,8153,Analyst,2023-07-31
135,12068,Executive,2024-07-19
135,13520,Manager,2023-12-30
135,17086,Analyst,2023-10-22
136,10200,Manager,2023-06-10
136,19903,Analyst,2025-02-06
137,3366,Manager,2024-10-15
137,14717,Developer,2024-04-15
137,22751,Executive,2024-09-27
137,24185,Executive,2025-01-02
138,3946,Analyst,2024-01-25
138,12978,Developer,2024-01-07
138,16780,Lead,2023-11-29
139,3618,Lead,2023-06-07
139,18587,Lead,2023-05-29
140,6986,Analyst,2024-03-04
140,24032,Manager,2025-04-06
141,1891,Developer,2023-05-24
141,7494,Executive,2024-08-31
141,10544,Executive,2024-06-24
141,13216,Lead,2024-08-01
141,24666,Developer,2024-05-29
142,16030,Developer,2024-07-27
142,19515,Developer,2024-12-02
142,19765,Executive,2025-03-05
142,20309,Lead,2023-10-28
142,23569,Manager,2023-07-06
143,3047,Lead,2024-08-15
143,4408,Lead,2024-08-04
143,6831,Analyst,2024-09-28
143,16544,Developer,2024-03-02
143,20044,Executive,2024-02-28
144,95,Manager,2024-11-29
144,8037,Executive,2024-04-30
144,10709,Lead,2024-02-12
144,16681,Developer,2024-12-27
144,20503,Lead,2025-04-27
145,917,Manager,2024-12-17
145,8132,Analyst,2023-06-06
145,19900,Analyst,2023-10-09
146,14519,Analyst,2023-12-06
147,22093,Lead,2025-02-17
148,7823,Lead,2023-08-17
148,12401,Executive,2023-06-22
148,22556,Manager,2024-09-10
149,2368,Developer,2024-11-26
149,5665,Analyst,2023-12-01
149,6229,Lead,2025-04-07
149,14392,Executive,2024-03-17
150,2200,Developer,2023-08-16
150,14807,Analyst,2025-01-15
151,295,Lead,2023-06-20
151,1607,Analyst,2023-06-09
151,15916,Analyst,2023-08-02
151,23389,Executive,2024-09-24
152,2377,Manager,2023-11-07
152,12150,Analyst,2024-12-26
152,19177,Manager,2025-02-11
153,10539,Manager,2023-12-25
154,1814,Executive,2024-12-02
154,4377,Lead,2024-09-27
154,5088,Manager,2023-07-08
154,7859,Analyst,2024-02-06
154,24404,Manager,2024-10-08
155,117,Executive,2023-08-06
155,490,Lead,2023-09-17
155,6496,Executive,2025-05-22
155,6564,Analyst,2025-05-20
155,12127,Manager,2024-11-19
156,1268,Developer,2025-04-08
156,22062,Manager,2023-08-13
157,5105,Manager,2025-02-10
157,6452,Lead,2025-02-26
157,10193,Developer,2024-03-19
157,19789,Lead,2023-11-03
157,22862,Analyst,2024-02-02
158,6538,Developer,2025-04-26
158,8159,Developer,2024-09-12
158,21588,Lead,2024-01-12
158,24859,Manager,2024-03-22
159,5257,Lead,2025-02-09
159,13741,Executive,2024-10-27
160,20581,Developer,2023-06-25
161,12089,Executive,2024-05-05
161,14765,Analyst,2024-04-22
161,18130,Analyst,2023-05-25
162,4171,Manager,2023-10-30
162,12009,Executive,2025-02-03
162,19510,Developer,2025-04-16
163,6523,Developer,2024-06-26
163,6964,Manager,2024-08-07
163,11431,Executive,2024-01-03
163,15015,Analyst,2024-01-15
164,327,Developer,2023-06-29
164,938,Manager,2023-07-04
164,16458,Developer,2024-01-16
165,18851,Executive,2024-10-25
166,16091,Lead,2024-11-09
166,20182,Lead,2024-04-19
166,23183,Manager,2023-08-28
167,5945,Lead,2025-05-13
167,10537,Manager,2024-07-31
168,311,Analyst,2023-10-22
168,21151,Developer,2024-09-04
169,3145,Analyst,2025-02-07
169,4560,Lead,2023-09-24
169,7113,Lead,2025-01-28
169,13750,Analyst,2023-09-28
169,23530,Manager,2025-03-25
170,2091,Manager,2025-04-30
170,19076,Lead,2024-07-10
171,7451,Executive,2024-09-09
171,11533,Developer,2024-02-24
172,7702,Executive,2023-10-15
172,11967,Developer,2023-09-23
172,13689,Manager,2023-06-13
172,15996,Manager,2025-01-15
172,20915,Manager,2023-06-29
173,10341,Manager,2025-04-20
173,11380,Manager,2023-07-21
173,16947,Lead,2025-01-26
173,23476,Manager,2024-06-18
174,5026,Executive,2023-06-15
174,8471,Executive,2023-12-06
174,13705,Lead,2023-09-07
175,11540,Manager,2024-02-13
175,16602,Developer,2025-05-14
176,2680,Developer,2024-01-24
176,3472,Analyst,2025-05-12
176,15467,Developer,2024-08-29
177,7346,Lead,2023-12-21
177,8967,Manager,2024-02-22
177,18131,Executive,2025-01-19
178,1472,Executive,2024-11-29
178,8380,Manager,2024-11-28
178,23723,Analyst,2025-03-28
179,2227,Lead,2024-05-22
179,7041,Manager,2024-09-26
179,13026,Executive,2024-03-22
179,13052,Manager,2024-03-18
179,15754,Executive,2023-11-06
180,9797,Lead,2024-09-20
181,6893,Manager,2024-06-20
181,8917,Manager,2023-11-09
182,2865,Lead,2024-02-06
182,6961,Executive,2025-02-05
183,7403,Executive,2023-06-13
184,1356,Manager,2025-05-19
184,11098,Manager,2023-12-30
184,18013,Developer,2025-02-18
185,8209,Analyst,2024-10-05
185,15502,Lead,2023-08-05
185,24349,Manager,2025-05-19
186,7611,Executive,2025-02-09
187,21704,Executive,2023-12-22
188,12020,Executive,2023-10-05
188,17865,Developer,2023-09-24
188,20342,Lead,2023-07-30
188,22227,Analyst,2024-10-12
189,381,Analyst,2024-12-16
189,3798,Lead,2024-04-06
189,5605,Developer,2024-12-27
189,18726,Manager,2023-06-06
190,10624,Lead,2025-05-23
190,22507,Analyst,2023-08-25
190,22651,Lead,2023-09-19
190,23151,Lead,2024-05-14
191,20,Developer,2023-07-05
191,3172,Developer,2023-06-07
191,6400,Manager,2025-04-05
191,21897,Analyst,2025-01-27
192,11891,Developer,2023-06-24
192,13451,Executive,2023-06-16
193,18096,Developer,2025-03-10
194,5228,Manager,2023-06-17
194,17200,Executive,2023-06-16
194,23281,Manager,2024-11-20
194,24262,Lead,2024-12-08
195,5617,Manager,2023-07-27
195,10321,Executive,2024-07-12
195,13039,Lead,2024-08-31
195,23712,Executive,2024-11-15
196,18690,Analyst,2025-01-04
197,559,Developer,2024-10-24
197,11155,Executive,2023-05-24
197,18260,Analyst,2024-10-03
198,6331,Lead,2024-06-16
199,7467,Analyst,2024-11-06
199,12505,Lead,2024-06-13
199,21873,Manager,2024-08-22
200,1195,Developer,2024-03-10
201,3636,Manager,2025-03-30
201,3772,Executive,2024-11-19
201,4262,Analyst,2023-09-19
201,9759,Lead,2023-06-18
201,21154,Analyst,2023-10-31
202,2139,Lead,2025-05-08
202,5102,Executive,2024-03-19
202,7975,Developer,2023-09-09
202,22769,Executive,2024-11-07
203,1248,Manager,2023-12-29
203,5129,Executive,2023-10-28
203,11388,Manager,2025-01-07
203,16085,Manager,2025-01-08
203,20543,Manager,2024-11-01
204,9182,Manager,2024-10-28
204,15409,Executive,2023-07-04
204,15664,Analyst,2023-06-20
204,23653,Executive,2024-05-08
205,17360,Manager,2024-10-09
206,15913,Executive,2024-10-25
206,16037,Executive,2024-01-28
206,22594,Executive,2023-08-07
206,24509,Analyst,2023-11-06
207,1467,Analyst,2023-11-15
207,3140,Executive,2025-02-17
207,7220,Executive,2025-04-02
207,19037,Executive,2024-12-11
207,24635,Executive,2025-01-10
208,1194,Analyst,2023-10-12
208,11148,Analyst,2024-02-21
208,13242,Executive,2023-12-29
208,24200,Analyst,2023-08-21
209,15463,Lead,2024-01-04
209,16311,Developer,2024-09-02
209,18520,Developer,2023-09-06
209,23036,Analyst,2024-10-10
210,429,Executive,2024-04-08
210,6065,Lead,2024-09-12
210,7492,Manager,2023-10-01
210,21074,Manager,2025-04-24
211,2445,Analyst,2024-04-01
211,18812,Developer,2024-06-11
212,8142,Manager,2025-01-16
212,21772,Executive,2024-07-13
213,13770,Manager,2025-01-23
213,21788,Manager,2025-03-17
213,23128,Analyst,2025-01-12
214,20763,Executive,2024-11-12
215,8202,Lead,2024-10-23
215,10845,Lead,2023-10-06
215,15447,Lead,2024-01-12
216,10870,Executive,2024-11-12
216,16039,Developer,2023-08-28
216,17169,Lead,2023-06-15
216,22546,Executive,2023-06-17
217,12395,Developer,2023-07-27
218,8939,Lead,2023-06-16
218,9422,Executive,2023-10-10
218,11837,Manager,2024-03-10
218,13535,Lead,2023-12-13
218,24689,Analyst,2024-10-06
219,2006,Analyst,2024-03-24
219,6625,Lead,2024-03-06
219,7828,Analyst,2024-12-08
219,12270,Lead,2024-02-29
219,22429,Developer,2023-11-29
220,18343,Lead,2023-05-26
221,675,Lead,2024-03-20
221,24859,Analyst,2023-12-25
222,2772,Executive,2023-07-14
222,17797,Executive,2024-10-26
222,20570,Manager,2023-08-25
222,24897,Lead,2025-03-27
223,1871,Lead,2024-01-20
223,3120,Lead,2023-10-27
223,19262,Lead,2024-04-27
223,24309,Developer,2024-03-26
224,23653,Developer,2023-12-16
225,1911,Executive,2024-08-26
225,2586,Analyst,2023-08-23
225,6094,Manager,2024-02-13
225,15284,Executive,2024-06-06
226,792,Executive,2024-03-06
226,12335,Lead,2023-08-19
226,23016,Manager,2024-07-27
226,24338,Manager,2023-08-21
227,1255,Executive,2025-01-14
227,6365,Executive,2024-08-20
227,7175,Lead,2023-10-18
227,12204,Manager,2024-07-22
228,3532,Executive,2024-01-06
228,13224,Lead,2024-06-20
228,18652,Lead,2025-05-03
229,12163,Analyst,2024-05-23
230,14740,Manager,2025-04-14
230,23208,Manager,2025-05-22
230,24115,Analyst,2024-11-19
231,23237,Manager,2023-12-27
232,10119,Analyst,2023-11-13
232,11563,Manager,2025-03-03
232,16690,Executive,2023-07-24
233,1108,Manager,2025-03-14
233,16006,Manager,2024-02-21
233,24803,Manager,2025-04-16
234,5064,Analyst,2025-03-12
234,8355,Developer,2025-02-23
234,11384,Lead,2023-11-22
234,14631,Executive,2024-10-05
234,23428,Analyst,2025-03-26
235,2355,Developer,2024-11-15
235,7109,Developer,2025-03-12
235,8449,Analyst,2025-03-01
235,9646,Executive,2024-06-27
236,5841,Manager,2025-02-03
236,7753,Lead,2025-04-08
236,11399,Lead,2023-09-18
236,13169,Analyst,2025-02-24
237,3754,Executive,2024-05-14
237,6699,Developer,2023-07-10
237,8947,Developer,2024-10-23
237,14619,Executive,2023-07-27
237,21261,Lead,2024-09-14
238,14905,Lead,2024-07-30
238,21124,Manager,2023-06-06
239,4358,Developer,2023-06-18
239,10632,Lead,2024-10-29
239,14092,Lead,2023-07-28
239,20210,Analyst,2024-07-30
240,1398,Manager,2023-06-21
240,2725,Executive,2024-07-19
240,4266,Developer,2025-05-12
240,9206,Lead,2025-01-18
240,16686,Developer,2023-08-24
241,14377,Analyst,2023-09-09
241,15404,Lead,2024-10-27
242,12838,Manager,2024-01-31
242,21178,Lead,2024-08-24
243,1362,Manager,2023-09-29
243,5963,Lead,2023-10-31
243,7308,Manager,2023-06-27
243,14662,Analyst,2025-03-25
244,464,Developer,2023-07-16
244,12608,Lead,2024-05-24
245,65,Analyst,2024-05-09
245,3536,Developer,2024-01-25
245,18226,Analyst,2023-06-10
245,23901,Developer,2025-03-01
246,5434,Developer,2023-08-24
246,10591,Manager,2025-02-02
246,17382,Manager,2024-02-10
246,24517,Developer,2023-10-26
247,21850,Analyst,2024-06-16
247,24403,Analyst,2024-12-14
248,10429,Lead,2025-05-17
249,1701,Developer,2023-06-15
249,13505,Executive,2024-01-28
249,14775,Executive,2025-05-10
250,1479,Manager,2025-01-08
250,12004,Developer,2024-09-04
250,21102,Manager,2025-02-07
250,23157,Analyst,2024-09-20
251,2229,Lead,2024-05-21
252,12698,Executive,2024-03-24
253,2520,Manager,2023-11-08
253,13409,Manager,2025-03-01
253,16630,Lead,2023-07-08
253,22418,Executive,2023-10-14
254,2983,Developer,2024-12-25
254,20737,Lead,2023-12-24
254,23130,Executive,2023-09-13
255,2274,Manager,2024-10-14
255,6409,Analyst,2023-07-05
255,7464,Developer,2023-11-12
255,18586,Lead,2024-10-25
256,666,Lead,2023-11-25
257,10228,Manager,2023-12-12
258,10633,Lead,2025-04-27
258,12514,Lead,2024-02-15
258,21591,Analyst,2024-05-09
259,16052,Executive,2024-08-31
260,20187,Executive,2025-04-08
261,3952,Analyst,2023-12-20
261,7191,Lead,2024-01-01
261,7311,Lead,2023-10-11
261,12667,Developer,2023-09-06
261,14498,Manager,2024-09-10
262,4364,Lead,2023-08-11
263,445,Analyst,2024-11-08
263,2078,Lead,2024-06-29
263,14376,Manager,2024-02-21
264,9890,Analyst,2025-03-12
264,13896,Manager,2024-06-18
264,14814,Executive,2024-03-30
264,20284,Analyst,2024-03-05
264,21540,Manager,2023-06-05
265,15303,Developer,2025-03-21
266,8354,Lead,2024-01-15
266,16697,Developer,2024-11-17
267,18855,Manager,2023-12-22
268,11366,Manager,2024-12-20
269,7163,Lead,2024-04-12
269,11056,Lead,2024-08-24
269,21482,Analyst,2023-09-13
270,691,Manager,2023-08-21
270,7202,Analyst,2024-03-05
270,12907,Lead,2024-08-09
271,3355,Developer,2024-05-02
271,10695,Manager,2023-10-03
271,19119,Developer,2024-11-29
271,22911,Lead,2023-09-26
272,19521,Developer,2025-05-12
273,6220,Developer,2024-02-02
274,11249,Executive,2025-05-19
274,13309,Developer,2025-02-12
274,20983,Analyst,2025-04-22
275,3268,Lead,2023-07-06
275,12502,Analyst,2023-09-30
275,14882,Manager,2024-02-07
275,15269,Developer,2025-02-24
275,17093,Developer,2024-09-14
276,12236,Lead,2023-08-31
276,13448,Analyst,2024-05-12
276,22747,Lead,2024-08-28
277,17089,Executive,2024-02-21
278,9162,Developer,2023-09-05
279,6210,Lead,2023-07-03
279,6556,Executive,2025-01-01
279,12097,Manager,2024-06-30
279,12865,Lead,2024-03-25
280,16733,Developer,2023-12-06
281,1345,Analyst,2023-07-16
281,5694,Lead,2024-01-20
281,9042,Manager,2025-05-19
281,19479,Analyst,2024-01-13
282,3660,Executive,2024-05-15
282,8623,Lead,2024-01-19
282,16165,Executive,2025-02-11
282,24076,Analyst,2024-03-17
283,2776,Developer,2025-01-28
283,11266,Lead,2024-06-15
283,17149,Executive,2025-01-03
283,22322,Analyst,2025-04-23
283,23946,Analyst,2024-08-31
284,923,Analyst,2024-04-14
284,5013,Lead,2023-06-30
285,8301,Analyst,2024-04-24
285,21775,Executive,2024-01-12
286,5018,Analyst,2024-05-31
286,18350,Executive,2024-08-24
287,19813,Analyst,2024-10-19
287,21676,Lead,2024-11-26
287,22096,Executive,2023-12-17
287,22872,Manager,2024-06-04
288,13877,Developer,2024-11-27
288,16431,Lead,2024-07-26
289,5941,Manager,2024-07-11
289,10481,Analyst,2024-04-01
290,22691,Lead,2024-07-22
290,23517,Manager,2023-10-08
291,3677,Lead,2024-01-04
291,7719,Developer,2024-05-09
291,9942,Developer,2024-01-19
291,16477,Executive,2023-08-14
291,19375,Analyst,2024-07-13
292,13892,Developer,2024-02-21
292,15182,Developer,2025-03-15
292,18060,Lead,2025-04-08
292,23749,Manager,2025-02-07
292,23857,Executive,2024-02-13
293,530,Analyst,2024-02-28
293,2502,Lead,2023-12-11
293,7439,Manager,2024-07-12
293,9787,Analyst,2024-07-25
294,1512,Analyst,2023-10-22
294,4566,Manager,2024-03-30
294,8151,Lead,2024-08-01
294,10957,Analyst,2024-02-12
295,5068,Executive,2023-11-23
295,6210,Executive,2024-02-11
295,10033,Developer,2024-02-14
295,16566,Lead,2024-07-14
296,369,Lead,2024-06-01
296,413,Analyst,2024-03-08
296,8737,Analyst,2024-04-30
296,15021,Lead,2024-09-18
297,5206,Lead,2024-05-10
297,16436,Developer,2023-12-07
298,1478,Lead,2025-03-20
298,7349,Developer,2024-02-18
299,9488,Manager,2023-10-25
299,14537,Executive,2023-09-14
300,3253,Lead,2025-01-01
300,16782,Analyst,2023-11-13
300,16808,Executive,2025-02-09
300,23545,Lead,2025-01-16
301,17598,Analyst,2023-06-08
302,16516,Manager,2024-06-25
303,8210,Executive,2025-02-23
303,22559,Lead,2023-06-04
304,524,Lead,2025-02-11
304,2475,Analyst,2024-04-15
304,14465,Manager,2024-04-02
304,15329,Developer,2023-07-16
305,7256,Developer,2025-04-10
305,19819,Manager,2024-07-30
306,5585,Executive,2024-06-08
306,9869,Developer,2025-02-17
306,15902,Executive,2025-05-09
306,16420,Manager,2023-10-27
306,16927,Lead,2024-12-23
307,10852,Executive,2023-10-02
307,21010,Developer,2024-10-14
308,4976,Developer,2025-02-04
308,15347,Developer,2024-10-15
308,18306,Manager,2025-05-10
308,24792,Manager,2024-05-30
309,7883,Developer,2024-07-20
309,13888,Manager,2024-03-27
309,15304,Manager,2024-10-06
309,18405,Lead,2024-05-08
309,22982,Lead,2024-01-15
310,54,Lead,2024-09-19
310,15358,Analyst,2024-06-05
310,22226,Developer,2024-01-03
311,1605,Developer,2023-09-29
311,18613,Lead,2025-03-04
311,19828,Analyst,2025-02-11
311,21699,Developer,2024-12-12
312,2513,Developer,2024-02-12
312,8983,Manager,2024-12-19
312,21847,Manager,2023-10-16
312,24216,Lead,2024-01-08
313,2017,Analyst,2023-10-23
313,7102,Analyst,2024-10-22
313,9167,Analyst,2024-06-29
313,15734,Manager,2024-04-22
313,16454,Developer,2025-03-21
314,20058,Lead,2024-09-17
314,23429,Executive,2024-08-15
315,19318,Lead,2024-06-09
315,21538,Executive,2024-08-29
315,23919,Analyst,2024-01-24
316,2300,Manager,2025-03-05
316,6830,Executive,2024-11-17
316,8855,Lead,2025-02-06
316,17914,Manager,2025-02-03
316,22667,Developer,2024-11-22
317,1735,Manager,2023-07-03
317,5093,Developer,2024-08-11
317,6149,Developer,2024-08-26
317,13061,Executive,2025-02-15
317,13170,Lead,2024-09-08
318,5330,Manager,2024-08-06
319,22345,Lead,2024-12-05
320,85,Analyst,2024-10-02
320,4513,Executive,2023-08-28
320,19698,Analyst,2025-03-12
321,8830,Executive,2023-07-29
321,18351,Manager,2025-02-15
322,12032,Manager,2023-09-05
323,10919,Analyst,2023-07-05
323,12817,Lead,2024-10-24
323,16666,Developer,2024-09-12
323,24021,Lead,2025-03-18
324,3458,Developer,2024-09-06
324,4550,Lead,2024-11-08
324,7852,Executive,2025-03-05
324,10138,Lead,2023-08-02
324,20015,Lead,2024-03-11
325,12110,Lead,2024-04-14
326,5145,Developer,2024-03-08
326,17304,Manager,2024-04-04
326,17970,Developer,2024-05-28
326,24321,Executive,2025-05-21
327,668,Manager,2024-07-15
327,4645,Analyst,2024-09-27
327,21539,Analyst,2024-12-19
327,22135,Executive,2025-02-04
327,24318,Manager,2024-11-29
328,2885,Analyst,2023-12-22
328,6879,Executive,2024-07-21
329,1938,Lead,2023-12-17
329,14875,Manager,2023-10-27
329,15834,Lead,2025-05-09
329,19080,Lead,2024-02-16
330,14000,Developer,2023-12-12
331,2675,Manager,2025-01-23
331,8038,Executive,2025-04-11
331,9503,Executive,2024-03-29
331,15009,Executive,2025-03-12
332,1869,Manager,2024-01-21
332,12217,Lead,2023-07-24
332,21567,Executive,2024-09-29
332,21960,Developer,2024-01-16
333,9854,Lead,2024-01-02
333,15627,Manager,2024-12-20
334,2897,Executive,2023-07-01
334,22781,Manager,2024-08-13
335,11026,Manager,2024-06-13
335,20859,Developer,2024-12-26
336,2941,Lead,2024-01-01
337,20593,Executive,2024-02-26
337,24556,Analyst,2023-10-12
338,23662,Analyst,2023-12-24
339,23854,Developer,2025-03-30
340,15836,Lead,2024-04-05
341,15855,Lead,2023-08-14
342,9987,Developer,2025-04-27
343,24506,Manager,2023-11-07
344,910,Executive,2023-10-03
344,6056,Developer,2024-08-11
344,11355,Manager,2025-04-13
344,16325,Analyst,2024-03-08
345,6501,Lead,2024-07-21
345,20704,Lead,2024-02-28
346,16372,Analyst,2024-08-06
346,16702,Lead,2025-02-02
347,5492,Executive,2024-08-09
347,13617,Analyst,2023-11-28
348,10536,Developer,2023-06-13
349,520,Manager,2023-05-25
349,19793,Executive,2024-10-03
350,18494,Lead,2024-11-13
350,21633,Executive,2024-03-29
351,2555,Manager,2024-03-16
351,10520,Analyst,2024-08-10
351,12187,Developer,2024-11-03
352,5655,Analyst,2023-12-11
352,20127,Manager,2024-04-17
352,22427,Executive,2023-06-17
352,23554,Analyst,2023-07-02
352,24399,Developer,2024-10-09
353,4250,Manager,2024-12-19
354,42,Lead,2024-06-21
354,12412,Developer,2024-12-28
355,3265,Manager,2024-07-05
355,7006,Executive,2024-06-11
355,7959,Executive,2024-07-28
355,14708,Developer,2023-06-25
356,3536,Lead,2024-06-26
357,6911,Lead,2024-10-30
357,16130,Analyst,2025-01-03
357,16773,Manager,2024-12-07
357,22995,Lead,2025-03-09
358,3779,Executive,2024-09-17
359,2428,Executive,2023-09-17
360,4507,Manager,2024-10-06
361,1396,Developer,2024-02-15
361,7784,Manager,2023-05-30
361,18235,Manager,2024-06-18
362,4232,Executive,2024-05-27
362,10379,Manager,2024-02-04
362,14198,Lead,2025-04-15
362,16563,Manager,2024-09-22
362,17709,Executive,2023-09-13
363,114,Lead,2023-07-10
363,6136,Manager,2024-07-10
363,20067,Lead,2024-03-07
363,23482,Developer,2024-09-02
363,24732,Executive,2023-06-06
364,4916,Analyst,2024-02-01
364,17592,Analyst,2024-08-02
364,22906,Developer,2024-10-27
365,13902,Executive,2023-06-25
365,15830,Executive,2025-03-02
366,7117,Lead,2023-10-07
366,12323,Lead,2024-02-15
366,15020,Analyst,2023-08-14
366,21770,Developer,2024-10-05
366,23200,Executive,2024-09-20
367,1891,Lead,2023-06-11
367,19829,Analyst,2024-04-20
368,13589,Analyst,2023-10-24
368,15935,Manager,2023-10-13
368,17803,Analyst,2023-10-27
368,20786,Developer,2024-06-18
368,23625,Lead,2023-06-06
369,7336,Lead,2023-08-16
369,11152,Lead,2023-07-23
369,13361,Developer,2025-02-25
369,19662,Executive,2023-10-13
370,226,Manager,2023-07-12
370,5929,Executive,2023-11-09
370,9902,Executive,2023-11-30
370,12854,Executive,2024-02-28
370,23018,Executive,2024-02-11
371,5717,Manager,2023-12-30
371,16128,Manager,2023-12-01
371,20559,Executive,2024-05-02
372,6098,Manager,2024-12-13
372,9291,Executive,2023-09-26
372,11175,Developer,2024-09-19
372,14684,Developer,2025-05-21
372,23681,Executive,2023-12-29
373,18059,Manager,2023-05-29
374,1288,Manager,2023-05-28
374,9871,Analyst,2024-07-23
374,14932,Executive,2024-06-25
374,15682,Analyst,2024-01-06
374,15844,Developer,2025-05-10
375,2358,Lead,2023-08-01
375,8117,Manager,2025-01-13
376,23560,Executive,2025-04-02
377,12527,Manager,2024-01-05
377,22713,Lead,2024-10-31
378,5081,Analyst,2024-08-03
379,1185,Developer,2025-01-12
379,2719,Manager,2023-12-26
379,12862,Executive,2025-02-20
379,22818,Analyst,2024-10-23
379,23318,Lead,2025-02-03
380,13165,Analyst,2024-10-15
380,21457,Developer,2024-06-29
380,22359,Lead,2024-04-29
381,1509,Developer,2025-01-25
381,4000,Executive,2023-12-09
381,10625,Lead,2024-11-06
381,19823,Manager,2024-09-24
382,218,Lead,2023-12-14
382,446,Developer,2024-05-17
382,18746,Lead,2024-11-04
382,22012,Executive,2024-05-13
383,9109,Executive,2024-09-22
384,1289,Lead,2025-03-21
384,1815,Developer,2025-04-16
384,10760,Lead,2023-07-01
384,16563,Manager,2024-05-23
385,7886,Lead,2024-02-08
385,8840,Lead,2024-09-18
386,1785,Lead,2024-12-08
387,15289,Analyst,2023-11-11
388,5463,Manager,2024-02-01
389,4207,Lead,2024-11-14
389,9975,Executive,2025-03-02
390,23168,Manager,2024-12-26
391,870,Analyst,2025-01-09
391,2934,Analyst,2024-03-04
391,5384,Executive,2024-12-30
391,7378,Developer,2024-06-07
392,10163,Analyst,2024-03-11
392,11603,Analyst,2025-05-21
392,15641,Analyst,2025-05-06
393,7565,Developer,2024-10-01
394,20063,Manager,2024-10-19
394,24739,Developer,2023-08-26
395,2868,Executive,2024-03-16
395,7227,Executive,2023-10-15
395,12421,Lead,2023-07-25
395,23868,Executive,2024-08-04
396,12934,Lead,2024-10-22
396,14691,Lead,2023-07-29
397,5518,Manager,2024-11-05
397,6456,Developer,2024-01-05
397,7855,Executive,2023-07-29
397,14107,Analyst,2023-12-03
397,14370,Lead,2024-04-22
398,10947,Manager,2025-03-18
399,7413,Analyst,2024-04-30
399,7569,Lead,2024-01-20
400,7412,Lead,2025-02-14
400,12266,Executive,2023-07-17
400,21268,Executive,2023-07-23
400,23343,Executive,2024-12-31
401,10293,Executive,2024-06-20
401,12566,Manager,2023-08-01
401,13037,Analyst,2024-09-25
401,18895,Manager,2024-08-08
401,22933,Analyst,2024-10-05
402,3727,Executive,2025-03-26
402,8525,Executive,2023-11-25
402,18337,Analyst,2025-05-04
402,19890,Developer,2024-11-27
402,20591,Developer,2024-11-03
403,10788,Developer,2023-12-24
403,22292,Developer,2024-10-28
404,10837,Executive,2023-08-18
404,12601,Executive,2024-02-19
404,16393,Analyst,2024-05-11
404,21760,Executive,2023-11-11
405,1655,Manager,2023-07-10
406,322,Manager,2023-10-22
406,6743,Developer,2024-11-27
406,11296,Analyst,2023-12-04
406,21825,Lead,2024-12-16
407,2862,Developer,2024-05-26
407,8272,Lead,2025-05-13
407,19836,Developer,2024-08-04
408,6804,Executive,2023-08-23
408,10720,Lead,2024-01-11
408,21987,Lead,2023-07-30
409,10968,Lead,2025-05-13
409,20161,Executive,2023-08-01
410,17627,Lead,2024-08-29
410,20606,Lead,2024-04-19
411,3997,Executive,2024-08-14
411,5585,Manager,2023-05-28
411,6329,Manager,2023-06-02
411,16082,Lead,2024-02-16
411,17852,Analyst,2024-07-09
412,5150,Analyst,2024-10-22
413,3265,Executive,2025-01-25
413,3422,Executive,2024-08-13
413,18498,Manager,2024-10-06
414,1763,Manager,2024-01-25
414,9107,Executive,2023-08-13
414,10680,Manager,2024-05-30
414,10856,Developer,2024-09-14
415,18159,Developer,2024-10-08
415,21244,Manager,2024-01-15
416,126,Analyst,2024-04-26
416,5187,Manager,2024-02-13
416,14133,Lead,2024-05-16
416,19710,Lead,2024-03-17
417,4374,Developer,2023-12-11
417,14353,Manager,2023-09-02
418,10290,Developer,2024-09-09
419,20409,Analyst,2024-01-10
420,10232,Manager,2023-08-19
420,14346,Developer,2024-02-09
420,16132,Executive,2023-10-08
420,17561,Developer,2023-07-29
421,2695,Executive,2025-04-15
421,2885,Analyst,2025-04-28
421,5690,Analyst,2023-12-25
421,8853,Lead,2023-10-06
421,21451,Lead,2024-12-15
422,627,Lead,2023-07-07
422,4257,Analyst,2024-11-23
422,4559,Executive,2025-01-26
422,18667,Executive,2024-12-23
423,3068,Developer,2025-02-02
423,22877,Manager,2024-11-26
424,15242,Executive,2025-03-01
424,19354,Executive,2024-06-28
425,2785,Executive,2023-08-21
425,11495,Developer,2023-08-26
425,15015,Analyst,2025-01-30
425,15613,Lead,2023-12-27
425,20981,Executive,2024-12-04
426,467,Developer,2023-12-23
426,11009,Manager,2023-06-04
427,4976,Lead,2023-10-30
427,10657,Analyst,2023-09-05
427,16151,Analyst,2025-05-08
427,22745,Lead,2025-04-22
428,3349,Manager,2024-11-04
429,4562,Manager,2023-07-03
429,10034,Analyst,2024-11-13
430,21959,Analyst,2023-07-04
431,600,Executive,2025-04-26
431,2688,Developer,2024-02-08
431,12189,Analyst,2024-03-14
432,15147,Developer,2024-04-20
432,18457,Developer,2024-11-08
433,2060,Analyst,2024-09-14
433,12133,Developer,2025-03-25
433,16466,Executive,2024-03-22
433,16901,Analyst,2023-10-02
433,20784,Developer,2024-10-25
434,533,Analyst,2024-12-26
434,3918,Developer,2023-11-28
434,11173,Analyst,2024-11-09
434,15243,Executive,2023-07-10
434,16725,Executive,2023-12-12
435,13987,Developer,2024-04-12
436,5822,Analyst,2024-09-05
436,9074,Lead,2025-05-10
436,12392,Lead,2024-10-11
436,22920,Executive,2025-05-11
437,12849,Analyst,2023-06-27
438,4611,Manager,2024-11-02
438,7578,Developer,2025-01-24
438,19446,Executive,2025-02-25
439,1372,Manager,2024-06-15
439,11855,Lead,2024-03-22
439,15196,Analyst,2023-07-11
439,17756,Executive,2023-07-10
440,10697,Lead,2024-11-23
440,13433,Lead,2023-11-07
440,19644,Analyst,2023-11-11
440,19722,Lead,2023-07-24
441,317,Analyst,2024-09-06
441,19354,Developer,2024-07-21
442,3449,Lead,2024-05-10
442,5944,Executive,2024-11-15
443,7285,Developer,2023-07-16
443,8349,Lead,2024-11-02
443,13678,Lead,2024-08-05
443,19785,Manager,2023-06-23
443,24387,Analyst,2024-12-28
444,19009,Analyst,2024-01-18
444,23164,Developer,2024-03-06
445,2512,Executive,2024-01-29
446,1501,Developer,2025-05-10
446,11747,Manager,2025-04-08
446,14404,Manager,2025-05-06
446,24113,Analyst,2025-01-02
447,4137,Manager,2023-11-02
447,7835,Analyst,2024-04-12
447,20425,Analyst,2024-08-25
447,21343,Manager,2024-09-22
448,1582,Developer,2024-06-22
448,10614,Analyst,2024-01-14
449,22032,Lead,2025-03-15
450,11083,Executive,2024-12-09
450,13789,Developer,2023-08-31
450,16298,Manager,2024-05-03
450,17419,Developer,2023-11-03
450,22413,Developer,2024-10-05
451,5339,Manager,2025-01-19
451,6931,Lead,2023-07-21
451,10922,Analyst,2024-08-21
451,19527,Analyst,2024-03-01
452,2233,Analyst,2024-05-26
452,22753,Executive,2024-07-14
453,8067,Analyst,2023-09-19
454,12531,Analyst,2024-03-05
454,12827,Lead,2025-04-05
454,13423,Lead,2023-06-27
454,24292,Analyst,2024-10-28
455,6818,Manager,2024-07-30
455,7496,Executive,2024-03-01
455,15928,Executive,2024-11-04
455,21228,Developer,2023-10-08
455,23427,Manager,2024-02-26
456,9932,Executive,2024-07-01
456,17569,Developer,2025-05-04
457,15898,Lead,2023-07-04
458,1201,Executive,2023-12-31
458,10213,Lead,2023-08-16
458,10697,Developer,2023-10-04
458,11479,Manager,2024-01-12
458,15985,Manager,2024-09-13
459,5941,Executive,2025-02-04
459,11716,Executive,2025-01-16
459,18694,Lead,2023-08-24
459,23845,Analyst,2024-08-10
460,3415,Executive,2025-02-23
460,7656,Developer,2024-08-01
460,10516,Manager,2025-01-07
460,14170,Analyst,2024-12-17
460,15769,Analyst,2024-01-26
461,4692,Analyst,2024-02-16
461,15033,Manager,2023-10-30
461,24473,Analyst,2024-06-05
462,4133,Developer,2023-07-13
462,16805,Lead,2024-09-26
462,23656,Developer,2024-03-05
463,17992,Executive,2024-04-26
463,20930,Executive,2024-06-07
464,6596,Lead,2023-07-17
465,3772,Analyst,2024-10-05
465,5027,Developer,2024-05-10
465,14203,Executive,2024-04-22
465,17322,Executive,2023-11-22
466,3176,Lead,2024-08-24
466,10791,Lead,2025-05-14
466,16206,Developer,2024-07-18
466,23050,Lead,2024-02-10
467,5112,Executive,2024-11-24
467,20218,Executive,2025-03-30
467,23508,Developer,2025-04-25
467,23776,Manager,2023-11-19
467,24709,Manager,2024-03-02
468,1517,Lead,2024-02-08
468,8298,Lead,2024-12-08
468,17571,Analyst,2025-01-12
468,17945,Manager,2023-09-05
468,21141,Analyst,2025-05-05
469,4847,Analyst,2023-05-27
470,436,Lead,2024-01-12
470,1585,Developer,2025-01-03
470,10687,Lead,2025-03-15
470,22375,Executive,2023-07-13
471,18229,Executive,2024-10-14
472,1022,Lead,2024-09-20
472,7912,Analyst,2024-09-08
472,14200,Lead,2024-02-20
472,20810,Developer,2024-06-22
473,2491,Lead,2025-02-19
473,5058,Analyst,2024-11-03
473,9848,Developer,2024-05-01
473,10069,Analyst,2024-02-07
473,19861,Analyst,2024-05-06
474,4394,Developer,2024-06-29
474,10752,Manager,2024-11-11
474,18434,Developer,2024-07-10
474,21877,Lead,2024-06-17
475,18526,Analyst,2024-05-22
476,6938,Analyst,2023-10-14
476,8762,Lead,2023-12-09
477,1134,Manager,2024-01-31
477,5868,Developer,2025-04-10
477,15447,Manager,2023-06-22
477,18303,Lead,2024-06-10
477,23969,Executive,2024-02-06
478,4385,Executive,2024-05-22
479,2484,Analyst,2024-08-25
479,19602,Lead,2023-11-22
480,470,Executive,2023-07-16
480,2885,Lead,2023-07-11
480,11764,Executive,2024-08-13
480,14095,Analyst,2023-12-06
481,9887,Manager,2023-06-03
481,22337,Manager,2024-01-27
482,21860,Analyst,2024-06-01
483,8595,Lead,2024-02-02
483,9628,Lead,2023-05-24
484,688,Developer,2024-12-21
484,7724,Developer,2024-07-13
484,17596,Developer,2023-12-11
484,19502,Executive,2023-09-29
485,6147,Analyst,2024-03-20
485,7562,Analyst,2024-09-27
486,9720,Developer,2024-04-02
486,12738,Executive,2025-03-04
486,14690,Manager,2024-06-02
486,18433,Lead,2024-02-08
486,21763,Developer,2024-05-25
487,24755,Executive,2024-04-07
488,20417,Analyst,2023-12-11
489,23709,Manager,2023-07-17
490,1389,Manager,2023-07-24
490,12583,Developer,2025-05-22
491,718,Developer,2024-10-13
491,12713,Manager,2024-07-20
492,15986,Developer,2024-03-22
492,22040,Executive,2024-01-01
493,12124,Developer,2023-09-02
493,15008,Lead,2024-07-05
493,16298,Analyst,2023-07-15
493,22697,Executive,2024-09-30
494,1934,Developer,2024-01-15
494,14170,Developer,2024-01-11
494,15633,Executive,2024-05-29
494,16060,Analyst,2024-10-20
495,16893,Developer,2024-10-03
495,20070,Analyst,2024-08-13
496,16655,Executive,2024-04-11
496,20830,Manager,2024-08-24
497,7822,Manager,2023-08-04
497,13997,Manager,2023-12-05
498,11319,Manager,2025-05-23
498,15724,Executive,2024-10-09
499,12764,Developer,2024-06-27
500,2715,Developer,2024-12-20
500,11843,Executive,2023-07-09
500,18309,Executive,2024-03-19
500,21381,Analyst,2023-12-19
501,2829,Lead,2024-12-20
501,10286,Developer,2024-01-20
501,10485,Lead,2024-05-11
501,19665,Executive,2024-04-18
501,20304,Analyst,2024-11-15
502,18287,Manager,2024-09-14
503,3973,Analyst,2025-03-10
503,4106,Lead,2025-01-23
503,19431,Developer,2024-11-24
503,20285,Executive,2025-01-20
503,24367,Analyst,2024-12-19
504,4418,Developer,2024-10-08
504,8241,Developer,2024-01-17
505,9431,Executive,2025-04-23
505,12793,Developer,2023-08-14
505,23308,Developer,2024-09-25
505,23602,Developer,2024-06-10
506,2938,Developer,2024-04-09
506,7728,Developer,2024-10-27
506,8500,Manager,2024-11-30
506,14143,Developer,2024-07-17
506,15321,Lead,2024-05-08
507,5742,Executive,2024-04-21
507,6471,Developer,2025-03-27
507,6987,Lead,2024-02-19
507,8654,Lead,2025-01-28
508,8930,Executive,2024-10-19
508,21816,Manager,2024-04-09
509,5757,Analyst,2023-08-27
510,16010,Manager,2024-06-16
511,3563,Executive,2024-12-23
511,4049,Lead,2025-02-28
511,4800,Lead,2024-01-21
511,18707,Developer,2025-01-31
511,21581,Developer,2023-12-01
512,6887,Developer,2024-10-25
512,16027,Executive,2024-02-04
512,17415,Lead,2024-03-01
512,19911,Analyst,2024-10-08
513,6044,Lead,2025-03-16
513,9948,Executive,2024-06-10
513,16616,Manager,2025-03-01
513,21160,Developer,2024-09-21
513,23966,Lead,2024-05-03
514,6107,Lead,2025-05-08
514,21507,Executive,2023-12-19
514,23591,Executive,2024-10-24
515,685,Manager,2023-06-26
516,11073,Manager,2024-06-05
517,3358,Analyst,2024-11-17
517,5622,Analyst,2023-09-06
518,8071,Executive,2023-07-22
518,19364,Lead,2023-07-22
519,1459,Lead,2023-12-10
519,4908,Manager,2024-02-02
519,9497,Manager,2024-08-22
519,11370,Lead,2024-09-01
519,15393,Manager,2023-10-13
520,10004,Lead,2025-05-14
520,21275,Analyst,2023-09-29
521,1036,Developer,2023-09-15
521,1535,Lead,2024-12-10
521,6905,Lead,2023-09-14
521,9502,Developer,2024-03-01
521,12287,Developer,2025-04-11
522,7044,Lead,2025-02-20
522,16607,Lead,2023-05-29
523,2991,Lead,2025-04-16
523,3460,Developer,2023-08-06
523,13792,Manager,2024-05-17
523,14282,Analyst,2024-04-21
523,16750,Executive,2025-03-24
524,14367,Manager,2023-09-12
524,16239,Developer,2023-08-09
525,4019,Executive,2023-12-01
526,1197,Manager,2023-10-01
526,6774,Executive,2025-03-31
526,11256,Executive,2024-07-04
526,15934,Lead,2023-07-23
527,5273,Lead,2025-04-26
527,6955,Manager,2024-01-17
527,11440,Analyst,2025-03-10
527,12125,Lead,2023-11-05
528,11480,Analyst,2024-01-18
528,14997,Developer,2025-05-19
528,22877,Manager,2024-09-30
529,19948,Analyst,2023-10-16
530,759,Developer,2025-01-20
530,8728,Analyst,2025-05-15
530,13490,Executive,2025-04-23
530,20932,Analyst,2024-10-07
530,22459,Manager,2025-05-14
531,2673,Developer,2024-03-19
531,6489,Manager,2023-12-25
531,16873,Lead,2024-06-15
531,22628,Manager,2025-03-31
532,6020,Manager,2024-01-29
532,16598,Executive,2023-12-12
532,17466,Developer,2023-09-09
532,21847,Developer,2024-06-04
532,23204,Analyst,2024-02-09
533,4964,Manager,2025-03-31
533,21350,Executive,2024-02-14
534,4435,Lead,2025-01-06
534,11158,Lead,2025-05-04
535,9875,Executive,2024-06-23
535,10125,Analyst,2025-04-19
535,12375,Lead,2024-04-27
535,21192,Developer,2024-08-30
536,548,Analyst,2024-03-03
536,2750,Lead,2024-09-01
536,6552,Manager,2024-02-28
536,9336,Developer,2023-08-04
536,17481,Manager,2025-05-06
537,2516,Manager,2024-07-27
537,7099,Lead,2024-12-27
537,8976,Lead,2024-12-05
537,18168,Lead,2024-11-11
537,18350,Developer,2025-01-10
538,1246,Analyst,2024-11-26
538,18173,Lead,2024-12-13
538,23322,Developer,2024-06-22
538,24002,Analyst,2025-03-01
539,16723,Lead,2024-08-09
539,20194,Executive,2025-02-19
539,22286,Developer,2024-05-31
540,14196,Lead,2025-02-24
541,9582,Analyst,2023-07-07
541,9872,Manager,2024-06-27
542,5527,Developer,2023-12-22
542,5557,Manager,2023-07-06
542,14026,Manager,2025-04-22
542,19288,Analyst,2023-06-10
542,21525,Lead,2025-04-29
543,8778,Developer,2025-05-16
543,9512,Executive,2024-02-26
543,10792,Executive,2023-12-09
543,19151,Manager,2023-08-21
544,1263,Analyst,2024-12-23
544,19161,Executive,2025-05-06
544,22792,Lead,2024-08-07
545,731,Developer,2023-06-12
545,5303,Analyst,2024-08-24
545,19271,Manager,2023-11-29
546,1699,Manager,2024-08-02
546,7692,Lead,2024-11-08
546,12943,Developer,2024-05-28
546,15899,Manager,2024-08-18
546,17817,Lead,2024-02-16
547,252,Analyst,2024-11-18
547,6519,Lead,2024-06-07
547,15944,Lead,2024-12-22
547,22585,Executive,2024-06-23
548,5877,Lead,2023-07-27
548,13081,Manager,2024-03-21
549,20082,Manager,2024-07-15
550,9478,Developer,2024-05-08
550,13182,Manager,2024-05-14
550,15182,Executive,2025-05-09
550,18749,Manager,2023-08-19
550,20012,Manager,2024-04-24
551,17646,Developer,2023-06-09
552,4305,Developer,2024-03-08
552,7800,Lead,2023-06-24
552,12222,Manager,2023-08-03
552,16843,Lead,2023-05-26
552,20563,Developer,2024-11-23
553,673,Executive,2023-11-29
553,23827,Analyst,2024-03-07
554,331,Manager,2023-08-05
554,17599,Lead,2024-10-06
554,18265,Analyst,2023-08-05
554,22385,Executive,2023-11-04
554,24155,Analyst,2024-07-22
555,4074,Executive,2025-03-05
555,14374,Analyst,2024-06-11
555,16470,Manager,2023-09-10
555,17515,Manager,2023-08-08
555,23983,Developer,2024-03-30
556,1204,Analyst,2025-03-01
556,1359,Analyst,2024-12-22
556,10485,Analyst,2024-10-27
556,13891,Developer,2023-11-13
556,21979,Lead,2024-05-15
557,2251,Lead,2024-11-06
557,3939,Manager,2024-01-07
557,14642,Lead,2025-02-19
558,1785,Developer,2025-03-17
558,3992,Executive,2024-10-03
558,9647,Manager,2025-01-12
558,19882,Analyst,2023-10-21
559,16170,Developer,2024-10-24
559,16449,Developer,2024-12-05
560,3233,Executive,2025-03-21
560,9720,Manager,2024-08-26
560,11429,Developer,2025-01-20
560,17014,Manager,2024-05-26
561,11013,Analyst,2023-06-16
561,14923,Developer,2025-01-29
561,21484,Developer,2025-05-22
561,21635,Developer,2025-02-01
562,3597,Developer,2024-11-18
562,23603,Lead,2024-02-25
563,4176,Developer,2023-07-14
563,16234,Executive,2024-12-05
563,18141,Developer,2024-04-15
563,19830,Manager,2024-02-19
564,3737,Manager,2024-09-26
564,15900,Lead,2023-11-29
564,17834,Manager,2025-05-21
564,23829,Developer,2023-12-20
565,3030,Analyst,2024-02-18
565,3047,Manager,2023-10-27
566,573,Executive,2025-01-07
566,8741,Lead,2024-10-06
566,17123,Manager,2024-12-31
566,22879,Analyst,2024-10-15
566,24805,Executive,2024-01-18
567,6736,Lead,2024-08-27
567,10716,Analyst,2023-09-29
567,14471,Manager,2023-11-08
568,1919,Lead,2024-07-05
568,8417,Executive,2024-10-17
568,10144,Analyst,2025-04-13
569,20154,Manager,2024-12-13
570,6812,Lead,2025-02-24
570,7258,Lead,2025-02-05
570,18875,Lead,2023-12-22
570,22574,Executive,2024-05-08
571,4904,Developer,2024-08-11
571,5464,Analyst,2023-09-23
571,5496,Manager,2023-10-29
571,5866,Analyst,2023-10-09
571,7532,Lead,2025-01-26
572,2315,Lead,2024-01-19
572,5314,Executive,2024-06-18
572,5985,Manager,2024-03-12
572,9851,Lead,2023-11-13
572,10415,Lead,2023-12-03
573,1702,Executive,2024-02-23
573,5590,Executive,2024-07-05
573,5991,Manager,2023-05-30
574,11093,Manager,2025-02-09
574,14084,Executive,2024-03-07
574,15137,Manager,2024-08-08
575,1740,Lead,2025-03-07
575,6845,Executive,2024-08-29
576,3126,Developer,2023-12-20
576,22734,Manager,2024-03-28
577,175,Analyst,2024-10-01
577,301,Analyst,2024-09-30
577,9200,Analyst,2024-05-05
577,9820,Lead,2025-03-30
577,11032,Developer,2025-05-12
578,3339,Lead,2023-09-13
578,13822,Executive,2023-08-14
579,674,Analyst,2023-10-31
579,14812,Lead,2023-09-06
579,20193,Developer,2025-05-09
580,4999,Developer,2024-01-21
581,4830,Manager,2024-10-22
581,5633,Lead,2024-07-06
581,8303,Manager,2023-06-11
581,8803,Lead,2023-07-31
582,19161,Executive,2023-08-16
583,7441,Executive,2024-08-15
583,24360,Lead,2024-06-14
584,5836,Developer,2023-11-29
584,12018,Manager,2024-07-20
584,21969,Manager,2023-06-14
584,23914,Lead,2024-04-29
585,4091,Executive,2023-09-15
586,5393,Developer,2023-10-04
587,2647,Manager,2023-11-08
587,21085,Executive,2025-04-10
588,3792,Analyst,2025-03-22
589,13770,Manager,2024-08-02
590,6571,Developer,2024-05-23
590,7909,Developer,2023-05-30
590,13041,Developer,2025-05-09
590,13530,Developer,2025-01-06
590,22195,Executive,2023-08-22
591,9392,Analyst,2023-12-24
591,14056,Developer,2023-06-17
592,2557,Executive,2024-05-20
592,4774,Analyst,2023-11-12
592,6813,Manager,2024-09-11
592,16792,Lead,2023-06-13
593,11121,Lead,2025-05-18
593,15931,Manager,2025-04-29
593,19689,Analyst,2023-07-23
594,2261,Developer,2024-08-24
594,12066,Executive,2024-04-24
594,14233,Lead,2025-01-02
594,21031,Executive,2025-03-05
595,413,Lead,2024-11-10
596,5882,Lead,2023-09-30
597,8788,Developer,2023-06-21
597,13539,Executive,2023-10-23
597,15406,Developer,2024-06-27
597,21951,Developer,2024-07-20
598,3167,Lead,2024-10-11
598,13260,Lead,2024-12-22
598,19012,Developer,2025-04-09
598,23332,Manager,2025-04-27
598,24686,Analyst,2024-04-15
599,7517,Analyst,2024-01-26
599,11622,Analyst,2024-08-28
599,18288,Executive,2025-03-05
599,19559,Lead,2024-10-16
600,17371,Executive,2025-02-07
600,17654,Manager,2023-10-15
601,4492,Analyst,2025-04-26
601,8491,Developer,2025-01-16
601,14916,Lead,2023-08-04
602,4652,Manager,2025-03-13
602,13867,Executive,2023-11-27
602,19114,Developer,2024-01-29
603,3647,Executive,2023-06-18
603,14149,Executive,2024-07-18
603,15990,Analyst,2024-02-19
604,2260,Executive,2024-01-24
604,4356,Executive,2024-06-25
604,14250,Manager,2024-08-14
604,14566,Developer,2024-01-06
604,23076,Lead,2024-08-03
605,14231,Executive,2024-04-26
606,5158,Developer,2024-07-12
606,7685,Analyst,2024-10-02
606,13447,Executive,2023-10-22
606,23037,Executive,2023-12-29
606,24394,Manager,2023-12-16
607,11957,Manager,2025-03-26
608,6255,Executive,2023-05-27
608,10913,Executive,2024-03-21
609,1653,Manager,2024-11-04
610,3412,Executive,2024-02-01
610,8122,Manager,2023-12-19
610,11247,Analyst,2024-04-05
611,5336,Manager,2024-10-16
611,10918,Manager,2024-05-22
612,7521,Lead,2024-06-24
612,12496,Analyst,2024-07-29
612,16054,Developer,2024-09-17
612,19647,Lead,2024-04-11
612,20763,Developer,2023-07-27
613,3072,Analyst,2025-04-05
613,22529,Executive,2024-02-13
614,7790,Developer,2025-02-02
614,10494,Lead,2023-12-06
614,11392,Executive,2024-06-07
614,12185,Lead,2025-03-27
615,12131,Lead,2024-07-23
615,13105,Lead,2025-04-16
616,1050,Developer,2024-02-14
616,4813,Manager,2024-10-15
616,15805,Executive,2025-01-24
616,24042,Lead,2023-07-20
617,2007,Manager,2024-10-03
617,19220,Developer,2025-01-24
618,7404,Executive,2023-09-23
618,8736,Lead,2023-12-27
618,24594,Lead,2024-06-08
619,18062,Lead,2024-02-10
620,4831,Developer,2024-01-26
620,14118,Analyst,2024-03-04
620,20143,Manager,2024-07-25
620,23766,Analyst,2024-02-11
620,23965,Developer,2024-04-06
621,6771,Lead,2023-08-29
622,11578,Executive,2023-11-09
623,685,Developer,2025-05-10
623,12220,Analyst,2025-02-05
623,14148,Developer,2024-12-16
624,9366,Lead,2024-09-22
625,1142,Developer,2023-12-24
625,4531,Executive,2024-11-03
626,1297,Developer,2025-03-03
626,4451,Developer,2025-03-24
626,10139,Lead,2025-03-08
626,12845,Analyst,2025-02-06
627,1913,Executive,2025-04-23
627,2694,Developer,2024-04-25
627,12168,Analyst,2024-08-11
628,5142,Developer,2023-06-23
628,16552,Lead,2024-10-05
628,19556,Executive,2024-06-10
629,10535,Developer,2024-05-02
629,15034,Developer,2024-10-11
629,23143,Developer,2023-06-19
629,23836,Executive,2024-02-09
630,24480,Analyst,2025-03-07
631,24273,Executive,2024-07-01
632,2095,Manager,2024-11-04
632,9108,Analyst,2025-02-04
632,16937,Developer,2025-04-13
633,6737,Executive,2025-04-19
634,1407,Executive,2023-08-24
634,8176,Developer,2024-05-23
634,15857,Lead,2023-07-25
634,20699,Lead,2025-02-05
634,23153,Lead,2025-04-14
635,302,Manager,2024-02-16
635,6895,Lead,2024-12-18
635,6937,Developer,2023-12-02
635,23478,Lead,2023-09-18
636,10521,Manager,2024-10-23
636,12158,Analyst,2024-10-16
636,12404,Analyst,2024-04-24
636,22116,Executive,2024-10-22
636,23262,Executive,2023-08-09
637,8478,Executive,2023-12-28
637,17450,Developer,2025-04-15
637,20259,Analyst,2024-09-26
638,3123,Lead,2024-08-23
638,3773,Developer,2023-08-08
638,9846,Lead,2024-05-24
638,10655,Analyst,2023-12-05
638,22021,Developer,2023-07-13
639,2001,Analyst,2025-01-02
639,7718,Lead,2024-03-08
639,10304,Executive,2023-11-23
639,21447,Manager,2024-07-11
639,23419,Lead,2024-08-19
640,5241,Manager,2024-01-07
641,4054,Manager,2024-07-17
641,11980,Lead,2023-09-22
641,18440,Lead,2023-12-30
641,20820,Lead,2023-10-20
641,22626,Analyst,2023-09-26
642,10354,Developer,2024-09-17
642,22800,Analyst,2024-06-04
643,1105,Analyst,2023-07-14
644,22516,Developer,2024-10-04
645,14276,Executive,2025-04-10
645,22444,Developer,2025-05-02
646,5676,Analyst,2023-08-19
646,19060,Developer,2024-03-06
647,22700,Manager,2024-01-31
648,9112,Developer,2025-05-08
648,15485,Analyst,2023-06-05
649,7458,Developer,2023-11-06
649,20981,Lead,2025-03-30
650,216,Executive,2023-05-29
650,6721,Lead,2024-03-13
650,8083,Executive,2024-09-28
650,21765,Manager,2024-03-29
650,24768,Executive,2023-09-23
651,3144,Analyst,2024-05-13
651,3870,Developer,2023-08-01
652,10991,Analyst,2024-12-19
652,15347,Executive,2024-09-07
652,19408,Lead,2024-01-11
652,19911,Analyst,2025-03-14
653,5482,Executive,2024-11-20
653,11789,Executive,2024-08-03
653,21598,Developer,2023-11-09
653,23405,Analyst,2024-07-13
654,394,Executive,2023-08-31
654,13361,Manager,2024-05-23
654,14908,Lead,2025-03-11
655,1517,Developer,2024-09-01
655,5394,Manager,2024-02-26
655,9579,Developer,2024-03-30
655,13841,Analyst,2025-03-10
656,6390,Lead,2023-09-12
657,15778,Developer,2024-10-22
658,10404,Executive,2025-01-11
658,14498,Manager,2023-09-28
658,21241,Executive,2024-01-02
658,24747,Analyst,2023-12-08
659,187,Lead,2024-04-09
659,572,Developer,2023-12-15
659,4749,Executive,2023-07-15
659,6251,Analyst,2024-06-30
659,23531,Developer,2024-07-04
660,2420,Manager,2024-08-19
660,6861,Analyst,2023-06-20
660,11180,Lead,2024-08-04
660,20707,Executive,2024-03-31
660,23740,Analyst,2023-10-10
661,1381,Lead,2024-07-09
661,5776,Analyst,2023-10-20
661,10862,Analyst,2024-10-21
661,11068,Manager,2023-06-12
661,11172,Executive,2025-02-13
662,17517,Lead,2025-04-15
663,14661,Developer,2024-09-21
664,15427,Analyst,2025-04-19
665,3631,Lead,2024-12-07
665,5021,Developer,2023-11-04
665,18093,Executive,2024-08-14
665,23230,Executive,2024-10-29
666,13469,Executive,2024-09-05
666,13993,Analyst,2025-03-08
666,14674,Lead,2024-12-09
666,16931,Analyst,2023-06-06
667,15026,Executive,2024-02-26
667,18831,Analyst,2023-10-24
667,21230,Manager,2023-08-14
667,21811,Developer,2024-12-16
668,2430,Developer,2023-07-08
668,2909,Lead,2024-03-03
669,5717,Executive,2023-07-21
669,14702,Executive,2024-11-13
669,16908,Manager,2024-12-04
669,18896,Analyst,2023-07-26
669,23393,Executive,2024-12-30
670,4202,Manager,2024-07-08
670,7183,Developer,2024-08-29
670,16109,Analyst,2024-05-07
670,23173,Manager,2024-11-07
670,23997,Analyst,2025-01-25
671,4768,Analyst,2025-03-02
671,5584,Analyst,2024-02-15
671,9470,Analyst,2024-10-14
671,15140,Executive,2023-09-03
671,19609,Lead,2025-04-24
672,2947,Developer,2023-10-04
672,14045,Manager,2023-09-09
672,16848,Executive,2025-01-31
672,22537,Analyst,2023-06-17
673,10177,Analyst,2023-09-24
673,15275,Lead,2025-01-15
674,11314,Developer,2023-10-26
674,12896,Manager,2024-10-13
674,16864,Analyst,2024-04-09
674,17385,Executive,2023-12-22
674,21746,Manager,2024-04-25
675,10115,Executive,2023-06-11
676,507,Lead,2023-12-31
676,8909,Developer,2024-07-23
676,11267,Lead,2023-12-31
676,12772,Lead,2023-06-22
676,17238,Developer,2024-08-18
677,8467,Analyst,2024-12-14
677,10641,Manager,2024-07-24
677,12262,Lead,2023-07-18
677,16989,Analyst,2024-03-22
678,1745,Executive,2023-12-13
678,5776,Lead,2023-08-01
678,6586,Executive,2024-06-04
678,11676,Executive,2024-07-08
678,19017,Manager,2024-03-04
679,1983,Lead,2024-08-08
679,2739,Manager,2024-11-10
679,10804,Lead,2023-07-14
679,18755,Developer,2023-09-29
680,7225,Executive,2023-09-07
680,13475,Analyst,2023-05-29
680,15278,Analyst,2025-05-10
680,17712,Developer,2024-07-12
680,18123,Executive,2025-04-20
681,15174,Manager,2025-04-18
681,16247,Executive,2024-07-05
682,17266,Lead,2025-01-05
683,4437,Developer,2023-09-28
683,14115,Analyst,2025-03-06
684,4326,Lead,2024-07-12
684,19362,Analyst,2024-05-21
684,22136,Analyst,2023-09-05
685,12869,Executive,2024-03-29
686,3704,Lead,2023-08-25
686,14967,Executive,2024-04-23
686,21030,Manager,2024-06-06
687,1266,Lead,2024-02-09
687,1861,Executive,2024-12-13
687,4074,Lead,2023-08-10
687,5577,Executive,2023-12-26
687,6401,Manager,2023-12-27
688,7826,Manager,2025-04-14
688,14120,Lead,2023-08-13
688,18755,Manager,2024-03-05
688,21975,Lead,2023-07-01
689,5556,Executive,2024-10-10
689,17320,Manager,2024-12-15
689,23231,Executive,2024-11-22
689,24605,Lead,2024-06-01
690,2095,Manager,2024-12-03
690,3511,Lead,2024-02-06
690,11515,Analyst,2023-10-23
690,23995,Manager,2023-12-27
690,24480,Manager,2024-10-28
691,6256,Developer,2024-11-11
691,10441,Analyst,2025-03-11
691,14544,Lead,2024-03-23
691,22588,Executive,2024-08-08
692,2053,Lead,2024-12-29
692,7897,Manager,2024-12-04
692,9133,Analyst,2024-05-24
692,21805,Executive,2025-03-31
693,4495,Developer,2024-08-06
693,7108,Developer,2025-05-23
693,8751,Manager,2024-05-26
693,18625,Lead,2023-10-23
694,87,Developer,2025-03-21
694,10558,Executive,2025-01-08
694,12950,Manager,2024-11-02
694,16165,Lead,2025-02-10
695,4968,Developer,2025-03-28
695,18881,Executive,2025-01-30
695,21227,Analyst,2024-02-15
695,24567,Developer,2024-05-23
696,6517,Lead,2024-08-10
696,8871,Analyst,2024-09-12
696,13658,Executive,2023-06-18
696,24432,Manager,2024-04-12
697,2690,Executive,2024-05-29
697,18864,Developer,2023-11-13
698,9980,Executive,2024-09-30
698,18671,Analyst,2024-07-31
698,20061,Manager,2023-07-22
698,24993,Manager,2023-11-30
699,5882,Executive,2025-01-09
699,8995,Executive,2023-07-15
699,11846,Developer,2023-10-18
699,16029,Lead,2024-10-15
700,7719,Manager,2024-01-17
700,7832,Executive,2025-05-16
700,23215,Executive,2025-03-17
701,580,Developer,2024-05-23
701,6416,Developer,2024-12-07
701,16444,Analyst,2024-11-13
702,4354,Developer,2023-09-04
702,4716,Lead,2023-06-15
702,7215,Executive,2024-04-15
703,970,Developer,2023-05-31
703,8926,Analyst,2025-01-13
703,9663,Executive,2024-02-15
703,17381,Analyst,2024-10-27
703,18041,Manager,2023-06-11
704,1663,Lead,2023-05-27
704,2205,Manager,2024-10-11
704,2575,Manager,2023-07-05
704,18687,Lead,2024-04-14
704,18752,Developer,2024-08-07
705,4094,Executive,2023-12-07
705,23796,Executive,2024-07-29
706,1189,Manager,2023-07-24
706,6544,Lead,2023-09-12
707,5900,Developer,2025-02-09
707,9876,Analyst,2023-08-04
707,13646,Developer,2023-11-20
707,15610,Manager,2025-03-14
708,6224,Manager,2024-11-14
708,10229,Manager,2025-03-14
708,16488,Lead,2024-09-11
708,16944,Manager,2023-12-23
708,18181,Developer,2024-06-29
709,17705,Developer,2024-04-08
710,10001,Developer,2024-06-14
710,15262,Manager,2025-01-01
710,20656,Lead,2024-09-16
710,23049,Executive,2025-01-24
711,2172,Lead,2023-10-07
711,3463,Lead,2023-12-22
711,17491,Lead,2024-04-03
712,3000,Manager,2023-07-23
712,3796,Executive,2023-09-12
712,9808,Developer,2024-03-06
712,10721,Lead,2024-03-23
712,23430,Manager,2024-06-08
713,2162,Lead,2023-09-14
713,2683,Developer,2023-12-23
713,6603,Executive,2024-12-30
713,16213,Manager,2023-07-09
714,12495,Developer,2024-12-02
715,2793,Lead,2025-03-11
715,15269,Lead,2023-06-18
715,15732,Executive,2024-07-10
715,23051,Analyst,2024-10-07
715,23687,Lead,2023-12-02
716,306,Executive,2024-04-27
716,19348,Analyst,2025-01-19
716,24570,Lead,2025-01-07
717,1658,Developer,2024-11-29
717,9287,Lead,2023-11-04
717,17279,Manager,2024-09-04
718,8304,Developer,2025-04-10
718,9808,Developer,2024-05-17
718,10619,Executive,2024-06-12
718,22518,Executive,2025-03-21
719,884,Developer,2025-03-12
719,6469,Executive,2024-10-07
719,7195,Lead,2024-10-24
719,7575,Executive,2023-11-15
719,20745,Lead,2025-04-11
720,1426,Lead,2024-05-07
720,1673,Executive,2024-04-03
720,1901,Developer,2024-08-01
720,4746,Manager,2023-07-10
720,12906,Lead,2023-12-21
721,11015,Manager,2024-04-11
722,8314,Developer,2024-01-04
722,10578,Manager,2023-07-31
722,13049,Developer,2023-06-25
723,6409,Lead,2024-01-03
723,12843,Manager,2023-08-31
723,16932,Developer,2023-08-04
723,20206,Analyst,2023-07-20
724,1719,Developer,2024-03-21
725,7685,Analyst,2024-08-21
725,8331,Executive,2025-01-17
725,18606,Manager,2024-05-10
725,20791,Manager,2025-02-02
726,4239,Executive,2024-03-06
726,18759,Lead,2023-07-14
726,19230,Analyst,2024-12-27
727,3093,Developer,2023-10-15
727,4946,Executive,2023-06-10
727,5644,Developer,2024-02-08
727,18193,Executive,2025-04-11
728,6295,Lead,2025-02-26
728,13883,Developer,2024-12-19
729,1898,Lead,2024-07-31
730,9352,Analyst,2023-11-26
730,23606,Manager,2023-05-27
731,10577,Developer,2024-02-28
732,15685,Analyst,2025-05-10
732,16650,Developer,2024-07-09
732,23055,Manager,2025-02-04
733,3137,Developer,2024-09-16
733,5247,Developer,2025-03-29
733,14099,Analyst,2024-08-25
734,9605,Manager,2023-07-24
734,15692,Executive,2023-12-28
734,19227,Executive,2025-04-11
734,22837,Analyst,2024-12-22
734,23952,Manager,2025-01-05
735,1093,Executive,2024-12-06
735,2942,Lead,2023-07-02
735,7456,Executive,2024-05-29
735,10704,Executive,2025-02-27
735,23192,Manager,2025-04-04
736,4374,Lead,2023-09-09
736,11997,Lead,2023-06-27
736,23443,Analyst,2023-07-30
737,1209,Analyst,2024-08-05
737,2882,Developer,2024-06-22
737,6583,Analyst,2025-04-09
737,14909,Developer,2023-07-15
738,2947,Lead,2024-11-09
738,17507,Manager,2024-05-16
738,19719,Analyst,2024-02-16
738,23018,Executive,2024-08-28
738,23887,Manager,2024-04-25
739,4212,Developer,2024-09-20
740,5572,Manager,2023-11-05
740,10328,Lead,2024-07-26
740,13087,Developer,2023-05-25
740,20042,Executive,2025-02-23
740,24120,Lead,2024-04-28
741,5034,Executive,2024-01-08
741,13969,Manager,2024-10-10
741,14420,Executive,2025-04-06
741,18499,Manager,2023-12-20
741,23366,Analyst,2024-06-28
742,20135,Developer,2023-11-17
743,5277,Lead,2024-12-14
743,10127,Executive,2024-11-29
743,22457,Analyst,2023-11-27
744,6743,Analyst,2025-03-06
744,18342,Developer,2024-10-04
745,5548,Lead,2023-11-08
745,5621,Lead,2023-11-24
745,9666,Lead,2023-08-24
745,11554,Manager,2025-03-26
745,23384,Executive,2023-08-08
746,3602,Executive,2025-04-29
746,22418,Lead,2024-03-09
746,24339,Lead,2023-05-29
747,10881,Developer,2025-01-03
747,21584,Developer,2023-05-25
748,1251,Lead,2025-04-12
749,10578,Executive,2024-06-09
749,21581,Manager,2023-11-18
749,23494,Executive,2024-09-23
749,24314,Manager,2024-01-23
750,6590,Executive,2024-04-06
750,12446,Analyst,2023-10-28
750,16985,Analyst,2024-01-09
750,17240,Analyst,2024-02-23
751,7704,Developer,2025-03-09
751,8950,Executive,2024-12-04
751,9786,Executive,2024-11-19
752,10831,Developer,2023-05-27
753,2901,Executive,2023-06-20
753,3483,Developer,2023-11-22
753,4426,Developer,2025-01-06
753,9859,Developer,2025-01-17
753,13547,Lead,2023-07-01
754,476,Developer,2024-09-09
754,11214,Lead,2024-02-21
754,15139,Lead,2024-10-14
755,5607,Lead,2025-02-15
755,14999,Analyst,2025-01-15
755,22503,Lead,2024-10-18
756,2092,Lead,2024-05-22
756,14084,Manager,2024-12-22
757,5612,Manager,2025-03-13
757,9371,Lead,2024-05-07
757,15078,Executive,2024-11-01
757,16469,Developer,2025-04-02
758,17622,Executive,2024-10-09
758,17835,Lead,2023-06-14
758,18933,Executive,2025-04-27
759,3647,Manager,2024-08-13
759,17869,Lead,2024-08-09
759,23542,Manager,2023-08-07
760,5667,Lead,2025-04-20
760,8254,Developer,2025-02-18
760,11383,Executive,2024-11-16
760,23492,Executive,2023-12-01
761,1475,Manager,2023-11-16
762,9043,Developer,2024-08-03
762,11272,Manager,2024-05-11
762,19769,Manager,2024-02-22
762,23705,Executive,2023-09-11
762,23992,Analyst,2024-07-04
763,4035,Manager,2024-01-18
763,7811,Manager,2024-11-10
763,12462,Lead,2025-05-16
763,13437,Executive,2025-01-11
763,15021,Manager,2024-09-09
764,16412,Executive,2023-08-18
765,14593,Lead,2024-10-28
765,17342,Executive,2024-01-01
766,15769,Manager,2023-12-07
767,15557,Lead,2024-01-30
768,10549,Developer,2024-07-10
768,19256,Analyst,2025-01-13
769,5260,Analyst,2025-04-02
769,11535,Manager,2024-12-23
769,14359,Developer,2024-09-04
769,14515,Manager,2024-09-13
769,22893,Executive,2023-06-01
770,332,Analyst,2024-04-29
770,16438,Analyst,2025-05-02
770,17271,Analyst,2023-09-08
771,2214,Developer,2025-04-07
771,3093,Manager,2024-05-18
771,7878,Developer,2025-02-12
771,20794,Analyst,2024-09-20
771,21450,Lead,2024-03-09
772,1753,Analyst,2024-01-21
772,8669,Executive,2025-04-20
772,11715,Executive,2024-04-08
772,19465,Manager,2025-01-08
773,6648,Manager,2024-09-11
773,21161,Analyst,2024-06-25
774,5627,Lead,2024-05-16
774,12765,Lead,2023-11-05
774,19314,Developer,2024-06-30
775,3049,Analyst,2023-10-16
775,5585,Developer,2023-10-16
775,18580,Executive,2025-05-20
775,21171,Manager,2025-03-16
775,22359,Lead,2023-08-08
776,5406,Executive,2025-01-02
776,6147,Executive,2023-12-25
776,8789,Manager,2024-05-15
776,18567,Executive,2024-09-06
776,24481,Manager,2023-06-12
777,12737,Developer,2024-09-04
778,6068,Lead,2023-12-12
778,7767,Analyst,2024-01-10
778,10573,Analyst,2023-12-20
778,10931,Analyst,2023-10-04
778,12586,Manager,2024-01-21
779,23892,Manager,2024-07-21
780,4601,Analyst,2024-09-16
780,16493,Executive,2023-07-05
781,5997,Executive,2024-04-10
781,13682,Executive,2023-08-23
781,16216,Developer,2024-11-21
782,3065,Manager,2023-09-11
782,23657,Developer,2024-10-08
783,1630,Executive,2023-07-28
783,16371,Executive,2024-08-09
784,2714,Lead,2025-05-11
784,3339,Developer,2023-06-17
784,4587,Developer,2023-11-04
784,10145,Developer,2024-02-24
784,22554,Lead,2024-12-13
785,6225,Executive,2024-04-05
785,10322,Developer,2024-10-30
785,22115,Executive,2024-02-11
786,84,Manager,2024-11-05
786,4390,Developer,2025-03-03
786,15535,Executive,2023-07-31
786,16997,Developer,2023-06-23
786,22283,Developer,2024-10-28
787,6535,Executive,2024-03-20
787,9531,Lead,2024-12-26
787,17839,Manager,2023-11-12
787,22568,Analyst,2024-03-08
788,15345,Executive,2024-12-04
789,3720,Manager,2023-10-15
789,5601,Developer,2024-04-29
789,6820,Developer,2023-07-06
789,14954,Manager,2025-01-23
789,16186,Executive,2024-12-01
790,8822,Lead,2023-08-05
790,11787,Manager,2025-03-22
790,15481,Developer,2024-12-05
790,22156,Executive,2023-06-14
791,3023,Executive,2023-10-31
791,5959,Lead,2024-06-21
791,7521,Executive,2025-04-24
791,9862,Manager,2025-05-16
791,23511,Lead,2023-09-27
792,938,Analyst,2023-11-27
792,15166,Lead,2024-08-20
792,18893,Analyst,2024-02-27
792,24891,Developer,2023-07-05
793,1979,Executive,2025-01-20
793,10612,Analyst,2024-04-29
793,13758,Developer,2023-10-02
793,16805,Analyst,2024-04-02
793,24778,Analyst,2023-11-26
794,5082,Executive,2023-12-08
794,11095,Executive,2024-08-31
795,28,Executive,2025-03-25
795,4416,Analyst,2024-07-25
795,8945,Lead,2025-04-18
795,12398,Lead,2023-12-14
795,24276,Analyst,2025-03-06
796,20637,Executive,2023-11-22
796,23408,Lead,2025-02-23
797,4459,Developer,2024-07-15
798,8920,Lead,2025-01-21
798,17148,Lead,2024-04-24
799,6286,Analyst,2023-09-22
799,7349,Analyst,2025-02-25
799,15941,Executive,2024-02-18
799,16082,Analyst,2024-11-18
800,1464,Manager,2024-08-10
800,15165,Developer,2023-08-01
801,2229,Lead,2024-01-01
801,7044,Analyst,2024-02-04
801,8102,Developer,2025-03-15
801,19761,Manager,2024-08-13
801,22703,Manager,2024-06-03
802,4091,Lead,2024-09-17
802,5847,Lead,2023-10-22
802,15288,Manager,2024-12-21
803,14201,Manager,2025-02-03
804,9948,Analyst,2024-12-24
804,20868,Manager,2024-09-29
805,7812,Executive,2024-07-24
805,11066,Developer,2023-09-11
806,2284,Lead,2023-12-15
806,2677,Developer,2025-01-28
806,5304,Analyst,2025-04-14
806,23604,Analyst,2025-04-17
807,19584,Analyst,2024-03-24
808,1098,Executive,2024-12-27
808,2792,Manager,2024-06-23
808,3760,Manager,2024-10-29
808,22930,Lead,2024-05-16
809,7656,Analyst,2024-09-18
809,14108,Executive,2024-10-20
810,924,Analyst,2025-02-05
810,6496,Executive,2025-01-05
810,10438,Manager,2024-07-03
810,15228,Executive,2023-07-14
811,5232,Developer,2023-10-22
811,5652,Executive,2025-04-21
812,4349,Executive,2024-01-22
812,10792,Manager,2024-10-03
812,20573,Executive,2024-07-15
812,21896,Executive,2023-06-25
813,1290,Lead,2024-03-30
813,1703,Analyst,2023-11-11
813,2140,Analyst,2023-12-13
813,8993,Developer,2025-02-17
814,1297,Lead,2024-04-15
814,6998,Manager,2024-09-14
815,8092,Developer,2023-10-17
815,8355,Manager,2025-02-14
815,11452,Analyst,2024-04-26
815,19793,Developer,2025-01-18
815,24134,Lead,2025-04-08
816,10179,Analyst,2025-01-26
816,10298,Lead,2024-08-07
816,17604,Developer,2024-03-12
816,20178,Developer,2024-12-29
816,21157,Manager,2024-01-08
817,9585,Developer,2023-07-13
817,15988,Manager,2025-01-02
817,17838,Executive,2023-09-03
817,19343,Analyst,2024-02-27
818,11420,Analyst,2024-04-27
818,13687,Executive,2025-05-16
819,9312,Analyst,2024-11-24
819,16235,Manager,2024-04-05
820,4782,Developer,2024-02-10
820,21493,Executive,2023-06-03
821,10578,Analyst,2024-08-11
821,14585,Executive,2024-03-04
822,4463,Lead,2025-04-22
822,13554,Manager,2025-02-19
823,2152,Lead,2023-09-08
823,2897,Developer,2024-02-06
823,7024,Lead,2023-12-12
823,12372,Manager,2023-09-04
823,16127,Developer,2023-06-11
824,6226,Analyst,2024-05-14
825,3627,Analyst,2024-06-19
825,16136,Analyst,2023-07-26
825,20393,Executive,2024-12-07
826,232,Lead,2025-03-26
826,10134,Executive,2023-12-11
826,12695,Analyst,2024-09-01
826,15993,Analyst,2024-08-25
826,23468,Developer,2023-08-30
827,5273,Developer,2023-12-13
827,6259,Manager,2023-08-03
827,12449,Manager,2023-09-11
828,10133,Manager,2023-11-20
828,12849,Executive,2025-04-29
828,14031,Analyst,2023-08-03
829,1368,Lead,2023-07-05
829,11113,Developer,2023-12-04
829,15651,Lead,2023-05-28
829,24810,Manager,2023-11-15
830,6473,Developer,2024-03-19
830,10129,Developer,2024-02-19
830,10303,Manager,2023-07-06
830,11069,Developer,2023-09-04
831,680,Developer,2025-04-02
831,4098,Lead,2025-02-28
831,6888,Manager,2023-10-27
832,17864,Analyst,2025-04-22
832,21645,Developer,2024-09-18
833,3448,Developer,2025-01-10
833,3704,Executive,2024-02-06
833,14339,Lead,2025-03-01
833,16706,Executive,2023-10-04
834,9207,Lead,2024-02-17
835,3189,Executive,2024-09-20
835,12009,Analyst,2024-03-05
836,9515,Analyst,2024-05-25
836,11259,Manager,2024-02-26
836,15387,Analyst,2025-03-29
836,22977,Lead,2024-11-14
837,15396,Lead,2025-05-14
837,15783,Executive,2023-10-03
838,8347,Executive,2024-07-18
838,24361,Lead,2024-10-22
839,1283,Lead,2023-12-03
839,4194,Executive,2025-01-17
839,8436,Analyst,2023-07-30
839,21552,Developer,2025-04-07
840,987,Lead,2023-12-12
840,4183,Developer,2023-10-08
841,6055,Manager,2024-01-05
841,12445,Developer,2025-04-02
841,16849,Manager,2023-11-02
842,8312,Lead,2025-03-31
842,19858,Lead,2023-10-21
842,24648,Manager,2024-03-06
843,874,Executive,2023-06-11
843,16575,Analyst,2024-07-10
843,24929,Lead,2024-02-25
844,2921,Developer,2024-04-21
844,6883,Analyst,2024-03-13
844,14699,Analyst,2024-02-08
845,7728,Analyst,2024-03-06
845,17514,Developer,2024-07-08
846,2545,Manager,2024-09-30
846,3047,Executive,2024-06-28
846,7837,Analyst,2024-06-25
846,9657,Developer,2024-02-19
846,20662,Analyst,2025-01-24
847,12032,Developer,2024-05-29
847,14230,Developer,2025-05-01
848,7273,Analyst,2025-02-04
848,10559,Manager,2024-06-23
849,5177,Lead,2025-01-13
849,15972,Analyst,2024-04-08
850,18409,Manager,2024-02-16
851,3410,Executive,2024-12-09
851,3526,Manager,2025-02-12
851,3929,Developer,2025-05-01
851,15484,Manager,2024-05-02
852,1732,Developer,2025-01-20
852,14792,Developer,2024-07-21
852,17923,Executive,2023-09-19
852,18649,Manager,2024-01-22
853,14289,Manager,2024-11-12
853,14440,Manager,2023-06-02
853,14453,Executive,2024-06-12
853,24344,Lead,2023-10-24
854,5861,Developer,2024-07-24
854,19276,Lead,2025-02-07
855,8761,Analyst,2023-12-08
855,9721,Manager,2023-11-08
855,22466,Lead,2025-05-05
855,23122,Executive,2024-07-28
856,1909,Executive,2025-01-31
856,10435,Analyst,2025-04-11
857,11559,Lead,2024-05-25
857,21791,Manager,2023-07-02
858,2987,Developer,2025-01-14
858,17463,Lead,2024-11-08
858,23442,Lead,2023-06-05
859,9229,Executive,2024-10-06
859,13408,Manager,2023-09-13
859,19232,Lead,2024-07-16
860,11954,Manager,2023-10-16
861,18808,Executive,2025-02-09
862,13280,Developer,2023-06-01
863,771,Analyst,2024-08-03
863,2560,Manager,2024-02-10
863,5108,Manager,2024-10-12
864,1383,Manager,2023-09-08
864,2050,Developer,2024-07-16
864,5662,Lead,2025-01-06
864,7003,Developer,2024-01-13
864,21059,Analyst,2024-06-28
865,84,Executive,2023-08-11
866,22079,Developer,2024-04-05
867,7917,Lead,2024-09-25
867,13440,Manager,2023-10-18
868,22414,Manager,2024-01-25
869,6457,Analyst,2023-09-08
869,14613,Executive,2023-10-06
869,24980,Analyst,2023-08-21
870,4177,Lead,2024-06-29
870,9100,Lead,2023-06-20
870,15446,Executive,2025-03-03
870,16496,Analyst,2025-04-06
870,21760,Analyst,2025-04-30
871,14133,Analyst,2023-07-03
871,18437,Lead,2024-08-25
872,24269,Developer,2024-12-12
873,10288,Lead,2023-06-09
873,18273,Developer,2024-08-25
873,21904,Manager,2023-09-05
874,1196,Executive,2024-01-28
875,9616,Manager,2024-04-22
875,16837,Analyst,2023-10-09
876,9392,Manager,2025-02-18
876,10382,Manager,2023-09-13
876,10444,Developer,2024-06-20
876,11148,Executive,2023-11-18
876,20590,Analyst,2024-01-21
877,8103,Executive,2025-01-13
877,13030,Manager,2023-10-02
877,18073,Lead,2024-07-16
877,18962,Developer,2024-12-15
877,23259,Developer,2023-12-17
878,3172,Analyst,2024-09-29
878,15293,Manager,2023-06-02
878,22166,Lead,2024-01-28
879,2037,Developer,2024-03-15
879,2209,Lead,2024-09-17
879,13785,Developer,2024-01-13
879,18469,Executive,2025-03-27
879,22712,Developer,2025-02-04
880,8076,Developer,2024-08-05
880,16733,Developer,2025-05-03
881,3254,Developer,2024-02-19
881,9682,Lead,2025-03-24
881,14363,Executive,2024-05-13
881,14911,Developer,2024-02-11
882,17418,Lead,2024-08-11
882,22940,Analyst,2025-02-01
883,5935,Analyst,2024-07-29
883,8181,Developer,2024-02-22
883,9338,Manager,2023-05-29
883,10355,Executive,2024-05-14
883,12047,Lead,2025-03-26
884,11891,Analyst,2023-07-19
884,20602,Manager,2023-12-28
884,23923,Lead,2025-04-13
885,1264,Analyst,2023-09-13
885,9672,Analyst,2024-02-14
885,23216,Manager,2024-11-10
885,23314,Manager,2023-09-19
886,13100,Analyst,2023-07-05
887,4482,Analyst,2024-01-15
887,8506,Executive,2023-06-29
887,15297,Developer,2024-08-12
887,19451,Lead,2024-02-08
887,21454,Analyst,2023-12-29
888,7562,Executive,2023-10-26
888,18375,Manager,2024-01-29
888,19935,Analyst,2024-12-13
889,16663,Executive,2025-03-11
890,4757,Executive,2024-06-24
890,13306,Executive,2025-04-17
890,13935,Executive,2024-01-29
890,15016,Analyst,2024-01-10
891,4296,Developer,2024-09-22
891,9296,Analyst,2024-04-21
891,10099,Lead,2024-07-26
891,24070,Executive,2024-09-17
892,8149,Manager,2024-11-07
892,11719,Developer,2024-10-27
892,11962,Developer,2023-07-20
892,23120,Lead,2023-12-07
892,23813,Executive,2025-02-12
893,4324,Lead,2023-12-29
893,5966,Analyst,2023-12-08
894,20426,Analyst,2023-11-27
894,23452,Executive,2024-11-08
895,153,Analyst,2025-01-21
895,15537,Developer,2023-06-26
895,20831,Manager,2023-09-10
896,3731,Executive,2024-10-14
896,6861,Developer,2025-05-02
896,7115,Manager,2024-07-03
896,19109,Analyst,2024-01-17
896,21015,Executive,2023-05-26
897,1146,Lead,2023-08-19
897,2914,Lead,2024-11-03
897,3308,Executive,2023-11-25
897,8318,Analyst,2025-03-27
897,23431,Developer,2023-09-20
898,3523,Executive,2024-05-12
898,5292,Developer,2023-11-20
898,18762,Developer,2024-04-21
899,3260,Developer,2024-07-11
899,10660,Executive,2023-11-05
899,15826,Manager,2025-04-22
899,24472,Executive,2024-07-19
900,9414,Lead,2023-09-15
901,4103,Developer,2024-01-25
901,19039,Manager,2024-09-18
901,20365,Developer,2024-11-01
902,4296,Executive,2025-04-21
902,7044,Lead,2024-10-22
902,20417,Developer,2025-03-22
903,2823,Lead,2024-10-26
903,11087,Executive,2025-03-12
903,13045,Developer,2024-03-30
904,720,Manager,2023-06-09
904,4112,Analyst,2023-10-18
904,24081,Lead,2025-05-07
905,5512,Lead,2025-02-03
905,7173,Manager,2024-06-19
905,7298,Executive,2023-11-19
905,8746,Lead,2023-09-25
905,13739,Developer,2024-04-14
906,935,Manager,2023-07-25
906,2465,Manager,2023-07-06
906,4537,Analyst,2025-02-28
906,6582,Manager,2023-07-13
906,9742,Manager,2024-08-19
907,23532,Developer,2024-04-13
907,24604,Manager,2023-10-24
908,6790,Executive,2024-01-20
908,9518,Lead,2024-04-13
909,3403,Lead,2024-03-15
909,4098,Executive,2024-06-17
909,11026,Lead,2023-07-09
909,16580,Developer,2023-08-19
910,633,Lead,2023-06-05
911,4131,Developer,2023-12-14
911,10088,Manager,2024-08-03
911,13109,Analyst,2023-11-13
911,18678,Developer,2024-03-25
912,8274,Analyst,2024-08-08
912,10402,Manager,2025-04-26
912,20425,Analyst,2023-12-25
912,21265,Developer,2023-12-13
912,23992,Developer,2023-10-07
913,6427,Analyst,2025-01-21
914,12822,Manager,2023-08-15
914,17513,Lead,2023-12-05
915,5696,Analyst,2023-05-29
915,7071,Manager,2024-01-02
915,8235,Executive,2024-04-13
915,15059,Developer,2024-09-05
915,23094,Manager,2024-02-03
916,471,Executive,2024-01-21
916,1087,Developer,2023-06-22
917,6730,Executive,2023-06-28
917,10925,Developer,2025-02-01
917,24760,Executive,2023-08-06
918,4339,Lead,2025-01-30
918,11080,Executive,2025-05-04
918,11334,Manager,2025-05-21
918,13484,Lead,2024-03-09
918,23695,Analyst,2024-04-23
919,953,Lead,2025-05-19
919,23100,Developer,2023-05-28
919,23685,Executive,2023-12-18
920,6140,Developer,2025-01-03
920,24226,Lead,2023-12-31
921,2885,Executive,2025-04-22
921,4276,Manager,2024-08-04
921,10797,Lead,2024-12-04
922,850,Manager,2023-08-30
922,8898,Developer,2024-07-22
922,13840,Executive,2023-11-11
923,10652,Lead,2023-06-30
924,2843,Executive,2024-02-15
924,4851,Manager,2024-03-02
924,6537,Manager,2024-06-22
924,11672,Developer,2024-10-01
924,19129,Developer,2024-08-09
925,1818,Analyst,2024-04-18
925,2671,Lead,2024-03-11
925,12802,Analyst,2024-06-09
925,19531,Lead,2023-12-19
925,24322,Analyst,2024-10-07
926,10006,Executive,2024-05-27
926,22807,Manager,2024-08-31
926,23093,Manager,2024-08-22
927,2374,Developer,2024-10-08
927,21692,Manager,2023-06-09
928,431,Analyst,2024-02-12
928,8584,Executive,2024-11-16
928,16051,Executive,2024-12-15
928,16155,Lead,2024-03-22
928,21367,Developer,2024-11-17
929,5409,Analyst,2024-06-22
929,5885,Lead,2024-09-02
929,10176,Lead,2024-10-01
929,10753,Analyst,2024-02-02
929,21193,Developer,2024-11-19
930,8201,Lead,2023-07-02
930,17012,Executive,2023-10-12
930,18142,Analyst,2024-02-07
931,1467,Analyst,2024-08-16
931,9115,Analyst,2024-05-10
931,13098,Analyst,2024-11-06
932,1455,Lead,2024-09-05
932,2990,Executive,2023-08-08
932,4243,Executive,2023-10-20
932,6301,Developer,2025-05-09
932,8977,Manager,2024-04-28
933,22014,Executive,2025-01-10
934,5647,Lead,2024-12-28
934,17708,Lead,2024-04-26
935,9924,Analyst,2025-01-28
935,15174,Lead,2024-06-21
935,22927,Analyst,2023-08-08
936,12159,Analyst,2024-11-18
936,16100,Lead,2024-03-30
936,17873,Executive,2024-08-01
936,23287,Developer,2024-11-19
937,3067,Executive,2024-07-21
937,12531,Lead,2024-12-19
937,21973,Developer,2023-08-10
937,24355,Manager,2024-10-04
938,11806,Lead,2024-07-23
938,12246,Lead,2024-09-04
938,12740,Executive,2024-06-12
938,21405,Analyst,2024-06-11
938,24234,Manager,2023-11-19
939,10350,Executive,2024-07-14
939,22517,Lead,2025-04-28
940,4104,Executive,2023-06-11
940,10217,Developer,2025-04-16
940,15283,Manager,2025-02-17
940,17664,Manager,2024-11-28
941,8819,Manager,2023-09-03
941,8924,Manager,2024-09-02
941,13170,Executive,2024-01-20
941,14041,Developer,2024-01-02
941,22170,Manager,2024-08-02
942,398,Analyst,2024-02-22
942,1612,Manager,2023-07-30
942,15541,Analyst,2024-07-08
942,20225,Lead,2024-11-22
943,4609,Executive,2024-10-10
943,21389,Lead,2024-02-03
944,596,Developer,2024-04-02
944,20541,Analyst,2023-11-15
945,3458,Executive,2024-10-23
945,12877,Analyst,2023-10-06
945,24676,Manager,2023-09-29
946,8228,Manager,2024-08-29
946,11416,Developer,2025-03-11
946,22304,Lead,2024-06-02
946,22607,Lead,2025-05-15
946,24725,Lead,2023-11-21
947,3978,Analyst,2025-05-11
947,7351,Developer,2025-05-03
947,13722,Executive,2025-05-23
947,19436,Analyst,2023-10-23
947,23496,Developer,2024-07-24
948,581,Lead,2023-07-28
948,15898,Executive,2023-10-19
948,18080,Developer,2024-06-17
948,24635,Analyst,2025-02-27
948,24866,Executive,2023-11-13
949,5364,Executive,2024-06-14
949,15581,Lead,2023-05-24
950,11688,Analyst,2025-04-08
951,11881,Developer,2023-12-17
951,22937,Manager,2024-09-15
951,24443,Executive,2023-10-06
952,6037,Analyst,2024-11-09
952,6659,Developer,2023-06-25
952,22756,Lead,2024-05-16
953,146,Executive,2024-03-31
953,14626,Manager,2024-02-27
953,15600,Developer,2024-05-08
953,19480,Lead,2024-07-24
953,24787,Lead,2024-12-18
954,14326,Executive,2023-12-26
955,24617,Analyst,2023-07-07
956,3233,Manager,2024-12-14
956,10647,Developer,2024-07-10
956,14200,Analyst,2023-07-16
957,2311,Manager,2023-11-25
957,3959,Lead,2024-01-21
957,7214,Analyst,2025-03-25
957,10904,Executive,2024-08-23
957,18697,Manager,2023-06-04
958,4423,Analyst,2024-05-03
958,11215,Analyst,2024-06-20
958,18419,Analyst,2023-11-16
958,20039,Analyst,2023-06-08
958,20983,Manager,2024-09-13
959,4818,Developer,2023-08-25
960,2935,Analyst,2024-11-30
960,6792,Lead,2023-06-18
960,10397,Manager,2025-05-13
960,22239,Executive,2024-09-04
961,6130,Executive,2023-10-23
961,6149,Manager,2024-09-27
961,10783,Executive,2023-10-11
961,14961,Executive,2023-07-15
961,17944,Analyst,2025-01-06
962,2467,Executive,2025-03-10
962,6208,Lead,2024-05-30
962,16032,Developer,2023-08-10
962,21427,Lead,2024-07-05
963,3785,Developer,2024-10-21
963,13405,Lead,2023-09-17
964,8019,Executive,2024-06-23
965,8521,Analyst,2024-10-11
966,13932,Analyst,2024-10-30
966,14972,Executive,2023-06-21
967,10485,Developer,2024-10-17
967,20828,Analyst,2024-02-24
967,24307,Executive,2025-05-18
968,9542,Executive,2024-10-07
969,7450,Analyst,2024-08-24
969,16673,Lead,2024-05-04
969,18568,Developer,2024-04-25
969,18599,Analyst,2024-10-29
970,2930,Executive,2024-01-27
970,13162,Manager,2024-07-04
970,14851,Executive,2024-01-14
970,20303,Developer,2024-04-06
970,22704,Manager,2024-10-27
971,1162,Manager,2024-06-17
971,9920,Developer,2025-05-15
971,15289,Executive,2024-11-13
971,22673,Manager,2023-05-30
972,9199,Analyst,2024-05-08
972,18428,Executive,2023-05-27
972,19532,Executive,2023-09-11
973,7449,Executive,2025-04-13
973,11277,Lead,2024-09-04
973,16827,Lead,2023-12-30
973,20435,Developer,2024-08-08
974,1434,Developer,2024-08-12
974,4842,Manager,2023-06-04
975,13274,Executive,2023-10-16
975,13968,Developer,2025-02-16
975,17073,Analyst,2025-03-25
975,20361,Executive,2024-02-28
976,1128,Analyst,2025-01-07
976,7564,Analyst,2025-05-19
976,19218,Lead,2025-02-04
976,21526,Developer,2024-06-11
977,15121,Developer,2024-06-25
977,24826,Executive,2024-05-07
978,215,Developer,2024-09-15
978,4623,Analyst,2025-01-28
978,10366,Developer,2023-09-21
978,14825,Lead,2024-05-04
979,23564,Lead,2023-08-13
980,16237,Lead,2023-11-28
981,10109,Developer,2024-03-25
981,14526,Manager,2024-05-03
981,23632,Executive,2024-12-28
982,13333,Lead,2025-05-17
982,14076,Developer,2024-02-14
983,572,Manager,2024-10-22
983,21476,Manager,2023-11-04
984,24565,Developer,2024-02-21
985,541,Analyst,2024-11-30
985,922,Manager,2023-07-31
985,4684,Executive,2025-04-23
985,22442,Analyst,2023-07-03
986,5419,Manager,2025-05-04
987,3787,Analyst,2025-05-11
987,7935,Analyst,2023-10-04
987,10489,Executive,2024-09-24
988,1160,Manager,2024-11-29
988,22316,Analyst,2024-01-31
989,6093,Analyst,2024-04-05
989,8963,Lead,2024-12-22
990,7275,Manager,2024-07-31
990,10353,Manager,2024-10-20
990,15478,Developer,2024-12-20
991,9321,Analyst,2025-04-23
991,19130,Lead,2023-12-09
992,6403,Developer,2025-03-18
992,7631,Analyst,2023-08-30
993,1620,Lead,2024-12-27
993,4872,Manager,2024-04-25
993,14987,Manager,2024-11-02
993,22080,Executive,2024-04-30
994,3223,Developer,2025-04-22
994,3644,Lead,2023-07-25
994,7650,Developer,2024-04-10
994,20190,Developer,2023-05-24
994,23977,Lead,2024-05-06
995,4867,Manager,2025-01-27
995,22671,Manager,2024-05-24
996,6688,Analyst,2024-03-14
996,16443,Manager,2024-06-17
997,5722,Lead,2024-12-01
997,12727,Developer,2025-02-26
997,23552,Manager,2025-03-22
997,24260,Analyst,2024-08-18
998,3958,Manager,2023-06-22
998,8378,Developer,2023-09-02
998,11009,Analyst,2024-10-15
998,14597,Manager,2024-12-19
998,18460,Analyst,2023-10-21
999,7814,Analyst,2024-04-04
1000,308,Manager,2025-02-17
1000,7285,Developer,2024-07-04
