benefit_id,empID,benefit_name,benefit_value
1,1,Stock Options,100 units
2,1,Stock Options,93 units
3,1,Gym Membership,$1343
4,2,Gym Membership,$1213
5,3,Health Insurance,$187
6,3,Gym Membership,$216
7,4,Gym Membership,$253
8,4,Health Insurance,$1987
9,4,Stock Options,63 units
10,5,Paid Vacation,$1683
11,5,Paid Vacation,$380
12,6,Health Insurance,$1327
13,6,Health Insurance,$915
14,7,Paid Vacation,$482
15,7,Stock Options,18 units
16,7,Paid Vacation,$350
17,8,Gym Membership,$1606
18,8,Transport Allowance,$1802
19,8,Stock Options,78 units
20,9,Gym Membership,$1912
21,9,Transport Allowance,$618
22,9,Transport Allowance,$769
23,11,Transport Allowance,$747
24,11,Stock Options,89 units
25,11,Health Insurance,$1611
26,13,Stock Options,89 units
27,13,Paid Vacation,$1302
28,15,Paid Vacation,$1215
29,15,Gym Membership,$199
30,16,Health Insurance,$724
31,16,Transport Allowance,$1707
32,16,Health Insurance,$737
33,17,Paid Vacation,$1223
34,18,Paid Vacation,$575
35,19,Health Insurance,$581
36,20,Stock Options,25 units
37,21,Stock Options,75 units
38,21,Stock Options,94 units
39,21,Stock Options,67 units
40,22,Health Insurance,$115
41,22,Gym Membership,$1507
42,22,Transport Allowance,$1755
43,23,Paid Vacation,$1782
44,23,Transport Allowance,$1187
45,25,Gym Membership,$1538
46,27,Transport Allowance,$468
47,28,Health Insurance,$581
48,28,Transport Allowance,$1308
49,30,Stock Options,57 units
50,30,Paid Vacation,$1322
51,32,Transport Allowance,$1435
52,32,Health Insurance,$1674
53,33,Transport Allowance,$1788
54,33,Health Insurance,$1476
55,34,Transport Allowance,$137
56,34,Transport Allowance,$1370
57,36,Paid Vacation,$1383
58,36,Health Insurance,$801
59,36,Transport Allowance,$1339
60,37,Gym Membership,$626
61,38,Gym Membership,$1374
62,38,Health Insurance,$1593
63,39,Transport Allowance,$555
64,39,Transport Allowance,$354
65,40,Health Insurance,$947
66,40,Health Insurance,$1650
67,41,Gym Membership,$1249
68,41,Health Insurance,$1392
69,42,Gym Membership,$1852
70,43,Paid Vacation,$299
71,43,Gym Membership,$1721
72,44,Stock Options,92 units
73,46,Health Insurance,$429
74,46,Transport Allowance,$1314
75,46,Paid Vacation,$907
76,47,Health Insurance,$1768
77,47,Health Insurance,$1654
78,48,Transport Allowance,$172
79,48,Transport Allowance,$1028
80,48,Gym Membership,$678
81,49,Health Insurance,$1526
82,49,Health Insurance,$1815
83,49,Stock Options,39 units
84,50,Health Insurance,$212
85,51,Paid Vacation,$802
86,51,Gym Membership,$1149
87,52,Gym Membership,$1956
88,52,Stock Options,45 units
89,52,Gym Membership,$1183
90,53,Transport Allowance,$1258
91,53,Gym Membership,$1753
92,53,Health Insurance,$973
93,54,Transport Allowance,$1178
94,55,Stock Options,70 units
95,55,Transport Allowance,$317
96,55,Transport Allowance,$280
97,56,Paid Vacation,$627
98,56,Transport Allowance,$1580
99,57,Transport Allowance,$532
100,58,Gym Membership,$1051
101,58,Transport Allowance,$117
102,59,Health Insurance,$1931
103,59,Transport Allowance,$838
104,61,Paid Vacation,$1942
105,61,Transport Allowance,$1466
106,63,Stock Options,61 units
107,64,Gym Membership,$934
108,66,Paid Vacation,$539
109,67,Paid Vacation,$1550
110,67,Paid Vacation,$1017
111,67,Stock Options,77 units
112,68,Transport Allowance,$320
113,68,Paid Vacation,$1512
114,69,Paid Vacation,$694
115,70,Paid Vacation,$1808
116,70,Paid Vacation,$1429
117,70,Health Insurance,$230
118,72,Gym Membership,$1106
119,73,Transport Allowance,$1894
120,73,Stock Options,2 units
121,73,Stock Options,57 units
122,74,Stock Options,87 units
123,74,Stock Options,79 units
124,76,Gym Membership,$1096
125,76,Transport Allowance,$1869
126,77,Gym Membership,$1567
127,78,Health Insurance,$1397
128,78,Paid Vacation,$1541
129,78,Health Insurance,$969
130,79,Gym Membership,$532
131,80,Transport Allowance,$865
132,82,Transport Allowance,$1179
133,82,Health Insurance,$1570
134,83,Paid Vacation,$1586
135,83,Transport Allowance,$937
136,83,Paid Vacation,$1855
137,84,Transport Allowance,$1342
138,85,Transport Allowance,$728
139,85,Transport Allowance,$636
140,86,Stock Options,29 units
141,86,Stock Options,81 units
142,86,Gym Membership,$1484
143,88,Transport Allowance,$1385
144,89,Gym Membership,$997
145,89,Paid Vacation,$1629
146,90,Transport Allowance,$1909
147,90,Stock Options,5 units
148,90,Paid Vacation,$760
149,91,Paid Vacation,$1912
150,91,Stock Options,54 units
151,91,Health Insurance,$1412
152,92,Health Insurance,$1212
153,92,Transport Allowance,$1429
154,92,Transport Allowance,$841
155,93,Health Insurance,$208
156,93,Health Insurance,$795
157,93,Transport Allowance,$1483
158,94,Stock Options,53 units
159,94,Gym Membership,$194
160,94,Stock Options,25 units
161,95,Gym Membership,$1532
162,96,Transport Allowance,$526
163,98,Gym Membership,$1629
164,98,Health Insurance,$326
165,102,Transport Allowance,$626
166,102,Health Insurance,$1523
167,103,Transport Allowance,$1141
168,103,Paid Vacation,$1224
169,104,Gym Membership,$1005
170,104,Health Insurance,$716
171,106,Health Insurance,$1459
172,106,Health Insurance,$572
173,106,Stock Options,55 units
174,107,Paid Vacation,$1993
175,107,Health Insurance,$1013
176,107,Stock Options,23 units
177,108,Paid Vacation,$1266
178,108,Stock Options,87 units
179,108,Transport Allowance,$246
180,110,Gym Membership,$1137
181,110,Paid Vacation,$123
182,110,Transport Allowance,$1960
183,111,Paid Vacation,$1189
184,112,Paid Vacation,$1967
185,113,Stock Options,76 units
186,114,Gym Membership,$1063
187,114,Gym Membership,$1207
188,116,Gym Membership,$1484
189,116,Paid Vacation,$570
190,117,Stock Options,20 units
191,117,Gym Membership,$1569
192,117,Gym Membership,$407
193,118,Transport Allowance,$1781
194,118,Gym Membership,$921
195,118,Paid Vacation,$275
196,120,Gym Membership,$1850
197,122,Transport Allowance,$320
198,122,Gym Membership,$1304
199,122,Stock Options,62 units
200,123,Gym Membership,$330
201,124,Stock Options,6 units
202,124,Paid Vacation,$348
203,124,Health Insurance,$1479
204,125,Stock Options,25 units
205,126,Paid Vacation,$302
206,127,Health Insurance,$173
207,127,Gym Membership,$1273
208,130,Transport Allowance,$1304
209,131,Stock Options,75 units
210,132,Gym Membership,$1507
211,133,Transport Allowance,$1022
212,133,Paid Vacation,$632
213,134,Paid Vacation,$1127
214,134,Stock Options,35 units
215,135,Gym Membership,$866
216,135,Transport Allowance,$628
217,136,Health Insurance,$234
218,136,Paid Vacation,$1375
219,136,Stock Options,36 units
220,138,Paid Vacation,$697
221,138,Stock Options,33 units
222,138,Gym Membership,$1042
223,140,Gym Membership,$1688
224,142,Paid Vacation,$1963
225,142,Paid Vacation,$1348
226,143,Gym Membership,$229
227,143,Transport Allowance,$393
228,145,Gym Membership,$1784
229,146,Stock Options,62 units
230,148,Stock Options,76 units
231,148,Paid Vacation,$761
232,149,Stock Options,19 units
233,149,Stock Options,81 units
234,151,Paid Vacation,$1354
235,152,Health Insurance,$1584
236,152,Paid Vacation,$1430
237,152,Stock Options,71 units
238,153,Gym Membership,$1053
239,154,Health Insurance,$1611
240,154,Gym Membership,$1903
241,154,Gym Membership,$1054
242,155,Transport Allowance,$1564
243,155,Health Insurance,$845
244,155,Paid Vacation,$234
245,157,Gym Membership,$457
246,157,Health Insurance,$946
247,159,Gym Membership,$1903
248,159,Paid Vacation,$497
249,160,Health Insurance,$1458
250,160,Gym Membership,$368
251,160,Paid Vacation,$1714
252,161,Paid Vacation,$598
253,161,Gym Membership,$1689
254,162,Paid Vacation,$1741
255,162,Paid Vacation,$352
256,162,Health Insurance,$1158
257,164,Transport Allowance,$1684
258,164,Paid Vacation,$594
259,165,Health Insurance,$1263
260,165,Gym Membership,$552
261,167,Stock Options,6 units
262,167,Paid Vacation,$142
263,167,Gym Membership,$1284
264,168,Gym Membership,$1032
265,168,Paid Vacation,$782
266,169,Transport Allowance,$1197
267,170,Stock Options,5 units
268,170,Gym Membership,$1327
269,173,Transport Allowance,$541
270,174,Paid Vacation,$955
271,175,Health Insurance,$669
272,176,Transport Allowance,$1069
273,176,Gym Membership,$1540
274,177,Health Insurance,$1145
275,178,Stock Options,72 units
276,178,Paid Vacation,$1983
277,180,Gym Membership,$1365
278,180,Transport Allowance,$918
279,180,Transport Allowance,$1996
280,183,Gym Membership,$624
281,183,Stock Options,37 units
282,184,Transport Allowance,$524
283,184,Health Insurance,$1047
284,186,Health Insurance,$1202
285,187,Health Insurance,$929
286,188,Gym Membership,$683
287,188,Paid Vacation,$1136
288,189,Gym Membership,$755
289,189,Health Insurance,$1327
290,190,Paid Vacation,$461
291,191,Transport Allowance,$1608
292,191,Stock Options,66 units
293,194,Paid Vacation,$1072
294,194,Health Insurance,$1068
295,194,Paid Vacation,$1847
296,196,Gym Membership,$224
297,196,Paid Vacation,$1292
298,196,Paid Vacation,$567
299,198,Health Insurance,$1829
300,198,Stock Options,30 units
301,198,Paid Vacation,$855
302,199,Gym Membership,$662
303,200,Gym Membership,$146
304,202,Health Insurance,$1855
305,202,Paid Vacation,$1231
306,204,Transport Allowance,$1046
307,204,Transport Allowance,$1822
308,205,Transport Allowance,$1606
309,205,Stock Options,84 units
310,206,Gym Membership,$1357
311,207,Health Insurance,$1643
312,208,Transport Allowance,$747
313,209,Transport Allowance,$195
314,209,Health Insurance,$1284
315,209,Health Insurance,$1491
316,211,Stock Options,60 units
317,211,Transport Allowance,$400
318,211,Transport Allowance,$1791
319,212,Health Insurance,$156
320,212,Stock Options,34 units
321,212,Transport Allowance,$521
322,213,Gym Membership,$356
323,213,Stock Options,86 units
324,213,Gym Membership,$1066
325,214,Paid Vacation,$407
326,214,Stock Options,32 units
327,214,Stock Options,98 units
328,215,Paid Vacation,$1947
329,216,Gym Membership,$1111
330,217,Gym Membership,$769
331,217,Paid Vacation,$1424
332,217,Health Insurance,$1739
333,218,Gym Membership,$1825
334,220,Paid Vacation,$324
335,220,Transport Allowance,$769
336,220,Gym Membership,$339
337,221,Health Insurance,$1635
338,221,Stock Options,52 units
339,222,Transport Allowance,$1579
340,222,Paid Vacation,$1219
341,222,Gym Membership,$961
342,225,Gym Membership,$1237
343,226,Transport Allowance,$672
344,226,Paid Vacation,$993
345,226,Paid Vacation,$1800
346,227,Health Insurance,$827
347,227,Health Insurance,$1587
348,228,Health Insurance,$1561
349,228,Gym Membership,$1366
350,229,Stock Options,63 units
351,229,Health Insurance,$1855
352,230,Health Insurance,$1074
353,231,Gym Membership,$1586
354,231,Gym Membership,$1790
355,231,Paid Vacation,$1440
356,232,Health Insurance,$1317
357,232,Paid Vacation,$1785
358,233,Paid Vacation,$606
359,233,Health Insurance,$1639
360,233,Paid Vacation,$1100
361,234,Paid Vacation,$1363
362,234,Transport Allowance,$108
363,236,Paid Vacation,$230
364,236,Health Insurance,$804
365,236,Gym Membership,$100
366,237,Transport Allowance,$695
367,237,Transport Allowance,$1244
368,237,Paid Vacation,$1726
369,239,Paid Vacation,$228
370,239,Transport Allowance,$976
371,239,Stock Options,56 units
372,241,Gym Membership,$803
373,241,Paid Vacation,$793
374,241,Paid Vacation,$1611
375,242,Health Insurance,$1267
376,243,Stock Options,11 units
377,243,Gym Membership,$133
378,243,Health Insurance,$303
379,244,Stock Options,91 units
380,244,Gym Membership,$1739
381,245,Transport Allowance,$1461
382,245,Paid Vacation,$156
383,246,Paid Vacation,$1423
384,246,Gym Membership,$1920
385,246,Gym Membership,$1885
386,247,Health Insurance,$619
387,247,Stock Options,44 units
388,248,Transport Allowance,$1086
389,249,Paid Vacation,$1962
390,249,Gym Membership,$901
391,249,Gym Membership,$971
392,251,Paid Vacation,$1018
393,251,Transport Allowance,$1062
394,252,Gym Membership,$1427
395,252,Health Insurance,$1543
396,252,Transport Allowance,$1830
397,254,Stock Options,23 units
398,254,Stock Options,11 units
399,255,Stock Options,13 units
400,255,Gym Membership,$1967
401,255,Transport Allowance,$544
402,256,Stock Options,39 units
403,256,Transport Allowance,$107
404,256,Stock Options,34 units
405,257,Paid Vacation,$162
406,258,Stock Options,18 units
407,258,Stock Options,4 units
408,259,Health Insurance,$1589
409,259,Stock Options,70 units
410,260,Gym Membership,$522
411,260,Health Insurance,$1154
412,260,Health Insurance,$1932
413,261,Stock Options,38 units
414,261,Health Insurance,$1142
415,263,Stock Options,44 units
416,263,Gym Membership,$778
417,263,Paid Vacation,$1204
418,264,Paid Vacation,$631
419,265,Health Insurance,$105
420,266,Transport Allowance,$1942
421,267,Health Insurance,$1932
422,267,Paid Vacation,$1478
423,267,Health Insurance,$995
424,269,Transport Allowance,$1200
425,269,Stock Options,67 units
426,271,Stock Options,38 units
427,271,Transport Allowance,$595
428,271,Gym Membership,$1760
429,274,Paid Vacation,$1266
430,275,Health Insurance,$1082
431,275,Health Insurance,$881
432,276,Stock Options,75 units
433,276,Paid Vacation,$997
434,276,Transport Allowance,$703
435,277,Gym Membership,$315
436,277,Stock Options,99 units
437,277,Stock Options,23 units
438,278,Stock Options,81 units
439,281,Transport Allowance,$493
440,281,Transport Allowance,$1952
441,281,Paid Vacation,$822
442,283,Gym Membership,$1804
443,283,Paid Vacation,$746
444,283,Gym Membership,$1703
445,284,Transport Allowance,$1469
446,284,Health Insurance,$538
447,284,Gym Membership,$171
448,286,Health Insurance,$1257
449,286,Stock Options,40 units
450,286,Gym Membership,$1950
451,287,Stock Options,95 units
452,287,Health Insurance,$618
453,289,Health Insurance,$1693
454,290,Stock Options,5 units
455,290,Gym Membership,$979
456,291,Gym Membership,$1590
457,291,Paid Vacation,$1805
458,291,Stock Options,13 units
459,292,Transport Allowance,$297
460,292,Health Insurance,$284
461,293,Transport Allowance,$1901
462,294,Health Insurance,$907
463,295,Stock Options,93 units
464,296,Stock Options,69 units
465,297,Gym Membership,$1847
466,298,Transport Allowance,$1396
467,298,Transport Allowance,$1484
468,298,Transport Allowance,$812
469,299,Health Insurance,$382
470,299,Gym Membership,$684
471,300,Stock Options,48 units
472,302,Transport Allowance,$1134
473,303,Stock Options,55 units
474,304,Gym Membership,$1369
475,304,Paid Vacation,$1372
476,304,Health Insurance,$771
477,305,Stock Options,63 units
478,305,Gym Membership,$1310
479,306,Transport Allowance,$1051
480,306,Paid Vacation,$391
481,308,Transport Allowance,$1038
482,309,Stock Options,100 units
483,310,Stock Options,34 units
484,310,Stock Options,81 units
485,311,Health Insurance,$1421
486,311,Paid Vacation,$1320
487,312,Paid Vacation,$501
488,312,Transport Allowance,$726
489,314,Paid Vacation,$1143
490,315,Paid Vacation,$305
491,315,Health Insurance,$1480
492,315,Health Insurance,$1295
493,316,Health Insurance,$1970
494,316,Health Insurance,$326
495,316,Paid Vacation,$1547
496,317,Paid Vacation,$1323
497,317,Paid Vacation,$1196
498,317,Gym Membership,$257
499,318,Paid Vacation,$1244
500,319,Transport Allowance,$626
501,319,Gym Membership,$171
502,319,Stock Options,68 units
503,320,Paid Vacation,$208
504,320,Health Insurance,$1176
505,321,Health Insurance,$951
506,321,Transport Allowance,$1936
507,321,Health Insurance,$1481
508,322,Gym Membership,$1036
509,322,Stock Options,45 units
510,324,Gym Membership,$192
511,324,Health Insurance,$507
512,324,Gym Membership,$760
513,325,Transport Allowance,$1825
514,325,Gym Membership,$638
515,326,Health Insurance,$427
516,326,Gym Membership,$1511
517,328,Stock Options,51 units
518,328,Health Insurance,$628
519,328,Paid Vacation,$810
520,329,Stock Options,79 units
521,329,Paid Vacation,$602
522,329,Paid Vacation,$1177
523,330,Paid Vacation,$1236
524,330,Transport Allowance,$219
525,331,Gym Membership,$334
526,333,Paid Vacation,$554
527,333,Transport Allowance,$1669
528,333,Stock Options,41 units
529,334,Gym Membership,$518
530,335,Stock Options,2 units
531,335,Gym Membership,$1824
532,335,Stock Options,80 units
533,336,Stock Options,92 units
534,336,Health Insurance,$612
535,336,Stock Options,49 units
536,337,Stock Options,43 units
537,338,Stock Options,57 units
538,338,Paid Vacation,$1149
539,339,Stock Options,85 units
540,339,Health Insurance,$1566
541,339,Gym Membership,$727
542,342,Transport Allowance,$249
543,342,Gym Membership,$538
544,343,Paid Vacation,$1382
545,343,Paid Vacation,$602
546,344,Paid Vacation,$1348
547,344,Gym Membership,$313
548,345,Transport Allowance,$1222
549,345,Gym Membership,$1046
550,346,Stock Options,53 units
551,346,Transport Allowance,$1241
552,347,Health Insurance,$319
553,347,Stock Options,53 units
554,347,Gym Membership,$1507
555,348,Gym Membership,$1539
556,349,Gym Membership,$1315
557,349,Health Insurance,$1289
558,349,Gym Membership,$560
559,350,Gym Membership,$560
560,351,Paid Vacation,$185
561,351,Stock Options,68 units
562,352,Paid Vacation,$1433
563,352,Transport Allowance,$1998
564,352,Transport Allowance,$1962
565,353,Transport Allowance,$1263
566,353,Health Insurance,$753
567,354,Health Insurance,$1195
568,354,Health Insurance,$388
569,354,Transport Allowance,$711
570,355,Gym Membership,$205
571,356,Health Insurance,$1986
572,358,Transport Allowance,$356
573,359,Paid Vacation,$834
574,360,Transport Allowance,$939
575,361,Gym Membership,$991
576,362,Gym Membership,$578
577,362,Health Insurance,$1711
578,363,Health Insurance,$1427
579,364,Paid Vacation,$1766
580,364,Health Insurance,$1164
581,365,Health Insurance,$309
582,365,Stock Options,36 units
583,365,Transport Allowance,$1660
584,366,Transport Allowance,$322
585,366,Transport Allowance,$1630
586,366,Transport Allowance,$1285
587,367,Gym Membership,$1460
588,367,Paid Vacation,$1330
589,367,Transport Allowance,$545
590,368,Health Insurance,$246
591,369,Gym Membership,$1919
592,369,Gym Membership,$1975
593,370,Stock Options,69 units
594,370,Transport Allowance,$1070
595,370,Transport Allowance,$1961
596,371,Paid Vacation,$1398
597,371,Stock Options,35 units
598,371,Transport Allowance,$367
599,372,Gym Membership,$1791
600,372,Gym Membership,$939
601,372,Health Insurance,$1326
602,373,Health Insurance,$1827
603,374,Transport Allowance,$1403
604,374,Stock Options,69 units
605,376,Transport Allowance,$1876
606,376,Paid Vacation,$645
607,377,Health Insurance,$320
608,379,Paid Vacation,$180
609,380,Gym Membership,$213
610,380,Transport Allowance,$1600
611,380,Transport Allowance,$723
612,383,Health Insurance,$692
613,385,Transport Allowance,$618
614,386,Stock Options,43 units
615,386,Stock Options,11 units
616,387,Stock Options,39 units
617,387,Gym Membership,$263
618,387,Paid Vacation,$614
619,389,Paid Vacation,$1985
620,389,Health Insurance,$906
621,389,Stock Options,5 units
622,390,Gym Membership,$1773
623,390,Health Insurance,$761
624,390,Health Insurance,$1028
625,391,Transport Allowance,$322
626,391,Gym Membership,$1915
627,392,Stock Options,11 units
628,394,Transport Allowance,$1734
629,394,Transport Allowance,$847
630,394,Health Insurance,$1018
631,395,Paid Vacation,$716
632,395,Stock Options,7 units
633,395,Transport Allowance,$941
634,396,Gym Membership,$1267
635,396,Stock Options,27 units
636,396,Stock Options,89 units
637,397,Paid Vacation,$282
638,400,Health Insurance,$203
639,400,Paid Vacation,$1943
640,400,Paid Vacation,$1159
641,401,Paid Vacation,$936
642,402,Gym Membership,$1404
643,403,Health Insurance,$887
644,403,Paid Vacation,$686
645,403,Stock Options,15 units
646,404,Health Insurance,$934
647,404,Transport Allowance,$1783
648,405,Stock Options,5 units
649,406,Stock Options,5 units
650,407,Health Insurance,$844
651,407,Paid Vacation,$1331
652,407,Gym Membership,$1029
653,409,Stock Options,6 units
654,409,Paid Vacation,$1684
655,411,Gym Membership,$1283
656,411,Health Insurance,$765
657,413,Transport Allowance,$956
658,413,Stock Options,24 units
659,414,Health Insurance,$1346
660,414,Stock Options,66 units
661,414,Gym Membership,$319
662,415,Paid Vacation,$129
663,415,Transport Allowance,$1707
664,415,Gym Membership,$442
665,417,Health Insurance,$1700
666,418,Transport Allowance,$428
667,418,Gym Membership,$1902
668,419,Stock Options,41 units
669,420,Transport Allowance,$133
670,420,Gym Membership,$1647
671,421,Stock Options,16 units
672,421,Health Insurance,$1393
673,422,Transport Allowance,$1013
674,422,Gym Membership,$819
675,422,Transport Allowance,$1054
676,423,Gym Membership,$789
677,423,Paid Vacation,$196
678,423,Gym Membership,$1666
679,424,Gym Membership,$847
680,424,Stock Options,17 units
681,424,Paid Vacation,$684
682,427,Stock Options,76 units
683,428,Transport Allowance,$1052
684,430,Stock Options,53 units
685,433,Health Insurance,$1357
686,433,Stock Options,22 units
687,436,Health Insurance,$1915
688,436,Gym Membership,$589
689,436,Transport Allowance,$1906
690,437,Paid Vacation,$1960
691,437,Gym Membership,$922
692,439,Transport Allowance,$1523
693,439,Health Insurance,$1026
694,439,Transport Allowance,$283
695,440,Gym Membership,$907
696,440,Stock Options,86 units
697,441,Health Insurance,$1237
698,442,Health Insurance,$352
699,442,Paid Vacation,$968
700,442,Gym Membership,$665
701,443,Gym Membership,$1180
702,443,Stock Options,46 units
703,444,Transport Allowance,$145
704,445,Transport Allowance,$443
705,445,Stock Options,13 units
706,445,Health Insurance,$381
707,446,Paid Vacation,$1398
708,446,Health Insurance,$1528
709,446,Paid Vacation,$1294
710,447,Gym Membership,$1751
711,448,Health Insurance,$721
712,448,Health Insurance,$1395
713,449,Transport Allowance,$597
714,449,Health Insurance,$1303
715,449,Gym Membership,$409
716,450,Stock Options,18 units
717,450,Stock Options,43 units
718,452,Stock Options,29 units
719,453,Health Insurance,$1182
720,455,Gym Membership,$688
721,455,Stock Options,11 units
722,455,Paid Vacation,$1662
723,457,Health Insurance,$522
724,458,Stock Options,65 units
725,460,Health Insurance,$141
726,460,Health Insurance,$1946
727,461,Health Insurance,$165
728,461,Stock Options,99 units
729,461,Health Insurance,$1148
730,462,Health Insurance,$561
731,462,Transport Allowance,$777
732,463,Gym Membership,$1020
733,464,Paid Vacation,$187
734,464,Paid Vacation,$1444
735,465,Health Insurance,$154
736,465,Transport Allowance,$793
737,466,Health Insurance,$1255
738,466,Paid Vacation,$1907
739,467,Stock Options,28 units
740,468,Transport Allowance,$1328
741,469,Paid Vacation,$1047
742,469,Transport Allowance,$1855
743,471,Gym Membership,$685
744,472,Stock Options,78 units
745,472,Paid Vacation,$1343
746,473,Health Insurance,$431
747,474,Health Insurance,$1574
748,474,Stock Options,4 units
749,475,Paid Vacation,$649
750,476,Transport Allowance,$708
751,476,Paid Vacation,$1586
752,477,Paid Vacation,$813
753,478,Paid Vacation,$1773
754,478,Stock Options,47 units
755,478,Paid Vacation,$337
756,480,Gym Membership,$1443
757,480,Gym Membership,$1579
758,481,Stock Options,93 units
759,481,Paid Vacation,$1696
760,482,Paid Vacation,$1476
761,482,Transport Allowance,$945
762,482,Stock Options,41 units
763,483,Stock Options,14 units
764,483,Transport Allowance,$1463
765,488,Gym Membership,$1159
766,488,Health Insurance,$1814
767,489,Stock Options,73 units
768,490,Paid Vacation,$723
769,490,Gym Membership,$934
770,491,Health Insurance,$807
771,491,Gym Membership,$541
772,491,Health Insurance,$1865
773,492,Stock Options,30 units
774,493,Stock Options,83 units
775,494,Transport Allowance,$1628
776,494,Stock Options,43 units
777,494,Transport Allowance,$792
778,495,Transport Allowance,$1059
779,495,Stock Options,95 units
780,495,Gym Membership,$523
781,496,Paid Vacation,$139
782,497,Gym Membership,$1443
783,497,Gym Membership,$1653
784,499,Paid Vacation,$1516
785,499,Transport Allowance,$333
786,500,Gym Membership,$720
787,500,Gym Membership,$1711
788,501,Stock Options,73 units
789,501,Paid Vacation,$519
790,501,Paid Vacation,$1931
791,502,Transport Allowance,$1174
792,503,Stock Options,1 units
793,503,Stock Options,87 units
794,503,Stock Options,55 units
795,507,Health Insurance,$1505
796,508,Transport Allowance,$1160
797,508,Gym Membership,$413
798,508,Gym Membership,$352
799,510,Health Insurance,$295
800,510,Health Insurance,$793
801,511,Transport Allowance,$505
802,512,Gym Membership,$1632
803,512,Transport Allowance,$1116
804,513,Stock Options,44 units
805,513,Paid Vacation,$1558
806,513,Transport Allowance,$1715
807,515,Paid Vacation,$1045
808,516,Gym Membership,$370
809,517,Paid Vacation,$1624
810,517,Paid Vacation,$1949
811,518,Stock Options,80 units
812,518,Transport Allowance,$539
813,518,Stock Options,78 units
814,519,Gym Membership,$477
815,519,Transport Allowance,$205
816,520,Gym Membership,$1231
817,521,Health Insurance,$257
818,521,Paid Vacation,$1971
819,522,Paid Vacation,$403
820,523,Health Insurance,$1604
821,523,Paid Vacation,$1467
822,524,Stock Options,55 units
823,524,Transport Allowance,$786
824,525,Transport Allowance,$459
825,525,Gym Membership,$1936
826,526,Transport Allowance,$172
827,526,Transport Allowance,$1132
828,527,Stock Options,82 units
829,527,Paid Vacation,$752
830,528,Stock Options,33 units
831,530,Paid Vacation,$1670
832,531,Transport Allowance,$701
833,531,Paid Vacation,$1263
834,532,Stock Options,9 units
835,532,Transport Allowance,$1397
836,533,Gym Membership,$1072
837,534,Gym Membership,$665
838,534,Transport Allowance,$222
839,535,Health Insurance,$1290
840,535,Paid Vacation,$696
841,535,Gym Membership,$1051
842,536,Stock Options,86 units
843,536,Gym Membership,$175
844,539,Paid Vacation,$100
845,540,Stock Options,79 units
846,541,Paid Vacation,$183
847,541,Transport Allowance,$1299
848,541,Stock Options,61 units
849,543,Gym Membership,$1062
850,543,Paid Vacation,$1470
851,543,Gym Membership,$1711
852,545,Gym Membership,$966
853,545,Stock Options,6 units
854,546,Stock Options,96 units
855,547,Transport Allowance,$924
856,548,Paid Vacation,$497
857,548,Stock Options,33 units
858,549,Gym Membership,$663
859,549,Stock Options,58 units
860,551,Paid Vacation,$397
861,552,Gym Membership,$1466
862,552,Paid Vacation,$1715
863,552,Paid Vacation,$1510
864,554,Stock Options,13 units
865,555,Paid Vacation,$1643
866,555,Paid Vacation,$222
867,555,Gym Membership,$1989
868,557,Gym Membership,$788
869,557,Stock Options,49 units
870,558,Stock Options,16 units
871,558,Paid Vacation,$633
872,558,Stock Options,38 units
873,559,Transport Allowance,$1991
874,559,Transport Allowance,$365
875,559,Paid Vacation,$1921
876,560,Transport Allowance,$275
877,560,Paid Vacation,$1177
878,561,Paid Vacation,$799
879,562,Stock Options,22 units
880,562,Transport Allowance,$738
881,563,Gym Membership,$1554
882,563,Gym Membership,$698
883,565,Health Insurance,$1135
884,565,Stock Options,73 units
885,566,Health Insurance,$1648
886,566,Gym Membership,$814
887,567,Paid Vacation,$471
888,568,Paid Vacation,$262
889,569,Stock Options,72 units
890,569,Gym Membership,$1708
891,570,Transport Allowance,$1140
892,570,Stock Options,75 units
893,570,Transport Allowance,$1376
894,571,Stock Options,45 units
895,572,Stock Options,64 units
896,572,Health Insurance,$1758
897,572,Paid Vacation,$1076
898,573,Transport Allowance,$1521
899,574,Paid Vacation,$1745
900,574,Transport Allowance,$629
901,574,Transport Allowance,$112
902,575,Paid Vacation,$1609
903,576,Gym Membership,$317
904,576,Stock Options,54 units
905,578,Stock Options,28 units
906,578,Paid Vacation,$514
907,579,Paid Vacation,$178
908,580,Transport Allowance,$1746
909,582,Gym Membership,$285
910,582,Health Insurance,$634
911,583,Paid Vacation,$1705
912,583,Health Insurance,$662
913,584,Transport Allowance,$193
914,584,Gym Membership,$1932
915,584,Stock Options,97 units
916,585,Health Insurance,$183
917,586,Transport Allowance,$1303
918,586,Stock Options,43 units
919,587,Health Insurance,$1848
920,587,Gym Membership,$1781
921,587,Health Insurance,$701
922,588,Gym Membership,$1477
923,588,Transport Allowance,$1545
924,589,Transport Allowance,$1389
925,589,Transport Allowance,$1483
926,589,Stock Options,1 units
927,592,Gym Membership,$1530
928,593,Paid Vacation,$395
929,593,Stock Options,36 units
930,593,Gym Membership,$567
931,594,Health Insurance,$1930
932,595,Health Insurance,$946
933,595,Paid Vacation,$1056
934,596,Gym Membership,$1898
935,596,Stock Options,82 units
936,598,Health Insurance,$213
937,599,Stock Options,88 units
938,599,Stock Options,46 units
939,599,Health Insurance,$131
940,601,Transport Allowance,$977
941,601,Transport Allowance,$662
942,602,Gym Membership,$863
943,603,Transport Allowance,$1937
944,604,Health Insurance,$286
945,606,Paid Vacation,$1896
946,606,Paid Vacation,$366
947,608,Health Insurance,$1769
948,611,Stock Options,55 units
949,611,Gym Membership,$1574
950,612,Transport Allowance,$356
951,612,Health Insurance,$1820
952,612,Gym Membership,$284
953,613,Gym Membership,$1558
954,613,Transport Allowance,$110
955,614,Transport Allowance,$880
956,614,Gym Membership,$1810
957,615,Stock Options,69 units
958,615,Paid Vacation,$628
959,615,Health Insurance,$152
960,616,Gym Membership,$187
961,616,Health Insurance,$450
962,617,Gym Membership,$1917
963,617,Stock Options,53 units
964,618,Gym Membership,$622
965,619,Stock Options,61 units
966,619,Gym Membership,$431
967,619,Paid Vacation,$1787
968,620,Paid Vacation,$1758
969,622,Health Insurance,$1058
970,622,Stock Options,47 units
971,622,Paid Vacation,$1010
972,623,Paid Vacation,$1028
973,624,Health Insurance,$1322
974,626,Paid Vacation,$1375
975,627,Transport Allowance,$417
976,627,Stock Options,42 units
977,627,Health Insurance,$1642
978,628,Stock Options,32 units
979,629,Paid Vacation,$649
980,629,Transport Allowance,$146
981,630,Gym Membership,$1170
982,631,Paid Vacation,$1501
983,631,Health Insurance,$1569
984,634,Gym Membership,$529
985,634,Gym Membership,$1935
986,635,Paid Vacation,$1778
987,635,Paid Vacation,$369
988,636,Stock Options,73 units
989,637,Health Insurance,$1137
990,638,Paid Vacation,$1829
991,640,Paid Vacation,$1900
992,640,Gym Membership,$108
993,640,Gym Membership,$1268
994,641,Health Insurance,$895
995,641,Transport Allowance,$149
996,641,Gym Membership,$267
997,642,Stock Options,4 units
998,642,Paid Vacation,$868
999,642,Gym Membership,$922
1000,645,Health Insurance,$643
1001,645,Health Insurance,$245
1002,646,Health Insurance,$1918
1003,646,Transport Allowance,$992
1004,646,Stock Options,19 units
1005,647,Gym Membership,$1712
1006,647,Transport Allowance,$1745
1007,647,Gym Membership,$1811
1008,648,Gym Membership,$454
1009,649,Stock Options,40 units
1010,649,Paid Vacation,$1466
1011,650,Health Insurance,$216
1012,650,Stock Options,52 units
1013,651,Gym Membership,$1060
1014,651,Transport Allowance,$202
1015,651,Gym Membership,$1986
1016,652,Transport Allowance,$1594
1017,652,Gym Membership,$1187
1018,653,Paid Vacation,$1603
1019,653,Gym Membership,$404
1020,653,Transport Allowance,$1599
1021,654,Paid Vacation,$115
1022,654,Health Insurance,$1415
1023,655,Gym Membership,$157
1024,655,Health Insurance,$842
1025,656,Transport Allowance,$1093
1026,656,Transport Allowance,$731
1027,658,Paid Vacation,$673
1028,659,Gym Membership,$1394
1029,659,Health Insurance,$1676
1030,659,Stock Options,59 units
1031,660,Transport Allowance,$112
1032,661,Stock Options,90 units
1033,661,Transport Allowance,$395
1034,661,Transport Allowance,$1749
1035,663,Gym Membership,$151
1036,663,Gym Membership,$1659
1037,664,Gym Membership,$1602
1038,665,Health Insurance,$232
1039,665,Stock Options,98 units
1040,666,Gym Membership,$261
1041,666,Gym Membership,$296
1042,667,Transport Allowance,$1619
1043,669,Stock Options,92 units
1044,670,Gym Membership,$314
1045,670,Transport Allowance,$693
1046,670,Stock Options,19 units
1047,671,Paid Vacation,$863
1048,672,Gym Membership,$1019
1049,672,Gym Membership,$302
1050,672,Stock Options,66 units
1051,673,Transport Allowance,$1005
1052,674,Paid Vacation,$1788
1053,674,Stock Options,98 units
1054,674,Paid Vacation,$979
1055,675,Paid Vacation,$741
1056,675,Stock Options,38 units
1057,675,Gym Membership,$1319
1058,677,Health Insurance,$1738
1059,677,Transport Allowance,$503
1060,677,Transport Allowance,$1569
1061,678,Gym Membership,$976
1062,678,Health Insurance,$659
1063,678,Paid Vacation,$992
1064,679,Gym Membership,$1129
1065,679,Paid Vacation,$1648
1066,681,Transport Allowance,$1574
1067,681,Stock Options,89 units
1068,682,Gym Membership,$980
1069,682,Paid Vacation,$496
1070,683,Health Insurance,$933
1071,683,Stock Options,78 units
1072,683,Transport Allowance,$418
1073,684,Stock Options,55 units
1074,684,Stock Options,89 units
1075,684,Health Insurance,$194
1076,685,Transport Allowance,$1339
1077,685,Paid Vacation,$1577
1078,685,Health Insurance,$555
1079,686,Paid Vacation,$476
1080,687,Stock Options,37 units
1081,688,Paid Vacation,$1218
1082,688,Gym Membership,$736
1083,689,Gym Membership,$626
1084,690,Gym Membership,$1295
1085,690,Transport Allowance,$749
1086,691,Transport Allowance,$754
1087,693,Stock Options,46 units
1088,695,Gym Membership,$1233
1089,695,Health Insurance,$1563
1090,695,Stock Options,66 units
1091,696,Gym Membership,$925
1092,696,Transport Allowance,$1027
1093,697,Gym Membership,$1429
1094,697,Gym Membership,$155
1095,697,Transport Allowance,$1636
1096,698,Stock Options,87 units
1097,700,Transport Allowance,$511
1098,701,Health Insurance,$794
1099,702,Paid Vacation,$504
1100,703,Paid Vacation,$1784
1101,703,Stock Options,87 units
1102,704,Stock Options,86 units
1103,704,Paid Vacation,$295
1104,704,Stock Options,15 units
1105,705,Paid Vacation,$818
1106,705,Stock Options,99 units
1107,707,Gym Membership,$541
1108,708,Stock Options,2 units
1109,708,Paid Vacation,$649
1110,708,Health Insurance,$351
1111,710,Paid Vacation,$1805
1112,710,Transport Allowance,$1298
1113,711,Stock Options,7 units
1114,711,Paid Vacation,$122
1115,711,Gym Membership,$560
1116,712,Paid Vacation,$1549
1117,713,Health Insurance,$1458
1118,715,Transport Allowance,$753
1119,715,Stock Options,8 units
1120,715,Paid Vacation,$461
1121,716,Paid Vacation,$783
1122,716,Paid Vacation,$1166
1123,717,Transport Allowance,$226
1124,719,Stock Options,68 units
1125,719,Health Insurance,$1519
1126,720,Paid Vacation,$1984
1127,721,Gym Membership,$1261
1128,721,Paid Vacation,$1934
1129,722,Stock Options,99 units
1130,722,Stock Options,31 units
1131,722,Transport Allowance,$113
1132,723,Paid Vacation,$589
1133,723,Stock Options,45 units
1134,724,Health Insurance,$1096
1135,724,Stock Options,55 units
1136,724,Gym Membership,$1647
1137,725,Transport Allowance,$495
1138,725,Stock Options,22 units
1139,725,Stock Options,79 units
1140,728,Stock Options,41 units
1141,730,Gym Membership,$359
1142,730,Gym Membership,$1718
1143,732,Health Insurance,$556
1144,735,Gym Membership,$157
1145,735,Health Insurance,$1125
1146,737,Paid Vacation,$1839
1147,738,Health Insurance,$1487
1148,739,Gym Membership,$1933
1149,739,Paid Vacation,$860
1150,739,Health Insurance,$829
1151,740,Paid Vacation,$774
1152,740,Transport Allowance,$156
1153,740,Stock Options,88 units
1154,743,Gym Membership,$758
1155,743,Stock Options,91 units
1156,743,Paid Vacation,$178
1157,745,Transport Allowance,$708
1158,745,Health Insurance,$1752
1159,746,Gym Membership,$1439
1160,748,Stock Options,73 units
1161,749,Gym Membership,$1046
1162,751,Health Insurance,$576
1163,751,Transport Allowance,$1321
1164,753,Transport Allowance,$1100
1165,753,Gym Membership,$569
1166,754,Stock Options,100 units
1167,755,Health Insurance,$237
1168,756,Stock Options,80 units
1169,756,Stock Options,87 units
1170,758,Stock Options,16 units
1171,758,Stock Options,58 units
1172,758,Gym Membership,$1238
1173,759,Transport Allowance,$1445
1174,759,Paid Vacation,$1813
1175,760,Health Insurance,$169
1176,761,Transport Allowance,$627
1177,761,Gym Membership,$1902
1178,761,Health Insurance,$124
1179,762,Paid Vacation,$282
1180,762,Paid Vacation,$1549
1181,763,Transport Allowance,$1105
1182,763,Paid Vacation,$628
1183,763,Paid Vacation,$210
1184,764,Paid Vacation,$1821
1185,764,Stock Options,21 units
1186,764,Stock Options,33 units
1187,765,Health Insurance,$1502
1188,765,Paid Vacation,$1278
1189,767,Gym Membership,$214
1190,767,Gym Membership,$921
1191,769,Stock Options,28 units
1192,769,Paid Vacation,$877
1193,769,Paid Vacation,$1472
1194,770,Gym Membership,$1218
1195,770,Transport Allowance,$972
1196,770,Transport Allowance,$314
1197,771,Gym Membership,$1215
1198,774,Paid Vacation,$1674
1199,776,Paid Vacation,$193
1200,776,Gym Membership,$492
1201,777,Transport Allowance,$824
1202,778,Gym Membership,$1998
1203,778,Paid Vacation,$1661
1204,778,Transport Allowance,$139
1205,780,Gym Membership,$958
1206,782,Stock Options,96 units
1207,783,Gym Membership,$1236
1208,785,Paid Vacation,$825
1209,785,Stock Options,67 units
1210,785,Health Insurance,$462
1211,786,Transport Allowance,$1284
1212,786,Transport Allowance,$894
1213,787,Transport Allowance,$1807
1214,790,Paid Vacation,$1173
1215,790,Stock Options,55 units
1216,792,Paid Vacation,$906
1217,792,Gym Membership,$1192
1218,792,Paid Vacation,$1720
1219,793,Health Insurance,$1515
1220,793,Transport Allowance,$1657
1221,794,Transport Allowance,$1842
1222,794,Gym Membership,$1416
1223,794,Health Insurance,$159
1224,798,Health Insurance,$779
1225,798,Gym Membership,$279
1226,799,Transport Allowance,$592
1227,799,Paid Vacation,$541
1228,799,Stock Options,95 units
1229,800,Gym Membership,$531
1230,800,Stock Options,45 units
1231,800,Gym Membership,$152
1232,802,Paid Vacation,$1024
1233,802,Health Insurance,$702
1234,803,Gym Membership,$1859
1235,803,Stock Options,44 units
1236,803,Gym Membership,$152
1237,804,Gym Membership,$1774
1238,804,Paid Vacation,$924
1239,804,Stock Options,94 units
1240,805,Stock Options,66 units
1241,805,Gym Membership,$1675
1242,805,Paid Vacation,$654
1243,806,Stock Options,31 units
1244,807,Paid Vacation,$1096
1245,807,Transport Allowance,$1996
1246,807,Gym Membership,$292
1247,808,Paid Vacation,$545
1248,808,Stock Options,38 units
1249,808,Paid Vacation,$167
1250,809,Stock Options,94 units
1251,810,Health Insurance,$1242
1252,812,Gym Membership,$547
1253,812,Transport Allowance,$585
1254,812,Transport Allowance,$375
1255,813,Health Insurance,$344
1256,813,Health Insurance,$388
1257,813,Stock Options,68 units
1258,817,Health Insurance,$1297
1259,817,Transport Allowance,$1637
1260,819,Health Insurance,$627
1261,819,Transport Allowance,$307
1262,823,Gym Membership,$1210
1263,823,Stock Options,56 units
1264,823,Transport Allowance,$565
1265,824,Health Insurance,$723
1266,824,Gym Membership,$370
1267,825,Health Insurance,$626
1268,825,Stock Options,9 units
1269,825,Stock Options,83 units
1270,826,Paid Vacation,$1226
1271,826,Transport Allowance,$1013
1272,827,Paid Vacation,$404
1273,827,Stock Options,29 units
1274,829,Transport Allowance,$642
1275,829,Paid Vacation,$1867
1276,829,Stock Options,88 units
1277,830,Paid Vacation,$1422
1278,830,Transport Allowance,$576
1279,832,Stock Options,38 units
1280,832,Stock Options,5 units
1281,832,Health Insurance,$170
1282,833,Stock Options,11 units
1283,833,Health Insurance,$953
1284,836,Paid Vacation,$462
1285,836,Stock Options,18 units
1286,836,Transport Allowance,$647
1287,837,Transport Allowance,$990
1288,838,Gym Membership,$1891
1289,839,Paid Vacation,$1272
1290,840,Gym Membership,$1546
1291,841,Transport Allowance,$1472
1292,841,Transport Allowance,$1089
1293,843,Health Insurance,$1258
1294,843,Health Insurance,$1087
1295,844,Gym Membership,$1744
1296,844,Stock Options,23 units
1297,844,Paid Vacation,$1572
1298,845,Stock Options,48 units
1299,845,Stock Options,91 units
1300,845,Paid Vacation,$132
1301,846,Stock Options,84 units
1302,846,Paid Vacation,$589
1303,846,Transport Allowance,$465
1304,847,Paid Vacation,$592
1305,847,Transport Allowance,$1771
1306,847,Stock Options,94 units
1307,848,Transport Allowance,$904
1308,848,Stock Options,52 units
1309,852,Health Insurance,$1703
1310,854,Stock Options,85 units
1311,856,Paid Vacation,$436
1312,856,Gym Membership,$521
1313,856,Health Insurance,$369
1314,858,Gym Membership,$1192
1315,858,Transport Allowance,$1298
1316,860,Transport Allowance,$1243
1317,861,Stock Options,9 units
1318,862,Stock Options,33 units
1319,863,Health Insurance,$931
1320,863,Stock Options,11 units
1321,864,Paid Vacation,$1994
1322,864,Transport Allowance,$456
1323,865,Transport Allowance,$492
1324,865,Transport Allowance,$634
1325,865,Gym Membership,$1708
1326,867,Gym Membership,$1277
1327,867,Transport Allowance,$956
1328,868,Paid Vacation,$1583
1329,868,Health Insurance,$442
1330,868,Health Insurance,$1363
1331,870,Health Insurance,$118
1332,870,Paid Vacation,$1919
1333,871,Transport Allowance,$1464
1334,871,Paid Vacation,$1574
1335,871,Paid Vacation,$382
1336,872,Transport Allowance,$1599
1337,872,Paid Vacation,$1375
1338,873,Health Insurance,$1220
1339,874,Health Insurance,$858
1340,875,Transport Allowance,$1497
1341,875,Gym Membership,$1657
1342,875,Paid Vacation,$1951
1343,876,Gym Membership,$1283
1344,877,Stock Options,93 units
1345,878,Health Insurance,$203
1346,879,Health Insurance,$1651
1347,879,Paid Vacation,$610
1348,880,Paid Vacation,$1735
1349,881,Gym Membership,$322
1350,881,Paid Vacation,$1914
1351,882,Health Insurance,$1212
1352,882,Gym Membership,$1786
1353,883,Health Insurance,$630
1354,883,Gym Membership,$681
1355,883,Gym Membership,$508
1356,884,Stock Options,13 units
1357,884,Stock Options,5 units
1358,884,Health Insurance,$422
1359,885,Paid Vacation,$1357
1360,885,Transport Allowance,$1792
1361,885,Stock Options,62 units
1362,886,Paid Vacation,$1378
1363,887,Transport Allowance,$1952
1364,887,Transport Allowance,$884
1365,887,Stock Options,27 units
1366,888,Health Insurance,$1215
1367,888,Paid Vacation,$1031
1368,888,Health Insurance,$752
1369,889,Gym Membership,$369
1370,889,Stock Options,37 units
1371,891,Transport Allowance,$1467
1372,891,Transport Allowance,$410
1373,892,Gym Membership,$463
1374,893,Paid Vacation,$383
1375,893,Health Insurance,$370
1376,894,Transport Allowance,$401
1377,895,Transport Allowance,$1941
1378,896,Transport Allowance,$1470
1379,897,Stock Options,27 units
1380,899,Gym Membership,$1528
1381,899,Paid Vacation,$1499
1382,900,Paid Vacation,$1591
1383,901,Gym Membership,$561
1384,901,Transport Allowance,$1957
1385,901,Paid Vacation,$141
1386,902,Paid Vacation,$107
1387,902,Stock Options,6 units
1388,902,Transport Allowance,$547
1389,903,Health Insurance,$1294
1390,903,Health Insurance,$1742
1391,905,Paid Vacation,$1622
1392,905,Paid Vacation,$471
1393,906,Gym Membership,$368
1394,906,Paid Vacation,$1699
1395,908,Health Insurance,$976
1396,908,Paid Vacation,$1001
1397,909,Health Insurance,$1176
1398,911,Health Insurance,$209
1399,912,Stock Options,84 units
1400,912,Gym Membership,$222
1401,913,Gym Membership,$998
1402,913,Paid Vacation,$1790
1403,914,Health Insurance,$1117
1404,915,Transport Allowance,$452
1405,915,Gym Membership,$654
1406,915,Gym Membership,$139
1407,916,Stock Options,51 units
1408,916,Paid Vacation,$486
1409,916,Gym Membership,$1020
1410,917,Stock Options,37 units
1411,917,Transport Allowance,$813
1412,917,Gym Membership,$1012
1413,918,Stock Options,8 units
1414,918,Gym Membership,$247
1415,920,Gym Membership,$1399
1416,920,Transport Allowance,$613
1417,920,Paid Vacation,$1341
1418,923,Transport Allowance,$1965
1419,923,Gym Membership,$1374
1420,923,Paid Vacation,$252
1421,924,Gym Membership,$344
1422,924,Stock Options,18 units
1423,925,Transport Allowance,$1231
1424,925,Gym Membership,$1765
1425,927,Paid Vacation,$1991
1426,927,Stock Options,94 units
1427,929,Stock Options,88 units
1428,929,Paid Vacation,$818
1429,929,Health Insurance,$170
1430,932,Stock Options,76 units
1431,932,Transport Allowance,$1617
1432,933,Transport Allowance,$1512
1433,933,Paid Vacation,$1129
1434,933,Health Insurance,$237
1435,934,Paid Vacation,$1281
1436,934,Paid Vacation,$521
1437,935,Gym Membership,$464
1438,935,Health Insurance,$1836
1439,935,Paid Vacation,$1876
1440,936,Gym Membership,$1966
1441,936,Paid Vacation,$1469
1442,936,Paid Vacation,$1742
1443,937,Stock Options,52 units
1444,937,Transport Allowance,$195
1445,937,Paid Vacation,$1490
1446,938,Transport Allowance,$484
1447,939,Transport Allowance,$1736
1448,940,Stock Options,85 units
1449,940,Transport Allowance,$1593
1450,940,Health Insurance,$227
1451,941,Health Insurance,$1826
1452,941,Stock Options,83 units
1453,942,Paid Vacation,$1345
1454,942,Stock Options,20 units
1455,943,Gym Membership,$521
1456,943,Health Insurance,$1369
1457,943,Gym Membership,$1795
1458,944,Stock Options,58 units
1459,944,Stock Options,6 units
1460,944,Paid Vacation,$897
1461,945,Health Insurance,$1067
1462,947,Health Insurance,$1854
1463,948,Gym Membership,$990
1464,949,Paid Vacation,$1143
1465,949,Gym Membership,$1078
1466,949,Paid Vacation,$1491
1467,951,Health Insurance,$1201
1468,952,Paid Vacation,$1736
1469,952,Health Insurance,$893
1470,955,Health Insurance,$1344
1471,955,Health Insurance,$643
1472,956,Stock Options,21 units
1473,956,Health Insurance,$1369
1474,958,Health Insurance,$1202
1475,958,Paid Vacation,$1025
1476,959,Stock Options,69 units
1477,959,Transport Allowance,$125
1478,960,Health Insurance,$158
1479,960,Transport Allowance,$1349
1480,960,Health Insurance,$1899
1481,961,Health Insurance,$921
1482,962,Gym Membership,$1021
1483,962,Gym Membership,$1043
1484,962,Health Insurance,$1044
1485,963,Health Insurance,$615
1486,963,Health Insurance,$1136
1487,963,Transport Allowance,$444
1488,964,Transport Allowance,$1290
1489,965,Health Insurance,$1044
1490,965,Gym Membership,$483
1491,965,Paid Vacation,$1710
1492,967,Health Insurance,$1250
1493,967,Paid Vacation,$761
1494,969,Stock Options,76 units
1495,969,Paid Vacation,$1709
1496,970,Health Insurance,$1909
1497,971,Transport Allowance,$1413
1498,972,Health Insurance,$369
1499,972,Gym Membership,$1203
1500,972,Transport Allowance,$1095
1501,973,Paid Vacation,$1307
1502,974,Stock Options,25 units
1503,976,Health Insurance,$1740
1504,979,Stock Options,50 units
1505,980,Gym Membership,$1721
1506,980,Gym Membership,$921
1507,981,Health Insurance,$229
1508,981,Transport Allowance,$402
1509,982,Stock Options,29 units
1510,983,Gym Membership,$1750
1511,983,Paid Vacation,$213
1512,983,Paid Vacation,$1379
1513,984,Stock Options,5 units
1514,984,Stock Options,5 units
1515,985,Paid Vacation,$824
1516,985,Transport Allowance,$996
1517,986,Health Insurance,$629
1518,987,Transport Allowance,$1850
1519,988,Stock Options,37 units
1520,988,Stock Options,37 units
1521,988,Paid Vacation,$1518
1522,989,Paid Vacation,$1789
1523,989,Stock Options,42 units
1524,989,Paid Vacation,$847
1525,992,Stock Options,11 units
1526,992,Health Insurance,$882
1527,992,Stock Options,29 units
1528,993,Stock Options,35 units
1529,994,Transport Allowance,$168
1530,995,Stock Options,14 units
1531,995,Stock Options,38 units
1532,995,Stock Options,46 units
1533,997,Health Insurance,$895
1534,998,Stock Options,90 units
1535,998,Gym Membership,$1761
1536,999,Paid Vacation,$1059
1537,999,Stock Options,44 units
