empID,project_id,role_in_project,assigned_date
1,16138,Executive,2023-11-30
1,18665,Analyst,2024-01-15
2,2232,Executive,2024-01-18
2,9326,Executive,2024-04-27
2,10220,Lead,2024-03-19
2,16984,Manager,2025-02-24
2,22512,Lead,2024-01-04
3,7986,Executive,2025-02-25
3,9980,Analyst,2024-11-23
3,13258,Executive,2024-10-05
3,16606,Lead,2025-05-11
3,18058,Manager,2023-06-20
4,6044,Analyst,2024-10-10
4,6719,Lead,2024-12-16
4,11812,Lead,2024-10-25
4,17052,Executive,2024-02-06
5,12748,Lead,2024-06-21
5,19033,Analyst,2025-03-10
5,20921,Executive,2025-04-29
6,16003,Analyst,2024-05-25
6,22599,Executive,2024-08-02
7,18263,Executive,2023-09-20
7,19486,Developer,2024-10-07
8,527,Lead,2023-11-21
8,9371,Developer,2024-06-15
8,9438,Manager,2023-11-02
8,22387,Analyst,2025-01-21
8,23286,Lead,2025-03-14
9,7960,Executive,2025-01-03
10,7763,Analyst,2024-09-18
10,11558,Executive,2024-08-04
10,12847,Manager,2024-01-23
10,18725,Lead,2023-06-27
11,6017,Developer,2025-03-10
11,19738,Developer,2024-01-12
12,6018,Lead,2024-07-24
12,23391,Developer,2024-12-11
13,2035,Lead,2025-04-13
13,14629,Manager,2023-10-14
14,3331,Manager,2023-11-14
14,20493,Lead,2023-11-30
14,22631,Developer,2023-09-01
15,8421,Lead,2023-08-28
15,9251,Lead,2024-10-14
15,12820,Manager,2023-11-17
15,13132,Analyst,2024-04-08
15,20355,Manager,2025-02-15
16,5821,Analyst,2023-08-04
16,14682,Manager,2023-08-04
16,22353,Manager,2023-12-19
16,23966,Analyst,2023-06-01
17,12476,Lead,2024-05-03
17,19557,Analyst,2023-12-05
18,6497,Executive,2025-03-26
19,5140,Analyst,2024-01-02
19,6688,Executive,2024-03-16
19,8053,Developer,2024-02-01
19,15035,Developer,2025-05-23
19,15451,Manager,2024-02-17
20,2282,Analyst,2025-02-10
20,11163,Executive,2025-05-21
21,1155,Lead,2024-01-02
21,2292,Analyst,2023-12-03
21,19801,Analyst,2023-09-03
21,24309,Manager,2024-05-03
22,5542,Manager,2023-12-11
22,23065,Developer,2024-03-06
23,3745,Analyst,2025-01-02
23,8592,Executive,2024-01-08
23,11476,Analyst,2024-07-04
23,24351,Developer,2025-01-03
23,24753,Manager,2024-07-22
24,12065,Executive,2025-05-05
24,18886,Lead,2024-08-27
24,20081,Analyst,2024-06-21
24,22928,Executive,2024-06-15
25,5182,Manager,2024-01-07
26,1120,Executive,2023-10-30
26,15725,Lead,2023-08-23
27,11316,Developer,2024-03-03
27,12453,Lead,2024-11-30
28,11149,Lead,2024-09-04
28,11711,Lead,2025-04-28
29,1094,Lead,2024-08-17
29,10874,Manager,2023-09-01
29,12526,Developer,2024-06-10
29,18795,Lead,2023-09-28
29,21295,Lead,2024-08-27
30,4619,Lead,2024-05-15
30,9419,Manager,2024-10-20
30,15420,Lead,2023-12-01
30,21348,Lead,2023-08-05
31,4724,Developer,2025-03-30
32,6281,Lead,2025-04-06
32,19238,Developer,2023-07-02
33,22551,Lead,2024-02-21
34,15422,Executive,2024-08-25
35,4296,Developer,2024-08-08
35,8238,Manager,2023-08-30
35,16069,Analyst,2024-07-10
36,4495,Developer,2025-02-15
36,4776,Analyst,2024-05-10
36,12097,Developer,2024-01-23
37,20007,Developer,2023-06-04
37,22336,Analyst,2024-02-29
38,11684,Lead,2025-01-11
38,12198,Lead,2025-01-20
38,15199,Manager,2023-10-18
38,20550,Developer,2024-08-15
38,22655,Manager,2025-03-29
39,23495,Lead,2024-02-16
40,4769,Executive,2023-07-14
41,6549,Executive,2024-04-21
41,12187,Analyst,2024-03-20
41,14731,Developer,2024-10-20
41,22421,Executive,2023-06-14
41,24497,Analyst,2024-10-29
42,3734,Executive,2023-11-18
42,6947,Developer,2023-06-20
42,7440,Lead,2023-07-09
42,11439,Analyst,2024-12-10
42,18417,Manager,2024-02-24
43,17770,Developer,2024-06-03
43,21703,Analyst,2024-09-14
43,24658,Lead,2023-06-25
44,5639,Lead,2025-05-24
44,10789,Lead,2023-06-07
44,23729,Manager,2024-03-20
45,2100,Lead,2023-07-03
45,16972,Lead,2023-08-24
45,18799,Lead,2023-10-21
45,20127,Analyst,2024-12-19
45,24025,Developer,2025-04-29
46,2944,Lead,2025-02-23
46,10169,Lead,2024-09-01
47,2365,Manager,2023-07-20
47,17429,Executive,2024-05-24
47,17490,Lead,2023-09-11
48,1003,Lead,2025-03-15
49,23485,Executive,2024-02-14
50,2418,Analyst,2023-07-09
50,14280,Developer,2025-04-11
50,24047,Developer,2023-12-05
51,4366,Executive,2025-05-02
51,7344,Manager,2024-04-10
51,23992,Developer,2024-06-28
52,9067,Analyst,2025-03-31
52,24659,Manager,2025-01-04
53,5068,Developer,2023-05-29
53,5905,Developer,2023-06-13
53,8351,Analyst,2024-01-09
54,2124,Executive,2024-02-23
54,4311,Executive,2024-09-24
54,18755,Manager,2023-12-30
55,708,Lead,2023-11-14
55,8138,Developer,2025-03-04
55,12507,Analyst,2024-12-25
55,21582,Analyst,2024-11-05
56,2743,Executive,2023-06-04
57,7218,Lead,2023-08-05
57,12341,Manager,2024-09-16
57,20064,Manager,2024-08-11
58,3461,Developer,2023-06-24
58,5496,Analyst,2023-08-05
58,8405,Analyst,2024-06-06
59,8952,Analyst,2023-11-02
59,14470,Analyst,2023-12-03
60,6756,Executive,2023-07-14
60,17844,Analyst,2024-06-30
60,18383,Lead,2025-04-21
61,9226,Developer,2024-09-22
61,23828,Executive,2023-09-02
62,8587,Executive,2024-01-09
62,17889,Analyst,2024-08-19
62,20640,Lead,2023-07-10
62,20974,Executive,2024-04-24
63,113,Analyst,2025-04-23
63,9264,Executive,2024-03-16
63,14186,Analyst,2024-09-09
63,18293,Manager,2024-02-06
63,24139,Manager,2024-12-26
64,2008,Executive,2024-10-27
64,10619,Developer,2024-05-13
64,23968,Developer,2024-10-21
65,23817,Developer,2024-07-28
66,1431,Manager,2025-04-18
66,4172,Developer,2024-09-05
66,4879,Lead,2023-08-02
66,21387,Executive,2023-09-01
67,8194,Developer,2023-08-18
67,15220,Lead,2025-04-27
67,19686,Manager,2024-03-16
67,23117,Analyst,2024-09-05
67,23676,Manager,2024-09-02
68,14111,Executive,2024-09-15
68,23703,Developer,2024-04-15
69,1287,Lead,2024-03-12
69,12526,Manager,2023-09-07
69,12789,Analyst,2024-03-05
69,22139,Developer,2023-11-11
70,6086,Developer,2025-05-02
70,9317,Lead,2023-06-11
71,13069,Analyst,2024-11-23
71,14600,Developer,2024-06-07
71,16544,Executive,2024-09-03
72,3487,Developer,2024-08-11
72,6910,Executive,2024-04-07
72,12937,Executive,2023-10-28
73,5177,Lead,2024-01-20
73,11062,Lead,2023-11-21
73,16207,Developer,2023-06-18
73,18070,Developer,2024-05-26
73,19555,Developer,2025-04-07
74,13803,Developer,2024-02-05
74,16648,Developer,2024-10-23
74,17216,Analyst,2023-09-30
75,478,Analyst,2025-04-13
75,6846,Analyst,2023-10-11
75,20475,Developer,2024-11-18
75,22118,Lead,2025-01-11
76,507,Lead,2024-03-06
76,5313,Analyst,2025-05-05
76,17463,Analyst,2025-03-24
76,19366,Executive,2024-07-09
76,24826,Manager,2024-06-27
77,2506,Executive,2024-03-12
77,2863,Lead,2024-03-29
77,5687,Analyst,2025-03-24
77,6000,Executive,2023-05-30
77,12290,Executive,2025-03-01
78,8064,Developer,2025-01-29
78,8734,Analyst,2023-08-15
78,18190,Executive,2024-10-08
78,21605,Lead,2024-07-10
78,23126,Manager,2024-11-20
79,8811,Analyst,2024-11-16
79,15314,Developer,2025-01-20
79,19627,Lead,2023-06-22
80,23981,Lead,2024-11-13
81,4978,Executive,2024-08-22
81,8446,Lead,2024-10-08
82,652,Analyst,2024-12-24
82,2780,Analyst,2023-09-11
82,4342,Analyst,2024-05-13
82,8850,Manager,2024-06-18
82,22736,Analyst,2023-08-01
83,20940,Manager,2024-12-04
83,22080,Analyst,2023-12-16
83,22271,Lead,2023-08-18
84,3652,Manager,2025-04-23
84,4103,Developer,2024-05-14
84,8411,Manager,2023-10-20
85,13343,Manager,2023-10-04
85,16965,Analyst,2024-03-30
85,23937,Analyst,2024-01-01
86,21105,Developer,2024-01-19
87,16478,Executive,2023-10-20
88,1790,Manager,2023-08-26
88,4349,Analyst,2024-01-14
89,1860,Executive,2025-04-05
89,10402,Developer,2024-09-22
89,13526,Developer,2023-08-13
90,10712,Lead,2024-03-25
90,12258,Manager,2023-10-19
90,16151,Lead,2024-07-01
90,22117,Manager,2023-10-26
91,4691,Executive,2025-05-20
91,11774,Analyst,2025-03-01
91,16161,Executive,2024-08-29
91,23622,Lead,2024-08-11
92,2929,Lead,2025-01-28
92,5771,Manager,2024-10-31
92,8277,Lead,2024-06-27
92,17395,Analyst,2024-07-07
93,3796,Lead,2023-08-07
93,7013,Analyst,2024-03-04
93,8908,Developer,2023-09-06
93,20164,Developer,2025-02-04
93,22980,Analyst,2024-07-26
94,5494,Manager,2023-11-11
94,8085,Analyst,2024-10-03
94,11927,Executive,2024-07-23
94,14684,Executive,2024-11-01
95,96,Manager,2024-02-21
95,927,Analyst,2023-06-07
96,9684,Analyst,2025-04-16
97,403,Developer,2024-10-08
97,12957,Manager,2024-07-03
97,13386,Analyst,2024-07-07
98,7115,Manager,2025-03-09
98,7349,Executive,2023-07-12
98,17869,Analyst,2024-04-15
99,18353,Developer,2024-06-04
100,537,Manager,2024-08-21
100,3452,Lead,2023-07-06
100,7514,Manager,2024-07-18
100,20124,Analyst,2024-03-12
101,16266,Analyst,2023-06-11
102,999,Analyst,2024-01-11
102,3417,Analyst,2024-01-06
102,7564,Analyst,2024-09-15
103,1413,Manager,2025-04-23
104,13112,Executive,2024-12-09
105,16120,Executive,2025-02-19
105,16482,Developer,2024-05-14
105,17082,Analyst,2025-01-27
106,11178,Developer,2025-02-06
106,15156,Analyst,2023-07-16
106,17849,Executive,2024-04-02
106,24235,Executive,2024-10-23
107,5900,Lead,2024-07-22
107,12427,Analyst,2023-10-11
107,12900,Developer,2023-06-30
107,14052,Lead,2023-12-02
108,1382,Manager,2024-08-24
108,12683,Developer,2024-10-12
109,3075,Developer,2025-05-08
110,7526,Analyst,2024-07-13
111,2349,Manager,2023-10-18
111,6946,Manager,2025-02-01
111,9697,Lead,2024-05-15
111,13621,Lead,2023-11-18
111,15390,Executive,2024-05-21
112,3429,Manager,2024-02-19
112,13558,Lead,2023-10-19
112,13937,Developer,2023-06-06
113,11405,Executive,2024-03-08
113,15992,Lead,2025-02-01
113,22758,Lead,2023-09-03
114,3342,Lead,2023-07-26
114,5342,Lead,2024-04-18
114,14371,Manager,2025-04-15
114,16569,Analyst,2024-02-28
114,19426,Analyst,2025-05-21
115,19080,Manager,2024-10-27
116,4249,Lead,2025-05-19
116,14541,Analyst,2023-12-29
116,16940,Manager,2024-02-12
117,1844,Developer,2024-03-22
117,2258,Analyst,2023-08-20
117,3041,Executive,2024-03-24
117,15278,Manager,2024-08-08
117,24439,Manager,2024-06-27
118,11780,Executive,2024-03-13
118,15863,Executive,2024-10-22
118,23720,Analyst,2024-08-17
119,19448,Manager,2023-08-12
119,24930,Manager,2023-06-09
120,7214,Executive,2024-09-29
120,7666,Analyst,2024-07-24
120,11462,Executive,2024-03-19
120,21890,Lead,2025-02-25
121,4795,Executive,2024-01-14
122,4734,Executive,2024-09-18
122,8834,Analyst,2024-04-30
122,21984,Analyst,2024-03-03
122,24635,Developer,2023-06-14
123,22398,Developer,2023-08-12
124,624,Executive,2023-08-21
124,15356,Executive,2024-06-09
124,20775,Lead,2025-05-13
124,22916,Executive,2024-12-28
125,5870,Executive,2024-02-07
125,8572,Lead,2024-05-14
125,11701,Manager,2024-08-26
126,5741,Executive,2024-01-29
126,6747,Lead,2024-03-19
126,16310,Lead,2025-03-05
126,24875,Developer,2024-06-02
127,10366,Analyst,2024-04-11
127,12238,Developer,2024-03-12
127,19513,Lead,2023-11-07
128,249,Analyst,2023-12-22
128,10003,Manager,2023-10-07
128,10171,Lead,2024-08-29
128,17494,Executive,2023-08-31
129,2408,Analyst,2024-02-28
130,6963,Developer,2024-10-30
130,23981,Manager,2023-12-01
131,9394,Lead,2025-05-06
131,9987,Developer,2023-10-29
132,10999,Developer,2025-05-22
132,21249,Executive,2024-01-24
133,2821,Analyst,2024-02-03
133,13644,Analyst,2024-11-15
133,24040,Manager,2024-09-23
134,10321,Manager,2023-07-01
134,19425,Analyst,2024-02-22
134,19839,Executive,2025-04-26
135,8720,Lead,2024-10-14
136,2840,Developer,2024-01-25
136,3536,Executive,2025-04-29
137,801,Executive,2024-08-28
137,2412,Developer,2024-09-16
137,3853,Executive,2024-05-31
137,11933,Developer,2025-01-08
137,20562,Executive,2025-03-31
138,3384,Executive,2023-08-10
139,4746,Lead,2024-08-17
139,6156,Manager,2025-05-12
139,13475,Analyst,2024-09-02
139,21022,Analyst,2024-05-18
140,1518,Executive,2023-11-22
140,3130,Manager,2024-05-04
141,449,Manager,2023-11-01
141,3784,Developer,2023-09-14
141,9714,Executive,2023-11-08
141,21714,Manager,2024-08-28
141,23337,Manager,2023-10-16
142,2187,Lead,2025-02-18
142,4305,Lead,2023-09-21
142,12773,Manager,2023-10-06
142,18134,Lead,2024-02-14
143,14088,Developer,2024-06-12
143,16879,Developer,2024-05-17
143,24412,Executive,2024-02-02
144,9190,Analyst,2023-12-30
145,3764,Analyst,2024-04-15
145,7091,Executive,2025-03-22
145,9218,Developer,2025-03-31
145,14112,Manager,2024-07-28
145,19919,Developer,2023-09-08
146,3295,Executive,2025-04-10
146,4039,Manager,2024-05-12
146,4448,Manager,2024-02-05
146,8180,Executive,2023-09-13
146,19549,Manager,2025-02-20
147,8560,Manager,2023-12-19
147,12614,Manager,2024-12-30
147,16668,Analyst,2025-04-04
147,22184,Developer,2023-10-20
148,6618,Lead,2024-05-29
148,7640,Developer,2023-05-26
148,15374,Developer,2024-12-29
148,19701,Analyst,2025-02-03
149,8083,Developer,2024-06-14
149,9677,Manager,2023-06-23
149,11683,Executive,2025-01-17
150,4507,Developer,2024-02-11
150,12330,Developer,2024-04-08
150,15424,Analyst,2024-12-23
150,19957,Developer,2023-10-16
150,22353,Lead,2024-01-17
151,5867,Analyst,2025-03-12
151,9214,Executive,2024-07-26
151,9882,Executive,2024-07-24
151,20752,Manager,2024-03-05
151,21248,Analyst,2023-07-29
152,1179,Manager,2024-08-04
152,3661,Analyst,2024-05-21
152,3907,Developer,2024-05-14
152,21171,Manager,2025-02-24
153,22014,Developer,2025-03-03
154,5758,Lead,2024-03-08
154,23632,Manager,2024-04-21
155,15676,Manager,2024-01-03
156,433,Developer,2024-08-05
156,827,Manager,2024-02-23
156,11703,Lead,2024-10-13
156,21556,Lead,2023-09-25
157,1075,Manager,2023-12-02
157,12025,Executive,2025-04-23
157,16846,Manager,2025-01-04
157,19443,Analyst,2024-11-24
157,22421,Developer,2024-09-06
158,23367,Executive,2024-09-25
159,2498,Analyst,2023-09-03
159,8025,Executive,2023-06-01
159,10126,Lead,2023-08-01
159,20160,Lead,2024-09-14
159,21601,Executive,2023-10-11
160,1413,Manager,2024-02-17
160,4829,Manager,2024-03-07
160,7856,Executive,2024-08-25
160,15889,Analyst,2025-03-10
160,20306,Executive,2023-07-16
161,8612,Lead,2025-01-18
161,15219,Lead,2023-08-18
162,2573,Analyst,2025-03-20
162,10876,Lead,2024-07-30
162,12334,Executive,2024-07-02
162,13311,Analyst,2024-06-05
162,15034,Developer,2023-11-18
163,5546,Manager,2023-09-16
164,4398,Developer,2024-02-22
164,6432,Executive,2024-05-09
164,11170,Analyst,2023-11-25
164,16626,Analyst,2024-10-03
164,19281,Developer,2024-01-03
165,4832,Analyst,2024-12-16
165,7149,Manager,2025-01-30
165,13396,Analyst,2024-03-21
165,13604,Lead,2023-09-22
165,22923,Executive,2024-07-22
166,2132,Developer,2023-09-11
166,16803,Manager,2024-09-28
167,16685,Lead,2024-01-11
167,18055,Lead,2024-01-04
167,23587,Executive,2024-11-22
168,3039,Lead,2024-07-20
168,22313,Analyst,2023-07-29
168,22930,Developer,2024-06-14
168,23171,Lead,2024-04-03
169,10739,Developer,2023-10-18
169,14183,Executive,2024-10-29
169,15810,Developer,2025-01-13
169,24603,Developer,2024-07-12
170,793,Executive,2023-09-08
170,3577,Analyst,2023-07-18
170,6310,Executive,2023-12-27
170,18616,Developer,2025-03-26
170,23528,Developer,2024-12-26
171,5512,Executive,2024-09-30
171,14310,Executive,2023-12-13
171,15836,Manager,2023-11-27
171,23139,Manager,2025-04-26
171,23392,Lead,2024-12-08
172,4924,Analyst,2025-05-09
172,7561,Manager,2025-01-16
172,9734,Lead,2023-08-26
172,14064,Developer,2025-01-30
173,10087,Analyst,2025-02-06
173,17847,Manager,2025-04-08
173,20958,Lead,2024-06-30
174,17686,Analyst,2024-05-19
175,13875,Executive,2024-10-14
176,2269,Manager,2024-10-22
176,8492,Executive,2024-12-25
176,14098,Lead,2024-09-17
176,15216,Developer,2023-12-26
177,1171,Manager,2024-09-12
177,5631,Developer,2024-01-24
178,13241,Developer,2024-01-14
178,16342,Developer,2024-09-21
178,17724,Manager,2024-11-05
178,24252,Manager,2024-09-26
179,18634,Manager,2024-01-20
180,11998,Lead,2024-06-16
180,15371,Developer,2024-02-09
181,5269,Developer,2024-04-14
181,17524,Developer,2024-06-08
182,5966,Analyst,2024-06-05
182,20540,Analyst,2025-01-05
183,14905,Executive,2025-03-02
183,21474,Analyst,2024-07-17
183,22014,Analyst,2023-11-11
184,4988,Analyst,2024-05-06
184,9337,Developer,2025-03-13
184,12578,Lead,2024-07-26
184,19143,Developer,2024-08-05
185,20492,Executive,2025-04-30
186,21432,Analyst,2024-08-23
187,9074,Analyst,2024-10-15
187,9244,Analyst,2025-03-12
187,11158,Executive,2023-07-16
187,13749,Manager,2023-10-13
187,14370,Developer,2025-05-23
188,5743,Executive,2025-01-07
189,22647,Manager,2025-02-06
190,2892,Manager,2023-12-24
190,4702,Executive,2024-11-26
190,16771,Executive,2024-10-14
190,21903,Analyst,2023-11-06
191,6063,Executive,2024-09-18
191,9159,Lead,2024-03-14
191,14770,Manager,2023-08-13
191,20901,Manager,2023-06-09
192,15288,Executive,2024-08-16
192,15340,Analyst,2024-05-16
193,2091,Developer,2025-02-02
193,13761,Executive,2023-07-28
193,14849,Analyst,2024-07-07
193,21301,Manager,2023-11-08
194,15165,Developer,2023-06-19
194,22348,Lead,2024-03-11
194,24745,Executive,2024-07-23
195,5970,Lead,2024-04-30
195,8727,Analyst,2023-10-25
195,15256,Manager,2024-07-09
195,17734,Executive,2023-09-07
195,24937,Manager,2024-09-21
196,12923,Analyst,2024-10-04
196,16468,Lead,2024-08-28
196,23236,Analyst,2025-05-17
196,24300,Developer,2023-06-03
197,820,Executive,2023-12-05
197,3533,Executive,2024-01-10
197,6747,Lead,2025-03-31
197,10364,Manager,2024-04-21
197,21371,Executive,2024-11-03
198,15458,Executive,2024-09-29
198,16839,Executive,2024-07-02
198,20750,Developer,2024-06-11
198,22974,Lead,2024-09-08
198,24282,Executive,2024-04-25
199,3504,Lead,2023-08-30
199,3580,Executive,2023-08-04
199,9716,Analyst,2023-06-15
199,18203,Lead,2025-04-04
200,10263,Manager,2024-07-30
201,375,Manager,2024-06-01
201,917,Developer,2023-08-07
201,1045,Developer,2024-09-25
201,11464,Manager,2024-05-28
201,20898,Lead,2024-01-22
202,4613,Executive,2024-08-14
202,16344,Manager,2024-09-12
203,2148,Executive,2023-09-16
203,8508,Lead,2024-04-15
204,5062,Executive,2023-09-06
204,21455,Executive,2024-01-28
205,18904,Executive,2023-05-31
206,811,Lead,2024-05-30
206,16381,Lead,2023-10-01
206,17563,Analyst,2024-08-27
206,20298,Analyst,2023-09-27
207,5347,Developer,2024-09-05
207,20474,Manager,2023-06-11
208,2317,Developer,2023-09-22
208,6524,Analyst,2023-10-28
208,21520,Lead,2023-06-06
209,839,Executive,2024-04-24
209,23093,Developer,2024-04-06
209,24068,Developer,2024-11-22
210,8112,Analyst,2023-06-21
210,11578,Executive,2025-03-09
210,14330,Executive,2023-10-23
210,18191,Analyst,2025-05-24
210,18528,Analyst,2023-07-17
211,13702,Lead,2024-08-22
212,2054,Analyst,2023-10-24
212,13507,Developer,2025-03-30
212,19871,Executive,2024-03-09
212,23136,Analyst,2024-07-03
213,2400,Analyst,2024-05-22
213,6940,Lead,2024-05-07
213,9045,Manager,2024-06-21
213,19922,Lead,2025-03-23
214,60,Analyst,2024-10-16
214,1623,Analyst,2025-05-19
214,15174,Lead,2024-02-10
215,10615,Developer,2023-05-29
215,17659,Analyst,2024-10-27
216,3253,Lead,2023-08-18
216,14651,Manager,2025-05-05
216,22359,Manager,2024-07-09
217,4505,Executive,2025-01-17
217,5883,Lead,2025-03-15
217,6630,Lead,2023-12-02
217,6933,Developer,2024-06-05
217,21080,Executive,2025-03-02
218,13393,Executive,2024-09-10
218,16733,Manager,2023-11-16
218,17734,Manager,2025-01-25
218,19494,Developer,2024-12-14
219,9981,Developer,2024-11-05
219,10538,Analyst,2024-08-20
219,15002,Developer,2024-04-17
219,21872,Lead,2024-09-27
219,23496,Lead,2024-12-06
220,4701,Analyst,2024-01-01
220,18259,Manager,2025-02-19
220,18755,Analyst,2024-03-01
220,19689,Analyst,2023-07-03
220,22654,Developer,2024-02-17
221,4642,Analyst,2024-08-29
222,412,Manager,2024-04-30
222,23222,Executive,2024-08-24
223,11070,Manager,2025-02-02
223,24830,Developer,2024-02-03
224,1032,Executive,2024-11-29
224,8093,Developer,2024-09-07
225,8876,Lead,2024-07-02
226,10208,Lead,2024-03-26
226,10940,Analyst,2023-09-01
226,16796,Executive,2025-04-09
227,22558,Analyst,2024-03-02
228,1201,Lead,2024-04-04
228,4468,Executive,2024-03-22
228,7803,Analyst,2024-06-25
228,20802,Analyst,2024-02-05
229,10802,Manager,2023-09-07
229,13239,Analyst,2023-09-01
229,16595,Developer,2024-10-31
229,19242,Analyst,2024-11-14
230,5768,Developer,2024-09-01
230,17003,Analyst,2024-07-14
231,4777,Developer,2023-12-13
231,15799,Manager,2025-01-19
231,16463,Manager,2024-02-19
231,22702,Analyst,2023-06-11
231,23067,Analyst,2025-03-17
232,18649,Executive,2025-02-15
233,7447,Executive,2023-07-06
233,7611,Developer,2023-11-11
233,21689,Lead,2025-03-27
233,24165,Executive,2025-05-01
234,3266,Lead,2025-01-12
234,4628,Lead,2023-10-18
234,9650,Lead,2023-07-08
234,14928,Analyst,2024-02-26
234,22743,Executive,2025-03-27
235,1396,Executive,2024-08-11
235,8642,Executive,2024-06-26
235,11156,Executive,2023-07-01
235,19960,Developer,2024-05-24
235,24458,Manager,2024-09-10
236,4540,Developer,2023-09-10
236,8962,Analyst,2023-07-23
236,12009,Manager,2025-05-20
237,21855,Analyst,2025-05-14
237,22324,Executive,2024-01-12
237,23655,Lead,2024-09-24
238,2910,Developer,2025-01-27
238,11143,Analyst,2025-04-25
238,11147,Manager,2024-04-25
238,19782,Developer,2024-07-24
239,1665,Lead,2024-04-16
239,12613,Analyst,2025-04-21
239,20997,Analyst,2025-02-07
240,17315,Lead,2024-09-27
240,21556,Lead,2024-03-30
240,22773,Lead,2024-04-24
240,24894,Lead,2024-04-19
241,4560,Executive,2024-11-12
242,10628,Lead,2024-07-06
242,24891,Developer,2025-04-08
243,9427,Executive,2025-01-16
243,12400,Executive,2024-12-02
243,18835,Lead,2024-02-10
244,2512,Executive,2024-02-05
244,12270,Analyst,2024-10-20
244,13725,Manager,2024-12-25
244,17670,Lead,2023-05-30
244,19611,Developer,2023-07-30
245,13376,Analyst,2024-05-10
245,24980,Executive,2024-01-04
246,10530,Executive,2023-11-28
247,470,Lead,2024-11-18
247,1855,Executive,2023-12-05
247,9469,Executive,2024-01-13
248,20827,Lead,2023-08-29
249,841,Lead,2024-10-06
249,11997,Analyst,2025-03-13
249,24058,Executive,2023-09-29
249,24124,Analyst,2023-08-08
250,150,Developer,2024-04-29
250,9448,Developer,2024-02-06
250,12824,Analyst,2023-12-24
250,18641,Developer,2024-08-09
251,22294,Manager,2024-09-23
252,1749,Developer,2024-08-13
252,9947,Analyst,2025-03-26
252,10131,Executive,2023-08-27
252,21195,Executive,2025-05-07
253,2490,Manager,2024-11-11
254,15698,Manager,2025-04-30
254,16195,Developer,2024-04-25
255,9141,Analyst,2025-04-28
255,15487,Executive,2023-06-10
256,3741,Analyst,2024-03-12
257,14358,Analyst,2024-05-13
257,15062,Analyst,2024-11-09
257,19955,Manager,2024-06-12
257,22996,Manager,2025-02-23
257,24077,Manager,2025-01-30
258,10532,Lead,2024-01-18
258,13686,Analyst,2024-04-16
259,10646,Lead,2023-10-31
260,570,Analyst,2023-12-18
260,1792,Developer,2024-06-09
260,8067,Lead,2024-03-23
260,9420,Developer,2023-06-18
260,24961,Lead,2023-10-11
261,7862,Developer,2024-07-19
261,8004,Analyst,2024-11-29
261,11966,Manager,2025-02-20
262,3192,Lead,2024-05-05
262,4074,Developer,2024-05-08
262,5933,Executive,2024-11-22
262,14129,Analyst,2023-10-11
262,16140,Analyst,2024-10-12
263,17578,Executive,2024-07-07
263,21933,Developer,2024-12-04
263,23644,Developer,2025-05-02
263,23832,Executive,2024-05-18
264,10398,Executive,2025-01-22
264,10649,Analyst,2023-11-06
264,11768,Manager,2024-03-26
264,15136,Analyst,2023-10-21
265,1400,Executive,2024-10-31
265,16359,Manager,2023-07-25
265,18385,Analyst,2023-11-26
265,22174,Executive,2024-05-27
265,23623,Analyst,2024-04-26
266,8708,Developer,2023-07-18
266,13203,Developer,2023-06-09
266,13511,Lead,2023-12-10
267,6113,Lead,2023-11-03
267,8128,Developer,2024-01-03
267,10859,Manager,2024-05-19
267,17047,Lead,2024-03-07
267,21926,Developer,2024-12-23
268,19186,Analyst,2023-10-13
268,24713,Developer,2024-10-17
269,11367,Developer,2025-05-23
269,23402,Lead,2024-08-06
270,2258,Executive,2023-11-29
270,5813,Executive,2024-07-07
270,7595,Manager,2025-02-13
270,7718,Developer,2024-11-03
271,3992,Developer,2025-03-31
271,9801,Lead,2023-11-04
271,16646,Manager,2024-03-28
271,16955,Analyst,2023-11-18
271,19606,Manager,2024-05-15
272,4152,Manager,2025-02-11
273,2040,Executive,2024-12-10
273,18440,Lead,2024-01-02
274,8257,Executive,2024-03-11
274,16915,Manager,2025-05-16
275,2818,Executive,2023-10-21
275,4582,Lead,2024-07-31
275,12484,Manager,2023-07-27
275,14736,Analyst,2025-04-29
276,2346,Executive,2024-06-15
276,20504,Analyst,2024-07-08
276,20644,Executive,2023-11-16
276,23958,Lead,2024-03-05
277,10,Lead,2023-06-11
277,8681,Developer,2024-05-09
277,20438,Analyst,2025-02-02
278,7385,Executive,2023-12-23
278,7699,Analyst,2023-09-29
278,13709,Executive,2025-05-23
278,18873,Developer,2023-05-28
279,8880,Developer,2025-04-28
280,1549,Developer,2024-03-03
280,4487,Executive,2023-06-04
280,11133,Lead,2024-05-30
280,18089,Executive,2024-03-31
280,19071,Manager,2023-06-25
281,3006,Executive,2024-12-23
281,8660,Executive,2024-11-09
281,10292,Lead,2023-07-26
281,10908,Lead,2024-12-29
281,20024,Developer,2023-10-10
282,1922,Executive,2025-01-29
282,4112,Executive,2025-05-18
282,9692,Executive,2023-07-28
282,9978,Executive,2024-10-26
282,23013,Executive,2024-11-29
283,211,Lead,2025-04-15
283,10770,Executive,2024-09-15
283,17679,Developer,2024-06-26
283,17828,Analyst,2024-02-19
284,9607,Analyst,2024-08-27
284,17365,Developer,2024-06-11
284,18156,Lead,2024-02-26
285,4767,Executive,2025-05-14
286,290,Developer,2024-04-09
286,9125,Manager,2024-07-13
286,10432,Lead,2023-11-11
287,8563,Analyst,2024-06-28
287,10492,Executive,2023-12-19
287,20355,Manager,2024-10-14
288,15255,Lead,2024-08-20
289,21144,Executive,2024-06-22
289,23447,Lead,2023-11-09
290,5280,Lead,2023-12-05
290,8198,Executive,2024-11-06
290,24800,Lead,2023-09-02
291,22573,Developer,2024-09-06
292,7932,Executive,2025-02-11
292,9755,Lead,2023-09-30
293,4520,Manager,2025-01-18
293,4669,Analyst,2024-08-12
293,9808,Analyst,2024-07-29
293,24176,Lead,2024-01-09
294,4177,Lead,2025-03-27
294,19500,Executive,2024-03-27
294,20913,Executive,2023-07-24
294,22497,Developer,2023-09-08
294,23417,Developer,2023-06-01
295,7488,Manager,2024-10-24
295,12789,Analyst,2024-07-25
296,1409,Lead,2024-08-02
296,4706,Analyst,2023-07-08
296,7410,Lead,2025-02-20
296,21072,Developer,2024-02-26
297,720,Executive,2025-01-14
297,10502,Lead,2023-07-23
298,12171,Developer,2024-02-18
298,23645,Executive,2023-06-16
299,800,Developer,2023-12-29
299,4768,Developer,2024-08-27
299,16618,Lead,2025-03-31
299,20321,Developer,2024-04-27
300,3391,Executive,2025-03-24
300,5146,Lead,2023-08-26
300,5916,Lead,2023-05-31
300,21210,Analyst,2025-03-20
301,5735,Developer,2024-11-19
301,11584,Developer,2024-08-25
301,16414,Analyst,2024-10-04
301,18923,Executive,2025-01-03
301,21257,Lead,2023-09-23
302,4843,Manager,2024-12-23
302,8921,Developer,2025-05-17
302,12192,Analyst,2024-01-19
302,13535,Manager,2024-02-03
302,22371,Manager,2025-05-11
303,8634,Executive,2023-11-01
303,19774,Manager,2024-03-14
304,7728,Manager,2025-03-02
304,16278,Analyst,2025-05-10
304,16526,Analyst,2024-11-28
304,18171,Lead,2024-08-13
304,21825,Analyst,2023-05-31
305,23238,Manager,2024-07-05
306,5255,Lead,2024-10-03
306,10909,Executive,2023-10-30
307,13957,Developer,2024-10-16
307,22215,Developer,2025-04-18
308,6026,Analyst,2023-10-16
308,17569,Lead,2024-02-12
309,11290,Analyst,2023-09-15
309,22811,Executive,2024-06-12
310,2481,Lead,2024-02-16
310,10406,Executive,2023-08-27
311,4808,Executive,2024-10-05
311,5979,Executive,2024-05-28
311,13893,Analyst,2024-08-05
311,17798,Manager,2024-12-21
312,7574,Manager,2023-12-14
312,8754,Executive,2024-08-14
312,15876,Lead,2024-04-19
312,22415,Manager,2024-06-09
313,6053,Analyst,2025-02-11
314,17942,Analyst,2024-12-02
314,24383,Developer,2024-11-21
315,6935,Manager,2025-04-11
315,12793,Lead,2025-01-31
315,20528,Analyst,2024-01-06
316,23033,Developer,2024-09-18
317,6978,Manager,2024-06-21
317,15109,Executive,2024-05-16
317,16763,Lead,2023-12-21
317,23751,Manager,2024-01-07
318,7204,Developer,2023-12-10
318,15815,Executive,2024-01-05
318,23857,Lead,2023-11-13
319,646,Lead,2023-12-22
319,10006,Lead,2023-08-28
319,18129,Lead,2024-11-24
320,2079,Executive,2024-07-11
320,2597,Analyst,2025-05-22
320,10752,Analyst,2024-08-03
320,17918,Lead,2024-09-22
320,21286,Lead,2025-04-09
321,15915,Analyst,2024-09-18
322,6738,Developer,2025-02-14
322,12488,Analyst,2024-09-18
323,4325,Developer,2024-11-20
324,396,Developer,2024-10-17
324,3572,Analyst,2024-12-18
324,17085,Manager,2023-10-21
324,18733,Developer,2024-03-30
324,23923,Manager,2023-11-15
325,1098,Developer,2023-08-11
325,5002,Executive,2024-02-06
325,11114,Analyst,2024-07-06
325,21482,Executive,2024-09-07
326,7957,Manager,2023-12-04
326,11725,Analyst,2024-09-24
326,17822,Analyst,2024-05-31
326,18079,Lead,2024-04-29
326,20884,Lead,2024-05-08
327,5976,Analyst,2024-02-06
328,3514,Executive,2024-12-01
329,45,Analyst,2023-11-28
329,1091,Analyst,2023-06-21
329,6366,Analyst,2023-11-28
329,24132,Analyst,2023-07-26
329,24540,Analyst,2025-01-06
330,3366,Executive,2023-09-07
330,16077,Manager,2023-09-24
330,16110,Manager,2023-11-07
330,17253,Executive,2024-10-29
330,19207,Developer,2024-03-07
331,4791,Manager,2023-12-07
331,5001,Executive,2024-08-16
331,12118,Analyst,2024-05-22
331,14628,Manager,2024-01-11
332,16494,Executive,2023-12-22
332,24123,Developer,2025-02-01
333,14390,Executive,2023-07-22
334,21920,Manager,2024-12-02
335,9115,Manager,2025-04-19
335,15895,Developer,2023-09-29
335,22053,Manager,2025-01-07
336,6158,Analyst,2023-09-17
337,7195,Manager,2024-12-12
337,10467,Developer,2024-06-16
337,15977,Executive,2024-09-04
337,19983,Developer,2023-12-28
337,20696,Manager,2023-12-02
338,1329,Executive,2024-04-15
338,3066,Developer,2023-08-12
338,6559,Developer,2023-07-13
339,11017,Executive,2025-03-19
339,24684,Developer,2024-05-28
340,5683,Lead,2024-07-17
340,10359,Analyst,2025-05-23
340,12346,Lead,2024-01-12
341,10415,Executive,2024-08-09
342,2470,Executive,2024-08-13
342,19553,Analyst,2023-09-23
343,645,Developer,2024-01-22
343,8689,Executive,2025-03-29
343,9165,Manager,2023-07-21
343,20289,Executive,2024-04-25
343,22894,Lead,2024-07-06
344,8191,Executive,2024-09-30
344,9166,Executive,2024-08-21
344,12585,Developer,2023-06-27
344,12879,Analyst,2024-12-17
345,3968,Lead,2024-08-11
345,4204,Lead,2023-12-30
345,5238,Analyst,2024-07-25
345,22737,Developer,2024-12-19
345,23130,Developer,2023-07-16
346,2025,Executive,2024-10-02
346,13322,Executive,2023-06-09
347,704,Executive,2024-05-24
347,10650,Analyst,2025-03-26
347,15559,Manager,2024-05-23
347,23275,Manager,2024-10-22
347,24664,Executive,2023-06-07
348,2111,Executive,2023-11-17
348,3425,Executive,2023-07-24
348,6956,Analyst,2023-10-23
348,9462,Manager,2024-10-28
349,15705,Developer,2025-01-31
349,17261,Manager,2023-08-02
349,19252,Manager,2024-08-21
349,21363,Executive,2025-01-17
350,1482,Executive,2023-07-27
350,11242,Manager,2024-02-22
351,3245,Lead,2024-11-21
351,3685,Executive,2023-07-15
351,7040,Developer,2025-01-28
351,9015,Executive,2023-11-19
351,9218,Lead,2023-08-25
352,9551,Developer,2025-01-16
352,22048,Analyst,2024-12-13
352,22678,Analyst,2024-10-19
353,6848,Executive,2024-08-14
353,16779,Executive,2024-11-23
353,22210,Executive,2024-03-22
353,22999,Analyst,2023-08-12
353,23212,Analyst,2024-05-08
354,5122,Manager,2023-10-16
355,686,Developer,2025-05-05
355,3865,Developer,2024-05-23
355,14131,Executive,2023-12-19
355,22898,Analyst,2024-11-11
355,24881,Manager,2025-02-26
356,9843,Analyst,2025-02-03
356,13111,Executive,2025-03-12
356,15423,Manager,2025-05-17
356,24427,Manager,2023-09-16
357,14829,Executive,2023-09-24
357,24866,Developer,2025-02-01
358,3399,Manager,2023-11-14
358,17107,Executive,2023-12-27
359,10020,Manager,2025-02-16
359,11496,Developer,2024-09-15
359,16328,Analyst,2023-12-03
359,19686,Lead,2023-06-06
359,19879,Manager,2024-02-29
360,3974,Executive,2024-06-27
360,10236,Developer,2023-12-25
360,19009,Lead,2025-02-22
361,13481,Analyst,2024-03-10
361,15694,Developer,2024-11-28
361,18072,Analyst,2023-11-03
361,18455,Executive,2024-05-23
361,20307,Analyst,2025-03-15
362,7812,Developer,2023-07-01
362,8780,Lead,2024-01-19
363,4688,Developer,2024-10-30
363,11491,Analyst,2023-12-10
363,17810,Executive,2024-10-18
363,23810,Developer,2024-12-04
363,24384,Executive,2023-10-08
364,641,Executive,2025-01-27
364,18660,Manager,2025-03-23
364,19146,Analyst,2024-05-31
364,21748,Lead,2025-01-18
364,24498,Developer,2023-11-04
365,2348,Lead,2024-06-20
366,15191,Developer,2023-08-12
366,24038,Analyst,2024-05-20
367,4992,Analyst,2025-02-02
368,21301,Developer,2024-07-14
369,13555,Lead,2024-08-20
370,1745,Lead,2023-12-30
370,2940,Manager,2024-07-30
370,20829,Developer,2025-03-16
370,21431,Lead,2024-08-17
371,828,Manager,2024-04-10
371,1191,Executive,2024-12-31
371,6559,Lead,2023-12-14
371,6795,Analyst,2023-06-05
371,17276,Manager,2023-10-22
372,3971,Manager,2024-05-04
372,11797,Manager,2025-04-05
372,13184,Analyst,2024-02-04
372,15855,Developer,2023-07-07
373,6499,Analyst,2025-01-17
373,13448,Developer,2023-09-05
373,18804,Executive,2025-02-14
374,3496,Developer,2023-07-15
374,12856,Manager,2025-05-08
374,22641,Analyst,2023-07-09
375,11188,Analyst,2024-11-14
376,5365,Manager,2023-11-02
377,4452,Developer,2023-06-15
377,9696,Analyst,2025-05-16
377,17897,Lead,2025-03-11
377,24317,Lead,2023-11-25
378,274,Analyst,2025-04-19
378,2978,Executive,2023-11-13
378,15043,Lead,2023-07-12
378,24706,Lead,2023-06-29
379,6173,Lead,2025-03-14
379,14071,Lead,2025-03-28
379,23338,Developer,2025-02-26
380,4861,Manager,2024-02-16
380,8726,Lead,2023-05-26
380,20015,Developer,2024-08-05
380,24832,Executive,2023-09-12
381,4708,Analyst,2023-08-31
381,10011,Executive,2023-09-10
381,12286,Developer,2025-05-19
381,19346,Manager,2024-03-07
382,982,Executive,2023-10-21
382,3411,Manager,2024-11-05
382,3552,Analyst,2024-02-02
382,7046,Manager,2023-07-27
382,22037,Analyst,2024-01-07
383,4538,Lead,2024-10-31
383,12715,Analyst,2024-08-30
384,7512,Lead,2024-08-06
384,9968,Lead,2024-02-01
385,616,Analyst,2023-06-03
385,7848,Developer,2024-08-28
385,8858,Developer,2024-10-10
385,13040,Developer,2025-04-09
385,19255,Executive,2025-04-24
386,3356,Analyst,2024-10-11
386,10770,Executive,2024-09-23
386,11460,Manager,2024-04-06
386,16708,Analyst,2023-10-06
386,24266,Manager,2024-02-19
387,913,Manager,2024-04-01
387,7619,Lead,2025-02-16
387,8666,Lead,2024-11-08
388,9329,Analyst,2023-06-21
388,18975,Developer,2025-04-10
389,2629,Lead,2024-08-28
389,3029,Lead,2024-06-28
389,4705,Lead,2024-02-18
389,14239,Manager,2025-05-03
389,23732,Analyst,2023-11-24
390,22987,Lead,2023-08-23
391,10352,Executive,2025-01-17
392,1491,Manager,2024-08-04
393,13475,Lead,2024-10-29
394,9106,Analyst,2025-03-29
395,2964,Executive,2023-09-25
395,5154,Manager,2024-09-23
396,3664,Executive,2023-07-05
396,23923,Manager,2025-05-20
397,14318,Analyst,2023-10-02
398,3120,Manager,2023-09-15
398,3526,Lead,2024-10-15
398,10459,Developer,2024-11-13
398,15739,Manager,2024-04-01
398,21603,Lead,2024-07-31
399,563,Manager,2024-08-20
399,10578,Executive,2023-08-08
400,4577,Executive,2023-09-26
400,18224,Manager,2023-08-23
401,3230,Manager,2024-11-30
401,11383,Executive,2024-09-18
401,11444,Manager,2024-08-28
402,974,Manager,2023-08-05
402,2393,Analyst,2024-01-18
402,11153,Analyst,2024-06-29
402,19491,Analyst,2023-06-21
402,23059,Developer,2024-08-15
403,12330,Executive,2024-06-26
403,12670,Developer,2024-11-11
404,586,Developer,2024-04-13
404,10562,Lead,2023-07-25
404,12287,Executive,2024-06-07
404,15921,Manager,2024-05-18
405,4442,Manager,2023-06-04
406,15421,Lead,2023-12-25
406,16020,Analyst,2024-09-16
406,19069,Analyst,2024-05-16
407,1958,Lead,2025-05-14
407,9377,Developer,2024-10-17
407,10936,Executive,2024-07-28
407,21099,Lead,2024-09-01
408,5279,Executive,2024-06-22
408,11549,Developer,2023-06-04
408,11699,Lead,2025-01-21
408,14669,Developer,2023-10-19
409,6282,Executive,2023-12-07
409,18416,Manager,2023-12-26
409,19173,Lead,2023-08-02
409,24502,Manager,2024-09-29
410,3048,Manager,2024-02-19
410,20006,Manager,2024-02-29
410,23262,Analyst,2024-02-07
411,7364,Analyst,2023-06-04
411,7567,Executive,2023-08-05
411,11300,Analyst,2024-03-30
411,18675,Analyst,2024-09-15
411,23752,Lead,2023-07-03
412,4740,Lead,2023-12-02
412,14646,Executive,2023-10-26
412,14917,Lead,2024-10-10
412,24714,Developer,2023-11-04
413,15439,Analyst,2023-08-15
414,13889,Analyst,2024-07-03
414,16919,Developer,2024-04-01
414,21259,Executive,2023-10-05
415,2846,Developer,2023-12-11
415,11545,Analyst,2025-02-23
416,8688,Analyst,2025-03-21
416,19013,Developer,2025-03-07
417,11926,Analyst,2024-02-14
417,12884,Analyst,2024-06-25
417,16282,Developer,2024-09-11
417,24364,Lead,2023-07-13
418,11677,Executive,2023-11-10
418,17342,Developer,2024-06-10
418,18708,Executive,2024-09-23
418,24053,Executive,2025-05-22
419,12949,Developer,2025-02-16
420,8027,Developer,2024-03-30
421,8374,Manager,2023-07-23
421,9598,Developer,2025-03-21
422,5794,Lead,2024-12-17
423,7685,Lead,2025-02-26
423,12712,Executive,2024-03-07
423,16426,Analyst,2024-11-19
424,2666,Manager,2024-10-27
424,3901,Developer,2023-09-16
424,21756,Lead,2023-09-18
424,22865,Lead,2024-03-02
425,4252,Executive,2024-09-12
425,5006,Manager,2023-08-09
426,3176,Manager,2025-05-11
426,4072,Analyst,2023-11-28
426,5167,Manager,2023-11-17
426,7364,Developer,2024-10-13
426,10376,Analyst,2024-10-28
427,19814,Executive,2024-02-07
427,24629,Manager,2024-07-13
428,10961,Lead,2023-12-26
429,2462,Analyst,2024-11-15
429,5127,Analyst,2024-06-16
429,18721,Developer,2023-11-07
430,18527,Analyst,2024-04-04
431,6740,Executive,2025-04-05
431,13635,Manager,2024-06-14
431,24760,Executive,2024-04-06
432,1937,Analyst,2023-12-12
432,2731,Developer,2024-06-20
432,7409,Lead,2023-11-17
432,17111,Analyst,2025-01-26
433,2753,Manager,2023-10-05
433,4975,Lead,2024-09-24
433,7372,Developer,2024-04-18
433,18853,Executive,2024-11-09
434,24351,Executive,2023-05-27
435,7576,Lead,2024-07-17
435,10397,Developer,2023-08-04
435,11953,Executive,2024-10-11
436,7635,Manager,2024-11-04
436,13496,Developer,2025-03-20
436,16454,Manager,2024-05-19
436,17657,Analyst,2024-02-08
437,2782,Executive,2023-11-06
437,16215,Manager,2025-02-17
437,17855,Executive,2024-07-03
437,19937,Analyst,2024-01-05
438,285,Manager,2023-05-30
438,6934,Executive,2024-11-02
438,8358,Manager,2024-01-08
438,14712,Executive,2025-01-31
439,15789,Analyst,2023-06-29
439,17012,Lead,2025-05-24
439,17189,Manager,2023-11-12
439,19389,Developer,2024-11-12
440,22646,Executive,2025-05-11
440,22832,Analyst,2024-01-07
441,680,Lead,2025-03-03
442,8348,Developer,2024-02-15
443,102,Manager,2024-04-18
443,14195,Analyst,2023-09-30
443,15624,Developer,2024-12-03
443,18864,Lead,2023-06-02
443,21085,Developer,2025-05-18
444,121,Analyst,2025-02-06
444,4727,Manager,2024-05-05
444,16452,Executive,2024-01-10
444,18282,Lead,2024-11-12
445,4566,Analyst,2023-07-17
446,24994,Lead,2025-03-25
447,1363,Analyst,2023-10-16
447,17443,Manager,2024-08-02
447,24968,Executive,2025-02-21
448,10047,Analyst,2023-06-21
448,21147,Analyst,2023-11-12
449,11358,Lead,2023-09-22
450,6780,Analyst,2024-08-09
450,8592,Developer,2024-09-14
450,13152,Developer,2023-09-15
450,15127,Manager,2024-02-16
450,17995,Lead,2024-05-28
451,1382,Manager,2023-11-07
451,4818,Analyst,2025-02-04
451,10544,Executive,2024-04-05
451,13489,Analyst,2023-09-28
452,11950,Lead,2024-04-15
453,11900,Analyst,2024-10-29
454,3841,Developer,2023-10-31
454,12395,Executive,2025-04-25
454,13341,Manager,2025-04-17
454,17512,Analyst,2024-07-17
454,23716,Executive,2024-08-01
455,4848,Lead,2023-08-05
455,10887,Developer,2023-07-14
455,11122,Lead,2024-05-30
455,14245,Developer,2023-12-30
455,15050,Lead,2024-07-08
456,10174,Manager,2025-04-01
456,21867,Developer,2024-06-04
456,24573,Manager,2024-10-09
457,12292,Lead,2025-04-02
457,12721,Developer,2023-09-08
457,14265,Manager,2024-01-29
458,20369,Lead,2023-06-18
458,24967,Developer,2024-04-04
459,2469,Analyst,2023-12-08
459,13698,Developer,2024-11-27
459,23362,Manager,2025-01-07
459,23884,Manager,2024-08-06
460,8592,Manager,2023-11-04
460,14635,Developer,2024-02-05
461,16938,Executive,2023-12-07
462,2666,Developer,2023-09-22
462,7484,Lead,2023-09-06
462,9042,Analyst,2023-08-08
462,15732,Analyst,2024-02-11
463,762,Manager,2023-06-03
463,18333,Lead,2024-03-02
464,4163,Manager,2024-11-06
464,8178,Analyst,2023-07-23
464,13938,Lead,2023-06-18
464,24138,Developer,2025-01-09
465,2808,Manager,2024-11-22
466,8034,Manager,2023-05-30
466,14338,Lead,2024-06-29
467,765,Analyst,2023-08-08
467,16348,Developer,2024-11-17
468,647,Developer,2024-08-04
468,738,Manager,2024-05-08
468,11227,Manager,2023-08-15
469,10396,Manager,2025-03-11
469,10465,Developer,2025-03-12
469,17505,Manager,2024-02-12
469,18641,Analyst,2025-04-12
469,23122,Lead,2023-08-09
470,5317,Lead,2023-10-14
470,11437,Manager,2025-02-27
470,19048,Manager,2025-04-06
470,22417,Lead,2024-11-19
470,24698,Executive,2023-12-08
471,18080,Manager,2025-02-02
471,19501,Executive,2024-11-04
472,2712,Developer,2024-08-24
473,17074,Executive,2023-12-27
474,1762,Developer,2025-05-05
474,16940,Analyst,2023-11-03
475,23518,Executive,2024-08-23
476,1847,Developer,2025-03-31
476,12845,Executive,2025-02-26
477,14214,Developer,2023-06-13
477,14566,Executive,2024-08-05
478,2548,Analyst,2024-06-18
478,4824,Lead,2025-04-07
478,7451,Executive,2024-10-27
478,11746,Developer,2025-03-04
478,13242,Lead,2024-04-03
479,2547,Executive,2023-08-09
480,19812,Executive,2023-12-27
481,1105,Developer,2024-06-21
481,12770,Developer,2024-04-04
481,17529,Analyst,2024-04-07
481,20270,Analyst,2024-08-24
481,24811,Manager,2023-08-30
482,406,Manager,2023-10-05
482,1968,Executive,2024-02-20
482,3564,Lead,2023-11-16
482,4600,Developer,2023-06-13
482,16713,Manager,2025-05-13
483,5048,Lead,2024-01-05
483,19828,Manager,2025-03-03
484,695,Manager,2023-07-11
484,1264,Manager,2023-08-10
484,12031,Manager,2024-08-18
485,495,Manager,2023-11-03
485,4246,Developer,2024-06-04
485,11491,Manager,2023-12-22
485,21260,Analyst,2024-07-19
485,22660,Lead,2024-10-21
486,4237,Analyst,2025-03-26
486,5821,Analyst,2024-10-21
486,18196,Manager,2025-01-30
486,23551,Executive,2024-05-27
487,6870,Lead,2024-07-12
487,15409,Executive,2025-04-01
487,19190,Executive,2023-10-20
487,21558,Executive,2023-07-08
487,24802,Developer,2025-01-03
488,6718,Lead,2024-01-10
488,8075,Executive,2025-02-01
488,14974,Lead,2025-02-16
488,16688,Manager,2024-03-04
488,22305,Analyst,2023-08-24
489,16477,Manager,2024-08-24
489,19876,Executive,2024-10-24
490,736,Executive,2023-10-19
490,20971,Executive,2023-11-30
490,22380,Manager,2023-08-29
490,23358,Analyst,2025-04-07
491,265,Lead,2024-01-24
491,19953,Executive,2023-06-25
492,21755,Developer,2023-06-23
493,6203,Manager,2025-05-07
493,9649,Analyst,2023-07-10
493,14350,Analyst,2024-06-06
493,15471,Developer,2024-11-15
493,22036,Executive,2024-09-15
494,8580,Lead,2024-12-13
494,12163,Manager,2024-01-31
494,14822,Developer,2025-04-25
494,19894,Analyst,2024-04-11
494,21242,Manager,2025-03-03
495,380,Executive,2024-09-16
495,3187,Analyst,2024-10-05
495,5229,Executive,2024-01-29
495,6861,Analyst,2024-03-06
495,22176,Manager,2025-03-01
496,702,Developer,2023-11-30
496,23689,Analyst,2023-08-05
497,3196,Lead,2024-09-25
497,11710,Lead,2024-04-23
497,12743,Developer,2023-08-04
497,16713,Analyst,2024-08-20
498,19654,Analyst,2023-08-07
498,22576,Developer,2023-11-30
499,14635,Analyst,2025-01-16
499,15926,Lead,2024-03-25
499,22700,Lead,2024-03-01
500,11198,Lead,2025-02-17
500,14684,Executive,2024-07-03
501,12137,Developer,2024-04-25
502,13046,Analyst,2024-11-18
503,14612,Executive,2024-01-01
504,9083,Analyst,2024-12-31
504,14564,Manager,2023-06-22
504,15958,Executive,2023-06-25
504,19609,Developer,2024-03-11
504,23634,Analyst,2025-02-03
505,14131,Developer,2024-06-30
505,16473,Developer,2024-08-17
505,17855,Developer,2024-09-14
505,18853,Manager,2025-04-10
505,24566,Manager,2025-02-14
506,1622,Executive,2025-02-24
506,5902,Analyst,2024-09-04
507,17377,Lead,2024-06-22
507,21922,Manager,2024-11-06
508,6981,Lead,2024-09-13
508,19608,Developer,2024-12-10
508,19964,Executive,2024-08-18
508,20079,Executive,2024-10-16
508,20192,Manager,2024-02-09
509,1236,Executive,2024-07-19
509,4681,Executive,2023-12-31
509,7516,Manager,2023-12-21
509,15639,Lead,2025-03-09
509,22227,Developer,2025-03-08
510,8282,Manager,2025-01-30
511,13644,Executive,2025-02-10
512,16863,Lead,2024-03-26
512,20624,Manager,2023-09-16
512,21294,Executive,2025-01-20
512,23751,Analyst,2024-11-01
513,5337,Executive,2023-08-31
513,5520,Manager,2023-06-15
513,11883,Executive,2024-09-08
513,16743,Executive,2023-06-26
514,1476,Developer,2025-01-08
514,5481,Analyst,2025-01-04
514,15150,Executive,2023-06-19
514,17353,Analyst,2024-10-19
515,13147,Executive,2024-12-26
516,9167,Developer,2023-09-12
517,4021,Lead,2024-01-08
517,23872,Manager,2024-03-25
518,5971,Lead,2025-04-26
518,11215,Manager,2025-04-17
519,10159,Analyst,2023-08-24
519,20908,Manager,2024-08-20
520,16696,Lead,2024-05-05
520,21095,Analyst,2023-06-26
521,5935,Analyst,2024-04-05
521,8494,Developer,2023-08-12
521,8852,Lead,2024-10-10
521,16786,Lead,2024-01-08
521,24401,Manager,2024-10-22
522,2021,Developer,2023-07-08
523,2357,Manager,2024-08-10
523,6724,Manager,2023-11-10
524,6409,Developer,2023-10-19
524,19468,Analyst,2023-07-11
525,813,Analyst,2024-04-24
525,6146,Manager,2024-06-05
525,7580,Lead,2024-12-05
525,18132,Developer,2023-11-02
526,7396,Developer,2023-07-09
526,21629,Analyst,2025-01-25
527,11094,Analyst,2023-07-18
527,12142,Manager,2024-02-04
527,15487,Manager,2023-05-27
527,22474,Developer,2025-03-30
528,16114,Developer,2023-07-22
528,16847,Executive,2024-04-11
528,19733,Lead,2025-01-06
529,8733,Manager,2024-03-10
529,9108,Lead,2025-03-17
529,17758,Manager,2024-11-27
530,12652,Lead,2025-01-22
531,4291,Developer,2025-02-24
531,8999,Developer,2023-07-29
532,8120,Executive,2024-12-24
532,17259,Developer,2024-08-02
532,23668,Developer,2023-10-22
533,16729,Executive,2023-06-17
534,6124,Executive,2025-04-15
534,8160,Developer,2024-04-30
534,9691,Executive,2023-06-02
534,13970,Analyst,2023-11-24
534,16876,Manager,2024-08-14
535,3569,Analyst,2024-03-16
535,3802,Lead,2025-05-02
535,10793,Executive,2024-10-30
536,5270,Lead,2024-09-08
536,7337,Manager,2025-04-11
536,13667,Lead,2025-02-17
536,24001,Manager,2024-01-28
537,1061,Executive,2023-10-27
537,2167,Developer,2024-10-23
537,2825,Executive,2024-09-17
537,14721,Developer,2025-01-03
537,24839,Manager,2025-05-10
538,10517,Executive,2025-02-22
538,14905,Developer,2024-10-05
538,18197,Executive,2023-11-04
539,6473,Executive,2024-12-29
539,8101,Executive,2025-03-20
540,3990,Manager,2024-07-30
540,5870,Executive,2024-07-11
540,12078,Executive,2023-10-24
540,19891,Manager,2025-04-05
541,6704,Executive,2025-01-05
541,9066,Executive,2024-12-18
541,17625,Developer,2023-09-16
542,14814,Manager,2024-04-19
542,18264,Executive,2023-09-24
542,20870,Developer,2023-12-07
542,20884,Manager,2024-11-03
542,21493,Lead,2024-02-09
543,9401,Lead,2024-05-14
543,21202,Lead,2024-04-30
543,23102,Analyst,2025-04-01
544,20807,Analyst,2024-08-26
545,13045,Analyst,2024-08-18
545,20335,Lead,2024-02-20
545,24980,Manager,2024-07-26
546,5873,Lead,2024-08-20
546,9232,Developer,2024-01-11
546,9377,Manager,2024-09-14
546,14948,Manager,2023-11-28
547,628,Manager,2024-11-23
547,1137,Lead,2023-06-03
547,16323,Executive,2023-07-16
548,10924,Executive,2024-01-17
548,22625,Lead,2023-12-27
549,4120,Executive,2023-09-04
549,7201,Manager,2023-08-07
549,16668,Executive,2025-05-10
549,17858,Analyst,2024-12-02
549,19547,Executive,2024-03-12
550,9433,Manager,2024-06-05
550,10527,Manager,2024-10-20
550,13228,Manager,2025-03-18
550,14309,Developer,2025-03-23
551,2983,Executive,2025-04-30
551,3141,Developer,2025-05-01
551,3249,Analyst,2024-09-11
551,7013,Analyst,2025-01-08
552,6835,Analyst,2024-08-30
552,20739,Analyst,2024-06-22
552,24574,Manager,2024-08-04
553,21111,Lead,2023-09-22
553,24905,Analyst,2023-11-10
554,2629,Lead,2024-08-15
554,4503,Lead,2025-01-02
554,9766,Manager,2024-10-03
554,21997,Lead,2023-07-17
555,10184,Developer,2025-04-21
556,1177,Developer,2025-01-22
556,15657,Manager,2023-06-20
556,23459,Analyst,2023-06-04
557,1020,Analyst,2025-03-19
558,3019,Executive,2025-02-03
558,4797,Executive,2023-10-26
558,15855,Lead,2024-11-01
558,23840,Developer,2024-02-23
558,24018,Manager,2024-10-12
559,13037,Developer,2023-12-22
559,21386,Manager,2023-07-20
560,1982,Lead,2024-07-05
560,6346,Lead,2024-10-16
560,8741,Developer,2024-11-17
560,22802,Lead,2025-02-07
560,24404,Analyst,2025-05-21
561,1448,Manager,2024-04-07
561,4590,Developer,2025-01-05
561,11726,Executive,2023-05-27
561,12316,Analyst,2024-11-30
562,17825,Developer,2023-06-21
562,22086,Analyst,2023-08-31
562,24967,Developer,2024-07-04
563,3877,Executive,2025-01-24
563,5429,Executive,2024-10-01
564,2660,Developer,2023-07-21
564,12387,Manager,2024-07-04
564,12942,Manager,2025-05-07
565,2002,Manager,2024-02-21
565,18383,Executive,2023-06-19
566,11070,Developer,2024-09-26
566,18046,Manager,2024-02-04
566,19635,Analyst,2024-10-27
566,21319,Executive,2024-04-16
567,11183,Executive,2025-04-11
567,18856,Executive,2024-03-15
568,8985,Manager,2024-02-06
569,8704,Executive,2024-10-18
569,15898,Developer,2024-10-18
569,23682,Lead,2023-08-18
569,23776,Developer,2024-08-04
570,575,Manager,2024-07-30
570,18347,Executive,2024-07-19
571,1342,Analyst,2023-07-17
571,5508,Analyst,2024-05-10
571,15450,Executive,2023-07-27
571,23128,Analyst,2023-12-22
572,648,Analyst,2023-08-06
572,708,Executive,2025-01-19
572,9760,Developer,2023-12-08
572,15688,Analyst,2024-01-12
572,18650,Lead,2023-09-15
573,3885,Developer,2023-05-30
573,11208,Developer,2024-06-18
573,14413,Analyst,2024-01-31
573,16339,Developer,2024-06-09
574,274,Developer,2024-05-21
574,10211,Lead,2024-02-13
574,11063,Lead,2023-11-11
574,19925,Developer,2023-06-08
574,23005,Executive,2025-02-21
575,11682,Analyst,2023-06-28
575,15182,Executive,2024-05-14
576,7240,Manager,2024-03-20
576,10387,Developer,2023-10-29
576,16096,Manager,2023-09-11
577,3189,Executive,2024-06-10
577,21323,Executive,2024-06-17
578,19796,Lead,2024-10-26
578,21675,Lead,2025-01-08
578,24582,Developer,2024-08-27
579,7324,Analyst,2024-05-17
579,15341,Executive,2023-12-30
579,16873,Executive,2024-02-03
579,18966,Manager,2023-05-31
580,5143,Lead,2024-12-10
580,12685,Executive,2024-04-03
580,20107,Analyst,2024-04-30
580,22386,Developer,2023-11-17
581,816,Manager,2024-04-15
581,5826,Analyst,2025-02-24
582,6460,Developer,2024-12-02
582,7990,Developer,2024-11-14
582,17306,Executive,2024-01-03
583,1832,Developer,2025-02-15
583,11693,Lead,2023-09-08
583,16754,Manager,2024-08-01
583,24704,Analyst,2023-07-24
584,5685,Executive,2025-04-29
584,9016,Lead,2025-01-15
584,19144,Analyst,2023-12-21
584,22578,Manager,2025-01-01
584,23229,Developer,2024-02-21
585,3454,Developer,2025-04-30
585,4209,Manager,2024-08-18
585,5766,Manager,2024-12-04
585,8895,Developer,2023-12-18
586,14786,Manager,2025-05-23
586,19334,Executive,2024-09-25
587,15604,Developer,2025-05-10
588,1320,Developer,2023-10-14
588,4026,Manager,2023-11-17
588,9578,Analyst,2025-04-22
588,16212,Analyst,2024-03-31
588,22585,Executive,2024-10-25
589,11626,Executive,2025-02-18
589,13327,Analyst,2024-08-14
589,14369,Analyst,2024-04-14
589,19415,Manager,2025-02-17
589,22284,Executive,2023-07-17
590,2504,Lead,2024-07-12
590,8661,Lead,2024-11-26
590,12074,Developer,2024-11-21
591,829,Lead,2024-07-24
591,10015,Executive,2024-08-05
591,15453,Manager,2024-11-06
591,15492,Manager,2024-06-03
591,22630,Analyst,2025-01-29
592,4744,Developer,2024-04-14
592,13575,Developer,2023-11-08
592,21959,Lead,2024-01-29
593,21464,Lead,2025-03-04
594,5352,Manager,2024-06-24
594,13658,Executive,2023-11-20
594,14787,Developer,2025-04-16
594,17534,Manager,2025-04-08
594,19793,Analyst,2024-01-24
595,1257,Lead,2024-07-08
595,3779,Analyst,2024-07-09
595,10812,Executive,2024-12-20
595,14617,Lead,2024-04-25
595,20846,Analyst,2024-01-06
596,8598,Executive,2025-02-25
596,21760,Manager,2024-01-04
597,8110,Executive,2024-01-06
597,14128,Executive,2024-03-30
597,17534,Manager,2024-03-16
597,17569,Executive,2025-03-12
597,22072,Executive,2025-02-16
598,8770,Lead,2023-11-23
598,19476,Developer,2023-07-31
598,19632,Lead,2025-05-18
598,22694,Manager,2025-03-26
598,24440,Lead,2024-07-29
599,6421,Analyst,2025-04-27
599,18097,Developer,2024-04-10
600,13429,Manager,2025-04-30
600,14572,Developer,2023-09-05
601,10955,Executive,2025-03-12
601,15164,Executive,2024-11-01
601,17934,Lead,2023-12-20
601,18176,Analyst,2025-03-09
602,2295,Executive,2023-08-27
602,5011,Analyst,2025-03-10
602,5887,Executive,2023-07-08
602,7205,Lead,2024-03-30
602,12982,Manager,2023-11-04
603,4815,Manager,2023-08-11
603,9294,Analyst,2023-06-07
603,15603,Lead,2023-06-11
603,15914,Manager,2025-05-07
604,18973,Executive,2024-04-07
604,20185,Analyst,2023-07-18
604,23635,Lead,2023-06-14
605,19439,Executive,2024-09-10
606,7611,Analyst,2025-01-14
606,9144,Lead,2024-08-02
606,21001,Lead,2023-09-01
607,21823,Developer,2023-06-09
608,9734,Executive,2023-09-12
608,12020,Analyst,2024-09-10
608,18168,Lead,2024-01-28
608,21098,Manager,2023-10-21
609,3242,Developer,2023-09-09
609,13601,Lead,2023-11-20
609,15065,Lead,2023-11-08
609,15724,Analyst,2024-07-07
610,3150,Executive,2023-10-02
610,18355,Manager,2025-05-25
611,8615,Analyst,2023-10-03
611,14443,Developer,2023-06-09
611,17840,Lead,2023-06-23
612,6504,Executive,2025-03-28
612,23608,Analyst,2024-12-27
613,15915,Manager,2025-03-06
614,2037,Developer,2024-02-08
614,3735,Analyst,2025-03-05
614,10358,Analyst,2023-08-04
614,21682,Executive,2024-07-31
615,19401,Developer,2023-07-21
615,23123,Lead,2025-02-01
616,9175,Lead,2024-11-30
616,21293,Lead,2024-03-17
617,11835,Developer,2024-05-25
617,12374,Executive,2023-11-03
617,19267,Manager,2023-08-28
617,23516,Executive,2024-06-19
618,3428,Developer,2024-02-23
618,4265,Lead,2025-03-12
618,12317,Manager,2024-01-12
618,20953,Lead,2024-09-13
619,4265,Lead,2024-03-03
619,8825,Executive,2023-12-07
619,11950,Executive,2024-07-25
619,19867,Manager,2024-04-28
619,23630,Analyst,2024-12-21
620,19944,Analyst,2024-08-03
621,2256,Developer,2025-04-24
621,13459,Executive,2025-01-12
621,16238,Executive,2025-03-14
621,20859,Developer,2025-03-27
622,981,Lead,2025-01-19
622,1293,Developer,2025-01-13
622,8849,Lead,2023-07-07
622,14937,Manager,2024-04-18
623,2477,Analyst,2023-08-01
623,7625,Developer,2024-08-13
623,24695,Analyst,2025-05-09
623,24920,Manager,2024-09-16
624,3559,Developer,2024-08-04
624,14891,Manager,2024-11-21
624,16314,Developer,2024-05-05
624,20316,Developer,2024-01-18
624,24270,Executive,2023-10-31
625,12987,Executive,2025-05-13
625,15017,Executive,2023-08-03
626,17170,Executive,2024-10-21
626,23232,Manager,2024-06-03
626,24321,Analyst,2024-10-30
627,3279,Developer,2024-01-05
627,9038,Developer,2023-11-24
627,10700,Lead,2024-01-20
627,14744,Lead,2024-10-09
628,8699,Developer,2024-03-10
628,10655,Lead,2023-11-08
628,14449,Executive,2024-09-05
629,4029,Developer,2024-07-14
629,6833,Manager,2025-01-23
629,7285,Analyst,2023-06-21
629,16709,Lead,2024-12-02
630,2416,Analyst,2025-01-06
630,7680,Lead,2024-10-01
631,3988,Manager,2024-09-02
632,1521,Manager,2023-12-29
632,5545,Lead,2024-04-25
632,12124,Manager,2024-02-05
632,14285,Developer,2024-12-08
633,2014,Manager,2024-08-15
633,3643,Executive,2024-01-24
633,13044,Lead,2024-04-09
633,15604,Developer,2023-09-01
633,24489,Manager,2023-07-14
634,8547,Manager,2024-07-29
634,11016,Lead,2023-11-26
634,24300,Executive,2024-06-16
635,8314,Executive,2025-05-11
635,22841,Analyst,2024-06-15
636,5975,Analyst,2025-01-04
636,11014,Analyst,2023-06-08
636,14926,Analyst,2024-07-17
636,17439,Analyst,2023-08-03
637,1317,Analyst,2023-08-04
637,3603,Executive,2025-04-13
637,4964,Developer,2023-09-29
637,17338,Manager,2023-06-16
638,4930,Manager,2024-02-27
638,11089,Developer,2025-05-01
638,18677,Executive,2025-02-13
638,21736,Developer,2023-12-27
639,10077,Lead,2024-07-26
639,18478,Executive,2024-08-29
639,24194,Developer,2025-05-15
640,2388,Analyst,2025-04-02
640,14613,Manager,2023-11-30
640,23995,Executive,2024-08-05
641,1705,Developer,2024-12-30
641,2700,Manager,2024-09-04
641,6029,Analyst,2023-12-28
641,6257,Manager,2024-01-18
641,22861,Developer,2023-07-19
642,24481,Developer,2023-12-10
643,338,Developer,2023-06-03
643,2625,Lead,2024-09-26
643,24173,Manager,2025-01-04
644,18984,Developer,2025-04-19
645,8037,Lead,2024-02-25
645,8493,Manager,2025-04-18
646,10139,Manager,2023-12-22
646,16009,Manager,2024-04-01
646,16146,Lead,2025-03-21
646,21360,Executive,2024-12-15
647,9084,Executive,2024-04-13
647,17670,Executive,2025-05-01
647,21271,Lead,2023-11-24
648,78,Manager,2024-02-07
648,5659,Manager,2023-10-07
648,12224,Analyst,2025-04-07
648,22019,Lead,2023-10-21
648,23530,Executive,2023-06-17
649,4052,Manager,2024-09-19
649,15259,Executive,2024-07-07
649,16113,Analyst,2024-10-15
650,3127,Analyst,2023-12-12
650,6808,Developer,2023-07-13
651,4991,Lead,2023-09-15
651,10900,Developer,2024-10-03
652,1912,Developer,2023-11-03
652,12282,Analyst,2024-02-29
652,14642,Developer,2023-08-09
652,14713,Executive,2023-12-11
652,15834,Manager,2025-02-21
653,1680,Developer,2024-07-09
653,3334,Manager,2023-06-20
654,607,Manager,2023-06-25
654,6007,Manager,2023-10-24
654,9855,Lead,2023-10-01
654,12917,Executive,2024-04-16
655,12326,Executive,2023-12-06
655,18276,Developer,2024-04-14
655,19516,Manager,2024-04-09
656,884,Manager,2024-12-27
656,4395,Developer,2025-01-06
656,5780,Developer,2024-01-24
656,16999,Executive,2024-11-28
656,21930,Lead,2025-03-17
657,2941,Analyst,2023-08-03
657,3110,Executive,2024-12-26
657,9647,Analyst,2024-04-03
658,2335,Developer,2023-07-22
659,10750,Executive,2025-01-31
659,15066,Developer,2025-05-23
659,17488,Manager,2024-12-30
660,1646,Developer,2023-07-04
660,5515,Analyst,2023-07-24
660,22594,Developer,2024-07-19
661,5185,Developer,2023-07-24
661,7702,Lead,2023-07-01
661,9383,Analyst,2024-05-22
661,14832,Manager,2025-01-12
661,19666,Developer,2023-09-12
662,9443,Analyst,2024-07-06
663,2768,Manager,2023-11-06
663,12629,Executive,2025-01-22
663,14787,Analyst,2025-01-11
663,21691,Analyst,2023-07-31
664,2445,Analyst,2025-05-03
664,20121,Manager,2024-11-22
664,21269,Lead,2024-04-25
665,622,Manager,2023-08-09
665,5852,Executive,2024-06-11
665,21951,Executive,2024-03-15
666,348,Analyst,2024-04-13
666,542,Analyst,2024-10-25
666,2719,Analyst,2023-10-13
666,21711,Lead,2024-12-17
667,4760,Lead,2024-04-12
668,502,Analyst,2023-08-01
669,6781,Lead,2024-08-27
669,15582,Developer,2024-02-01
669,23964,Developer,2023-11-28
670,610,Lead,2025-05-11
670,5073,Developer,2023-07-21
670,12738,Executive,2023-06-07
670,15241,Manager,2024-08-21
671,5074,Analyst,2024-06-02
672,14695,Developer,2024-07-27
672,16266,Lead,2025-01-12
672,21841,Lead,2023-11-03
672,23596,Analyst,2025-01-02
673,1621,Analyst,2024-10-14
673,5069,Lead,2025-05-06
673,5713,Analyst,2023-11-26
673,19510,Manager,2023-11-26
674,3492,Developer,2023-11-05
674,8889,Executive,2024-12-11
674,19711,Manager,2025-01-31
674,24387,Manager,2024-06-20
675,1994,Manager,2024-11-10
675,8301,Analyst,2025-03-22
676,3738,Lead,2023-10-10
676,12454,Developer,2024-01-26
677,3164,Executive,2023-10-06
677,4997,Manager,2024-12-25
677,9184,Developer,2025-01-28
677,10061,Manager,2023-05-29
677,20108,Developer,2024-12-12
678,4297,Analyst,2024-06-12
678,10187,Manager,2024-03-28
678,11210,Manager,2024-06-27
679,4150,Developer,2023-08-24
679,6774,Executive,2024-04-05
679,11798,Executive,2024-03-11
679,17382,Lead,2023-09-21
679,18714,Lead,2023-06-01
680,15448,Developer,2025-02-02
680,22419,Manager,2025-02-13
681,13516,Developer,2025-05-03
682,3113,Manager,2025-02-28
682,6627,Executive,2024-12-15
682,13513,Lead,2023-11-30
682,19925,Executive,2024-02-29
682,23848,Manager,2025-04-04
683,24853,Lead,2024-06-17
684,3556,Lead,2024-06-25
685,1807,Analyst,2024-06-11
685,16828,Executive,2024-12-16
685,21164,Analyst,2025-02-14
686,2788,Developer,2024-03-21
686,21582,Developer,2023-12-11
686,23339,Analyst,2024-11-11
687,431,Executive,2025-03-13
688,7295,Developer,2023-07-16
688,11845,Manager,2023-06-11
688,13263,Executive,2023-06-21
689,15254,Executive,2023-09-06
690,3133,Analyst,2025-02-27
691,1931,Analyst,2023-11-10
691,10695,Executive,2023-07-15
691,10972,Analyst,2024-01-21
691,16580,Developer,2023-09-17
691,21492,Executive,2024-02-07
692,941,Analyst,2025-01-12
692,7133,Analyst,2024-03-21
692,11539,Developer,2024-09-29
692,16980,Manager,2024-05-04
692,21035,Analyst,2024-09-01
693,5610,Developer,2023-09-10
693,11026,Developer,2023-09-12
693,15782,Manager,2024-07-26
694,17098,Lead,2023-12-28
694,20595,Developer,2023-06-13
694,21440,Analyst,2024-05-27
695,1197,Manager,2024-05-29
695,1996,Lead,2024-06-04
695,2648,Analyst,2024-11-01
695,20831,Manager,2024-05-25
696,10259,Analyst,2024-03-27
696,15768,Lead,2024-12-27
696,21870,Developer,2024-09-18
697,2208,Lead,2025-01-26
697,8763,Manager,2025-05-20
697,13059,Analyst,2025-01-31
698,449,Manager,2024-09-20
698,7116,Executive,2023-11-05
698,9678,Manager,2023-09-23
699,9548,Lead,2023-12-24
699,19270,Lead,2024-02-07
700,13509,Lead,2023-12-30
700,18669,Lead,2023-10-19
700,22051,Analyst,2023-12-11
701,2062,Analyst,2025-01-21
701,6639,Developer,2025-02-16
701,9865,Manager,2024-07-04
701,16430,Manager,2023-10-20
701,19676,Manager,2023-06-14
702,6617,Analyst,2024-03-18
702,7422,Executive,2023-09-25
702,8864,Executive,2024-12-05
702,10985,Executive,2024-12-30
702,14130,Developer,2023-06-25
703,7658,Manager,2024-06-26
704,5247,Lead,2024-10-13
704,7749,Lead,2024-10-21
704,13413,Executive,2024-03-03
704,21603,Developer,2023-09-08
705,7395,Lead,2025-01-23
706,586,Lead,2024-04-05
706,2696,Manager,2025-01-25
706,18828,Analyst,2025-05-20
706,21983,Executive,2024-12-29
707,5821,Manager,2024-07-19
707,6405,Analyst,2024-03-08
707,7868,Manager,2025-02-21
707,19871,Analyst,2025-04-13
707,20454,Manager,2024-08-04
708,18354,Lead,2024-07-15
709,8154,Developer,2024-04-16
709,18811,Developer,2025-01-09
710,12192,Analyst,2024-07-14
710,13343,Analyst,2024-01-06
710,14411,Analyst,2025-02-19
710,17563,Manager,2024-05-31
710,18280,Developer,2023-06-19
711,287,Executive,2025-01-14
711,665,Manager,2024-09-02
711,9597,Manager,2024-02-23
711,17197,Manager,2024-08-13
711,19213,Developer,2023-08-04
712,9596,Executive,2023-06-29
712,17281,Analyst,2023-11-08
713,8614,Executive,2024-12-12
713,16535,Analyst,2024-08-10
713,18904,Developer,2024-08-30
714,6926,Manager,2024-01-16
714,8788,Manager,2024-10-08
714,14519,Lead,2025-04-09
714,17362,Developer,2024-04-01
714,18301,Analyst,2025-01-31
715,927,Manager,2025-01-29
716,19711,Analyst,2024-12-29
717,13752,Analyst,2025-01-04
717,15345,Lead,2024-12-20
717,18524,Developer,2024-01-16
717,19622,Executive,2025-04-25
718,1465,Lead,2024-01-13
718,6363,Manager,2024-10-18
718,11237,Lead,2024-01-19
718,12164,Developer,2024-12-10
719,8368,Manager,2023-09-30
719,13832,Analyst,2023-08-05
719,15969,Analyst,2023-05-29
720,1952,Analyst,2024-05-26
720,10776,Analyst,2024-02-11
720,20125,Executive,2023-12-06
720,24210,Analyst,2023-11-27
721,5034,Developer,2024-12-27
721,18453,Lead,2025-05-09
722,13809,Lead,2024-12-22
723,1431,Analyst,2024-03-11
723,12169,Lead,2024-01-09
724,8241,Executive,2023-07-19
724,12574,Analyst,2025-01-27
725,18009,Manager,2024-09-16
726,22113,Lead,2024-12-24
727,19505,Manager,2024-08-20
727,21991,Developer,2025-04-30
728,1287,Executive,2024-03-29
728,4860,Executive,2025-03-02
728,18197,Executive,2024-12-19
728,24086,Lead,2023-07-27
729,10653,Executive,2024-07-17
729,13664,Lead,2024-02-04
730,13575,Executive,2023-10-20
730,24132,Lead,2023-12-26
730,24963,Analyst,2024-12-16
731,10093,Developer,2025-05-14
732,7707,Developer,2023-05-27
732,9950,Lead,2024-02-14
732,10226,Analyst,2024-01-16
733,6973,Manager,2023-12-22
733,13048,Lead,2024-07-22
733,24266,Manager,2024-08-01
734,1970,Developer,2023-12-05
735,6200,Lead,2024-05-14
735,16168,Analyst,2023-07-26
736,14332,Developer,2024-08-18
736,23708,Executive,2024-05-08
737,177,Analyst,2024-03-17
737,10392,Executive,2025-04-09
737,16701,Manager,2023-05-31
737,23151,Executive,2024-01-05
738,8991,Lead,2023-06-28
738,14418,Manager,2024-11-25
738,16113,Lead,2024-04-04
738,19268,Executive,2023-10-13
739,9220,Manager,2025-01-22
739,10765,Executive,2024-09-12
739,11930,Lead,2024-07-04
739,19199,Manager,2024-05-22
740,14262,Analyst,2023-11-10
740,15827,Analyst,2025-04-17
740,19354,Lead,2024-01-02
741,14026,Executive,2024-03-25
742,18011,Developer,2024-07-20
742,23745,Analyst,2023-10-30
743,5906,Manager,2025-03-02
743,10080,Manager,2024-02-01
743,16303,Lead,2025-02-06
743,22073,Manager,2024-11-15
744,223,Lead,2023-11-05
744,2846,Manager,2024-09-02
745,12251,Developer,2024-09-15
745,12825,Executive,2025-04-28
745,22488,Executive,2025-04-14
746,24140,Developer,2025-01-04
747,14488,Lead,2023-11-22
747,16062,Analyst,2024-04-07
747,21201,Executive,2025-04-20
747,22144,Executive,2024-03-10
748,11628,Executive,2025-04-17
748,14517,Analyst,2024-01-02
749,3250,Lead,2024-02-02
749,4605,Developer,2025-02-20
749,19535,Lead,2024-12-10
749,22574,Executive,2025-01-25
750,20079,Manager,2024-06-08
751,5750,Executive,2023-12-22
751,7711,Analyst,2023-05-29
751,8387,Executive,2025-05-15
751,11264,Executive,2024-05-07
751,24468,Developer,2024-09-18
752,5602,Manager,2025-03-25
752,11252,Lead,2024-02-18
752,15123,Lead,2023-11-15
752,24293,Developer,2024-02-18
753,10463,Developer,2025-02-24
753,14721,Manager,2024-06-19
754,321,Executive,2025-03-04
754,17843,Lead,2025-01-12
755,19253,Manager,2024-12-22
756,5311,Executive,2023-10-14
757,11781,Manager,2025-02-14
757,17833,Developer,2023-09-24
758,3257,Analyst,2024-01-21
758,6250,Executive,2024-04-26
758,12184,Manager,2024-04-24
758,21985,Developer,2023-06-13
758,24954,Developer,2024-08-05
759,1864,Analyst,2024-10-20
759,8653,Developer,2024-11-05
759,8944,Executive,2023-10-01
759,22755,Lead,2024-07-30
760,17133,Executive,2024-04-26
761,3816,Developer,2025-02-28
761,14318,Manager,2024-12-23
762,1468,Developer,2024-10-21
762,5394,Analyst,2025-02-08
763,1528,Executive,2024-12-17
763,11480,Manager,2024-11-30
763,16661,Executive,2024-02-16
763,19047,Manager,2023-10-18
763,24696,Manager,2024-08-04
764,21226,Manager,2024-11-07
765,22511,Lead,2025-03-07
766,4601,Developer,2023-08-26
766,7409,Lead,2023-06-21
766,8572,Lead,2023-06-03
766,10368,Lead,2023-06-02
766,11118,Developer,2023-06-09
767,645,Developer,2024-11-03
767,24839,Lead,2023-11-07
768,4109,Executive,2023-06-11
768,6431,Analyst,2023-06-19
768,18947,Executive,2023-07-08
768,23424,Manager,2025-04-07
768,24289,Executive,2023-12-10
769,10757,Executive,2023-12-21
769,12075,Analyst,2023-10-27
769,20030,Lead,2023-11-16
769,20208,Executive,2024-03-21
769,24761,Lead,2024-08-28
770,7290,Developer,2024-01-10
770,11301,Lead,2024-02-24
770,16762,Manager,2023-09-05
770,20881,Developer,2025-01-24
770,23101,Developer,2025-02-18
771,952,Analyst,2024-04-04
771,8320,Executive,2025-01-15
771,16127,Developer,2024-06-29
771,22268,Manager,2023-09-28
771,24737,Lead,2024-01-24
772,487,Lead,2024-07-17
772,3883,Manager,2024-09-27
772,16810,Executive,2024-12-20
773,19661,Lead,2024-10-13
774,3102,Lead,2024-04-28
775,3222,Lead,2024-06-29
775,9169,Analyst,2025-01-19
775,13721,Developer,2023-06-14
775,17368,Analyst,2023-11-23
775,23363,Developer,2023-07-31
776,4980,Lead,2023-06-06
776,9231,Lead,2024-09-16
776,9421,Developer,2024-04-17
776,20709,Lead,2025-02-25
777,20126,Manager,2024-05-15
777,23761,Executive,2024-08-29
778,2348,Developer,2024-10-18
778,4484,Manager,2025-03-06
778,12779,Analyst,2025-02-06
778,17400,Analyst,2023-11-09
778,20380,Lead,2024-09-03
779,1841,Lead,2023-06-02
780,8401,Developer,2024-12-05
780,13072,Executive,2024-05-09
780,17401,Executive,2024-11-08
780,19900,Executive,2024-05-08
780,21814,Lead,2023-06-18
781,4042,Manager,2023-06-13
781,8228,Developer,2023-09-01
782,5951,Executive,2024-04-02
782,10264,Developer,2025-03-10
782,17271,Developer,2023-12-20
782,20502,Developer,2024-06-06
782,22451,Manager,2024-05-17
783,7033,Executive,2024-02-28
783,14253,Lead,2024-07-07
783,22295,Lead,2023-08-11
784,2630,Lead,2025-02-04
784,16799,Manager,2024-11-07
785,2794,Lead,2023-12-27
785,14685,Manager,2024-01-04
786,3128,Manager,2023-09-14
786,8906,Developer,2025-03-29
786,23365,Developer,2024-08-09
787,10892,Manager,2024-07-24
787,11389,Manager,2025-04-23
787,12496,Lead,2024-01-18
787,18880,Developer,2025-02-10
788,13765,Lead,2024-09-24
789,7389,Developer,2023-08-11
789,11092,Lead,2024-05-14
789,16896,Executive,2025-04-16
789,16931,Developer,2024-10-07
789,21896,Lead,2023-08-25
790,3171,Developer,2024-10-04
790,12712,Developer,2023-06-29
791,9892,Executive,2023-07-19
791,10297,Lead,2024-10-01
791,12221,Analyst,2025-03-31
792,2920,Lead,2024-03-19
792,8169,Developer,2023-08-25
792,21566,Manager,2023-06-25
792,24055,Developer,2024-06-16
793,14823,Analyst,2024-12-30
793,15252,Developer,2023-06-27
793,16662,Lead,2025-04-22
794,3606,Executive,2024-05-04
794,18421,Developer,2024-11-21
794,20968,Analyst,2023-07-07
795,3373,Lead,2024-07-25
795,7785,Lead,2023-07-06
795,15811,Analyst,2024-05-21
796,7597,Lead,2024-10-31
797,8396,Analyst,2023-08-02
797,10927,Analyst,2023-11-19
797,12343,Executive,2025-02-10
797,21117,Developer,2024-02-17
798,178,Lead,2024-05-03
798,583,Lead,2023-11-08
798,3375,Analyst,2025-04-30
798,6410,Developer,2025-05-12
798,9969,Analyst,2023-08-06
799,2760,Developer,2024-02-05
799,9432,Lead,2024-11-06
799,10293,Developer,2024-02-26
799,19634,Executive,2025-02-26
800,1883,Executive,2023-08-12
800,6748,Executive,2025-05-13
800,11968,Lead,2024-11-04
801,8264,Manager,2025-04-15
801,8476,Developer,2024-02-20
801,16110,Manager,2023-09-12
802,6193,Lead,2024-07-23
803,11203,Lead,2023-07-10
804,14942,Manager,2023-08-06
805,6307,Manager,2025-03-23
805,17022,Developer,2024-05-25
805,20580,Manager,2024-06-28
806,4180,Analyst,2024-05-07
806,4597,Manager,2023-12-06
806,5868,Executive,2023-12-02
806,16591,Analyst,2024-09-23
806,19098,Lead,2023-11-19
807,3518,Developer,2025-02-28
808,6746,Executive,2023-10-08
808,10608,Manager,2025-04-06
808,14308,Executive,2023-06-18
808,14520,Analyst,2024-09-10
808,16781,Executive,2024-10-05
809,1873,Executive,2025-02-24
809,16549,Manager,2024-05-21
810,1102,Developer,2024-04-07
810,16592,Developer,2025-03-29
811,6541,Lead,2023-07-27
811,12038,Executive,2025-01-17
812,5351,Lead,2025-03-14
812,21547,Executive,2024-09-19
813,13774,Manager,2023-07-16
814,6896,Executive,2024-07-10
814,10462,Executive,2024-10-18
814,15398,Executive,2024-12-15
814,15864,Lead,2024-12-06
814,15985,Executive,2023-07-09
815,1701,Analyst,2025-01-21
815,4463,Developer,2024-11-25
815,10802,Lead,2023-07-27
815,23769,Executive,2025-05-22
815,24233,Developer,2025-03-11
816,6718,Executive,2025-02-03
816,20275,Lead,2024-09-25
817,6045,Lead,2025-03-07
817,16310,Manager,2024-10-12
817,20508,Executive,2024-06-10
817,21246,Developer,2024-03-03
818,763,Manager,2024-12-03
818,3050,Manager,2025-02-21
818,16513,Lead,2024-06-28
818,18682,Analyst,2023-07-16
818,20952,Manager,2023-05-31
819,6494,Executive,2024-06-23
819,10150,Executive,2023-06-24
819,12258,Lead,2024-05-14
819,20007,Analyst,2024-12-17
820,3874,Developer,2024-03-04
821,3512,Lead,2025-04-15
821,5265,Executive,2023-11-24
821,21055,Manager,2024-12-28
822,5017,Analyst,2024-02-16
822,7881,Lead,2024-10-31
822,8723,Executive,2023-11-06
822,23218,Analyst,2023-06-02
823,1158,Manager,2025-01-25
823,5377,Manager,2024-06-28
823,20438,Executive,2024-04-08
824,16360,Lead,2024-02-12
825,13459,Executive,2025-04-07
825,17071,Manager,2024-01-05
826,5657,Manager,2024-02-01
827,2450,Lead,2024-12-10
827,9910,Analyst,2024-09-24
827,17838,Lead,2024-05-09
828,4659,Executive,2023-10-30
828,9855,Manager,2024-05-19
828,18868,Developer,2023-10-18
828,22832,Executive,2024-03-04
829,12334,Manager,2023-12-12
829,23350,Executive,2023-06-05
830,10907,Executive,2025-04-08
830,22555,Manager,2023-12-31
831,1173,Lead,2023-10-04
831,2861,Lead,2025-03-17
831,24757,Developer,2024-06-19
832,9882,Manager,2024-09-04
832,16589,Analyst,2025-05-03
832,16821,Analyst,2023-08-21
832,19681,Developer,2024-12-16
833,3163,Manager,2024-12-03
833,3717,Analyst,2024-12-31
833,23994,Executive,2024-01-15
833,24978,Executive,2025-04-22
834,13247,Analyst,2024-10-01
834,22153,Executive,2025-01-03
834,23022,Developer,2024-05-27
835,11230,Executive,2023-10-25
836,8285,Lead,2024-11-14
836,13505,Lead,2025-03-20
836,14316,Executive,2024-03-28
837,6514,Manager,2024-06-16
837,8475,Executive,2024-09-02
838,7444,Developer,2023-11-29
838,9207,Lead,2025-03-27
838,9519,Developer,2024-12-04
838,10436,Developer,2023-11-01
838,18472,Manager,2024-12-11
839,2959,Manager,2025-02-05
839,12614,Lead,2025-01-12
839,13202,Executive,2024-02-16
839,15951,Manager,2024-08-27
840,13323,Developer,2025-01-24
840,13987,Developer,2024-05-26
840,14833,Lead,2024-07-19
841,5963,Developer,2025-05-01
841,13799,Analyst,2024-05-30
841,14675,Analyst,2023-10-27
842,21723,Manager,2025-03-27
843,4551,Lead,2024-06-23
843,20014,Analyst,2024-05-30
844,3572,Manager,2024-02-19
844,5346,Lead,2023-10-14
844,11125,Manager,2024-09-28
844,12071,Executive,2023-07-28
844,18714,Analyst,2024-04-11
845,6025,Developer,2025-03-31
845,17497,Lead,2025-01-23
845,24742,Developer,2024-03-29
845,24909,Executive,2023-07-16
846,12116,Lead,2025-04-03
847,2824,Lead,2025-01-21
847,10168,Developer,2024-06-02
848,934,Executive,2025-05-24
848,2557,Lead,2023-12-29
848,13318,Lead,2024-10-07
849,15235,Lead,2023-06-25
850,9210,Developer,2025-04-04
851,540,Executive,2024-12-25
851,16990,Analyst,2024-01-05
852,17261,Executive,2025-03-23
853,6237,Manager,2023-10-27
853,11372,Executive,2024-02-03
853,12004,Manager,2024-10-15
853,13898,Lead,2024-12-06
853,23672,Developer,2024-07-22
854,10129,Developer,2024-03-20
854,13582,Developer,2024-11-28
854,21474,Analyst,2024-06-23
854,22858,Manager,2024-08-11
855,9550,Developer,2024-01-03
855,9734,Manager,2024-01-27
855,11010,Executive,2024-05-15
855,14495,Lead,2024-03-31
856,3188,Developer,2024-10-22
856,12083,Executive,2023-08-22
856,21375,Developer,2024-02-16
856,22607,Analyst,2023-08-11
857,786,Lead,2023-06-09
857,5963,Lead,2023-08-01
857,8767,Analyst,2024-07-17
857,21898,Developer,2025-04-18
857,22238,Lead,2024-10-16
858,10592,Developer,2024-08-24
859,1391,Executive,2024-12-22
859,2998,Executive,2024-07-13
859,3588,Executive,2023-09-24
859,3842,Lead,2023-07-17
859,15077,Manager,2025-05-18
860,732,Lead,2024-04-14
860,11696,Lead,2024-09-05
860,19298,Executive,2025-05-18
861,15050,Lead,2024-07-17
861,16180,Manager,2025-05-18
862,4254,Executive,2023-07-25
862,5223,Manager,2024-07-08
862,8721,Analyst,2023-06-13
862,14553,Developer,2024-02-05
863,12674,Manager,2025-04-17
864,1251,Analyst,2025-05-17
864,8802,Lead,2024-04-15
864,12804,Lead,2023-11-21
864,21106,Lead,2024-10-28
864,22021,Lead,2024-09-17
865,15622,Lead,2024-05-16
865,23273,Developer,2024-06-30
866,2650,Developer,2023-12-18
866,5221,Manager,2025-05-10
867,15897,Developer,2024-07-31
867,16288,Manager,2024-03-27
867,20476,Developer,2023-08-10
868,6317,Lead,2023-09-20
868,10705,Executive,2024-03-16
868,19885,Manager,2024-03-03
869,3809,Manager,2024-06-17
869,7067,Lead,2023-11-27
869,9286,Manager,2023-07-20
869,19913,Executive,2023-06-15
870,9126,Executive,2024-02-27
870,22026,Analyst,2025-01-28
871,2806,Developer,2024-06-28
871,9673,Manager,2024-02-10
871,17162,Lead,2023-07-04
871,19021,Developer,2024-02-07
872,793,Analyst,2024-05-16
872,5184,Manager,2025-05-12
872,18483,Analyst,2025-04-23
873,4289,Analyst,2023-06-05
873,4900,Developer,2024-05-09
873,5714,Analyst,2024-04-06
873,7924,Manager,2023-12-21
873,17214,Analyst,2025-02-04
874,406,Manager,2025-05-11
874,2058,Executive,2024-05-16
874,3499,Lead,2024-12-07
874,19785,Lead,2025-01-26
875,539,Analyst,2023-12-09
876,11434,Lead,2023-07-05
876,19500,Analyst,2024-03-14
876,24479,Executive,2024-04-15
877,22564,Analyst,2024-12-27
878,9133,Executive,2023-11-15
878,15635,Lead,2024-11-14
879,3066,Developer,2025-01-27
879,19164,Developer,2024-12-24
879,20389,Analyst,2025-05-17
880,5205,Manager,2023-09-25
880,8177,Manager,2023-10-10
880,20802,Executive,2024-05-25
881,1443,Executive,2023-10-28
881,8434,Lead,2023-11-06
881,9791,Developer,2024-11-29
881,20322,Manager,2024-10-13
882,16087,Lead,2025-03-22
883,14070,Executive,2023-07-14
883,15473,Developer,2025-01-07
883,15672,Manager,2023-06-12
883,24094,Developer,2023-09-08
884,2167,Analyst,2024-05-24
884,20433,Developer,2024-02-04
885,2263,Manager,2025-03-04
885,19919,Manager,2024-05-31
885,21239,Executive,2025-05-10
885,23894,Developer,2024-10-17
886,3321,Manager,2025-03-20
886,14215,Executive,2024-09-26
886,21745,Manager,2024-12-19
887,7649,Executive,2024-12-18
887,8289,Lead,2023-11-03
888,3852,Analyst,2025-01-15
888,14642,Analyst,2025-05-17
888,18011,Manager,2025-02-17
888,18759,Developer,2024-03-12
889,5746,Lead,2024-07-22
889,6885,Executive,2025-03-24
889,12399,Executive,2024-08-03
889,13835,Lead,2024-03-02
890,3090,Manager,2024-08-07
890,5882,Analyst,2023-11-01
890,9018,Manager,2025-03-24
890,24124,Lead,2024-10-05
891,1628,Manager,2025-04-21
891,4745,Lead,2023-07-30
891,10770,Executive,2023-07-07
891,17206,Developer,2025-02-07
891,21447,Lead,2025-04-24
892,12193,Developer,2025-03-08
892,16730,Executive,2024-02-06
892,17546,Manager,2024-01-11
892,18506,Lead,2024-03-22
893,3560,Executive,2023-07-21
893,9684,Developer,2024-03-13
893,12788,Executive,2024-01-01
893,21897,Analyst,2024-07-05
894,7245,Developer,2025-02-05
894,10682,Executive,2024-02-16
894,19163,Executive,2024-07-05
894,21304,Executive,2025-04-25
894,24332,Lead,2023-09-10
895,12598,Lead,2024-09-08
895,15364,Manager,2024-06-03
896,5373,Manager,2023-11-16
896,7290,Executive,2023-05-27
896,13688,Developer,2024-12-11
897,742,Manager,2024-11-01
897,21695,Analyst,2024-05-15
897,24814,Developer,2024-05-11
898,11322,Executive,2024-06-24
898,23235,Developer,2024-03-15
899,79,Manager,2024-03-27
899,5150,Developer,2024-08-29
899,23731,Lead,2024-03-09
900,9779,Manager,2025-02-20
900,12808,Executive,2024-11-14
901,1358,Developer,2023-11-18
901,18319,Developer,2023-07-02
901,19147,Manager,2024-01-25
902,480,Analyst,2024-07-19
902,6599,Manager,2025-03-28
902,19796,Analyst,2023-11-22
902,20182,Lead,2024-07-21
903,9767,Analyst,2024-06-14
903,10230,Executive,2023-08-25
904,5053,Executive,2023-07-26
904,17043,Executive,2024-04-07
904,24092,Analyst,2024-10-18
905,5655,Executive,2023-06-16
905,9988,Executive,2025-05-17
905,13173,Analyst,2024-08-13
905,18080,Executive,2023-06-19
906,12792,Lead,2025-01-30
907,6084,Executive,2024-04-16
907,9338,Analyst,2023-09-04
908,1993,Lead,2024-12-04
908,2514,Developer,2024-10-23
908,19709,Lead,2024-05-03
908,20908,Developer,2024-04-29
908,24768,Developer,2024-11-17
909,5110,Lead,2023-06-12
909,11510,Lead,2023-12-04
910,339,Executive,2024-10-21
910,885,Developer,2024-12-30
910,13045,Manager,2023-07-25
911,15802,Developer,2023-08-09
911,22165,Manager,2023-11-20
912,1478,Analyst,2024-08-04
912,3891,Analyst,2025-05-14
912,7498,Manager,2025-05-12
912,13760,Developer,2023-10-25
912,18025,Analyst,2024-11-08
913,3866,Developer,2024-05-14
913,10433,Lead,2024-02-25
914,3061,Executive,2024-01-09
914,3547,Analyst,2023-06-02
914,3734,Executive,2023-11-30
914,3801,Executive,2024-11-23
915,1239,Lead,2024-12-23
915,23649,Manager,2024-03-05
915,24663,Executive,2024-02-24
916,23745,Executive,2024-03-06
917,11429,Lead,2023-08-05
917,17091,Analyst,2023-12-18
918,5633,Lead,2023-12-28
919,13081,Developer,2024-07-25
919,20447,Analyst,2024-02-29
920,3963,Developer,2025-01-16
920,18941,Lead,2025-02-27
920,20566,Manager,2023-06-23
921,12166,Analyst,2025-01-16
921,12392,Executive,2025-05-07
921,13441,Developer,2025-04-06
921,14049,Analyst,2024-05-18
922,8089,Executive,2024-06-26
923,4690,Executive,2023-07-05
923,6366,Manager,2024-09-01
923,12270,Manager,2024-01-18
923,21038,Analyst,2024-11-14
923,23228,Analyst,2023-06-11
924,29,Lead,2024-03-27
924,10810,Developer,2025-01-22
924,18183,Analyst,2023-11-02
924,24963,Lead,2023-12-27
925,6755,Developer,2023-09-25
926,13822,Developer,2025-04-07
927,2328,Manager,2024-03-27
927,16780,Executive,2024-06-28
927,18240,Lead,2023-12-31
927,24687,Executive,2025-03-30
928,2416,Lead,2025-02-09
928,11986,Manager,2023-06-12
928,19187,Analyst,2023-08-23
929,6899,Executive,2024-07-09
929,22995,Developer,2023-08-26
929,23433,Manager,2023-12-09
930,8817,Manager,2023-12-11
931,12709,Developer,2023-09-10
931,23510,Manager,2024-02-02
932,3347,Lead,2025-04-09
932,16958,Executive,2024-07-03
932,20205,Manager,2024-02-20
932,21654,Executive,2023-09-20
933,483,Executive,2023-06-02
933,6372,Executive,2024-01-04
933,11381,Executive,2024-12-11
933,22503,Manager,2025-01-01
934,523,Manager,2024-09-19
934,4611,Developer,2024-04-22
934,11180,Analyst,2025-03-28
934,12547,Executive,2023-09-30
934,24621,Lead,2024-10-02
935,1423,Executive,2023-08-22
935,11950,Executive,2025-04-03
935,12130,Manager,2023-12-28
935,14518,Developer,2025-02-13
935,19107,Analyst,2024-11-28
936,3847,Manager,2025-05-06
936,4284,Developer,2025-04-26
936,8758,Developer,2023-07-14
936,13093,Analyst,2023-12-22
936,16942,Developer,2023-09-10
937,4827,Manager,2023-08-19
937,13451,Developer,2024-06-16
938,1224,Manager,2024-11-14
938,16851,Manager,2025-03-26
938,24226,Analyst,2023-08-01
939,3418,Developer,2024-12-28
939,22510,Developer,2023-12-11
940,386,Developer,2023-12-11
940,4265,Developer,2024-01-24
940,20471,Executive,2024-08-08
941,883,Lead,2023-09-08
941,3201,Lead,2023-09-10
941,3740,Manager,2025-03-05
941,22716,Manager,2024-08-11
941,23193,Lead,2023-11-05
942,11182,Developer,2024-10-05
942,15673,Executive,2024-11-11
943,4023,Executive,2023-07-23
943,5157,Developer,2024-05-29
943,14500,Developer,2024-07-03
943,15151,Executive,2024-09-26
944,12673,Analyst,2023-11-27
944,13337,Analyst,2025-04-29
944,18406,Manager,2024-10-06
944,20364,Developer,2024-10-11
944,21742,Executive,2023-08-07
945,12771,Executive,2024-03-03
945,13996,Lead,2024-07-08
945,20721,Lead,2024-08-29
946,276,Developer,2024-03-02
946,9297,Executive,2024-11-30
946,13165,Developer,2023-12-01
946,17176,Developer,2025-01-03
947,9088,Developer,2024-09-22
947,13190,Lead,2024-05-22
947,15569,Lead,2024-10-30
948,9792,Lead,2024-07-29
948,10485,Developer,2023-10-01
949,3804,Executive,2023-06-12
949,6570,Analyst,2024-11-07
949,12187,Executive,2023-08-26
949,12566,Manager,2024-06-22
949,17908,Developer,2023-11-04
950,17718,Lead,2023-11-23
950,19402,Executive,2024-01-05
950,20751,Executive,2024-08-21
950,22934,Executive,2023-10-04
951,20606,Lead,2023-11-14
952,2748,Executive,2024-11-12
952,6720,Analyst,2023-07-26
952,9734,Manager,2024-10-22
952,11143,Developer,2024-08-24
953,24173,Analyst,2023-06-27
954,628,Lead,2024-08-23
954,813,Manager,2024-12-30
954,19244,Analyst,2023-06-11
954,20557,Lead,2024-03-13
954,21063,Manager,2024-10-10
955,6084,Developer,2024-04-04
955,16719,Lead,2023-12-18
955,23175,Analyst,2023-10-22
955,24738,Lead,2024-12-07
956,7731,Manager,2023-12-22
956,7764,Executive,2025-04-17
956,16000,Lead,2024-02-02
956,22276,Developer,2023-11-18
956,23541,Executive,2023-06-21
957,15281,Developer,2024-04-28
958,2101,Developer,2023-11-16
958,22821,Manager,2023-08-01
959,1945,Manager,2024-10-17
960,1807,Analyst,2023-07-15
960,7104,Lead,2024-02-02
960,20741,Developer,2024-03-19
960,23370,Developer,2024-10-03
960,23479,Developer,2025-02-18
961,4552,Lead,2023-08-29
961,13666,Lead,2024-03-22
961,20174,Executive,2024-10-22
961,21948,Lead,2023-09-22
962,3440,Lead,2024-10-09
962,13114,Executive,2023-08-27
962,15128,Analyst,2023-07-27
962,23697,Manager,2024-12-11
963,6259,Executive,2023-12-12
963,9034,Lead,2025-04-10
963,10557,Developer,2024-05-20
963,17390,Developer,2025-04-30
964,10583,Lead,2025-02-26
964,13571,Lead,2024-01-20
964,17207,Developer,2024-07-24
965,1061,Developer,2024-01-11
965,8503,Developer,2024-02-27
965,13189,Executive,2024-03-04
965,22785,Executive,2024-11-04
966,15109,Manager,2024-08-01
967,13456,Manager,2025-05-25
967,19461,Lead,2023-09-10
967,19956,Executive,2024-11-06
967,21264,Executive,2024-09-12
968,956,Executive,2023-12-31
968,5832,Manager,2024-08-07
968,13571,Executive,2024-09-30
968,16337,Lead,2023-09-11
968,20864,Manager,2023-06-03
969,10323,Developer,2024-06-22
969,12514,Analyst,2025-02-13
969,22600,Manager,2023-07-13
969,22952,Manager,2024-06-08
969,24390,Analyst,2023-12-25
970,10908,Analyst,2024-12-27
971,16642,Executive,2025-03-15
971,21744,Analyst,2023-09-19
972,3675,Developer,2023-06-26
973,14431,Developer,2024-03-10
973,18358,Lead,2023-08-12
974,7056,Developer,2024-01-12
974,14333,Analyst,2024-10-31
974,20821,Developer,2024-08-10
974,22459,Developer,2023-05-29
975,17928,Developer,2025-01-11
975,18131,Developer,2023-09-24
975,18705,Lead,2023-09-08
975,23792,Analyst,2024-11-01
975,24351,Manager,2024-12-14
976,3216,Lead,2023-10-02
976,8249,Developer,2023-12-08
976,15669,Manager,2024-08-09
977,22681,Executive,2023-09-07
977,24819,Lead,2025-03-04
978,9235,Manager,2023-12-03
978,11246,Manager,2024-08-03
978,14401,Executive,2023-11-19
978,16919,Executive,2023-12-04
978,22727,Analyst,2025-02-26
979,333,Executive,2023-08-22
979,13715,Executive,2025-05-03
979,14446,Manager,2024-01-18
979,16812,Lead,2024-09-18
979,22014,Manager,2025-05-08
980,10441,Lead,2024-01-02
980,16670,Executive,2024-02-03
981,6812,Developer,2024-11-04
981,8187,Developer,2023-07-18
981,8354,Manager,2024-12-28
981,12239,Developer,2024-09-27
982,7685,Manager,2023-10-11
982,8228,Analyst,2024-07-12
982,14558,Analyst,2024-01-26
982,20099,Lead,2024-04-05
982,22534,Lead,2024-07-31
983,2183,Analyst,2023-08-14
983,15542,Analyst,2024-10-16
983,16490,Analyst,2023-10-05
983,16784,Manager,2024-04-11
983,20529,Analyst,2024-08-25
984,6511,Lead,2023-06-01
984,9187,Developer,2025-03-09
984,12794,Analyst,2024-10-07
984,13148,Developer,2024-01-22
984,24907,Analyst,2025-03-16
985,12125,Manager,2025-03-14
985,21201,Executive,2024-10-01
986,1278,Developer,2024-01-18
986,6472,Executive,2025-02-05
986,9018,Analyst,2024-10-28
986,20309,Manager,2025-02-05
986,22145,Executive,2025-05-24
987,22134,Lead,2023-09-16
988,9523,Developer,2023-06-17
988,10667,Developer,2023-06-14
989,555,Executive,2024-02-27
989,14209,Developer,2025-04-24
989,21164,Manager,2023-09-14
990,14566,Lead,2024-09-06
991,3336,Executive,2024-07-07
991,6501,Executive,2023-09-09
992,7718,Lead,2024-01-05
992,11444,Manager,2024-12-17
992,11740,Lead,2023-07-14
992,13953,Lead,2025-02-24
992,18964,Lead,2024-12-21
993,2814,Manager,2024-09-13
993,20962,Developer,2025-04-05
993,24652,Executive,2023-11-17
994,2113,Executive,2025-04-11
995,1672,Executive,2024-12-11
995,11583,Developer,2023-09-05
995,14346,Executive,2024-03-13
995,20123,Developer,2023-06-13
995,22237,Analyst,2024-07-24
996,3955,Analyst,2024-02-17
996,6328,Analyst,2023-08-17
996,7863,Manager,2025-05-24
996,16931,Lead,2025-02-19
996,22065,Executive,2025-04-24
997,20079,Analyst,2024-10-16
997,24317,Manager,2024-07-21
998,709,Manager,2024-10-29
998,5801,Executive,2024-07-05
998,8786,Developer,2024-12-01
998,15051,Lead,2024-04-13
999,2089,Analyst,2024-10-19
999,15752,Lead,2025-02-09
1000,22190,Lead,2024-09-09
1000,22347,Lead,2024-07-26
