leave_id,empID,leave_type,start_date,end_date,status
1,1,Sick,2024-07-06,2024-07-07,Rejected
2,1,Paid,2024-07-09,2024-07-10,Approved
3,1,Unpaid,2024-10-22,2024-10-26,Approved
4,1,Paid,2025-02-11,2025-02-13,Pending
5,2,Sick,2024-12-31,2025-01-03,Pending
6,2,Unpaid,2025-03-10,2025-03-15,Rejected
7,2,Casual,2024-08-23,2024-08-28,Rejected
8,2,Paid,2024-06-23,2024-06-26,Rejected
9,4,Casual,2024-06-29,2024-07-06,Pending
10,4,Paid,2025-01-04,2025-01-13,Rejected
11,4,Sick,2024-06-11,2024-06-16,Rejected
12,4,Unpaid,2025-04-22,2025-05-02,Rejected
13,5,Sick,2024-06-07,2024-06-13,Pending
14,5,Casual,2025-03-06,2025-03-09,Approved
15,5,Paid,2024-07-08,2024-07-16,Pending
16,5,Paid,2025-01-26,2025-01-29,Pending
17,7,Sick,2024-08-17,2024-08-26,Approved
18,8,Sick,2024-10-19,2024-10-29,Pending
19,8,Sick,2025-04-07,2025-04-08,Pending
20,9,Unpaid,2024-06-13,2024-06-19,Rejected
21,10,Paid,2024-08-02,2024-08-08,Pending
22,10,Paid,2024-11-07,2024-11-15,Approved
23,10,Unpaid,2024-07-02,2024-07-12,Approved
24,10,Paid,2024-08-17,2024-08-27,Pending
25,11,Casual,2024-05-27,2024-06-05,Approved
26,12,Casual,2024-11-04,2024-11-10,Pending
27,12,Casual,2025-01-04,2025-01-07,Approved
28,13,Unpaid,2024-06-18,2024-06-28,Approved
29,14,Paid,2025-02-04,2025-02-10,Rejected
30,14,Unpaid,2025-01-04,2025-01-08,Rejected
31,14,Sick,2025-04-12,2025-04-21,Approved
32,14,Unpaid,2024-11-19,2024-11-29,Rejected
33,15,Unpaid,2024-11-23,2024-11-26,Pending
34,16,Casual,2024-08-03,2024-08-11,Rejected
35,17,Unpaid,2024-08-10,2024-08-13,Rejected
36,17,Casual,2024-07-11,2024-07-20,Pending
37,17,Casual,2024-08-17,2024-08-27,Approved
38,17,Paid,2024-12-23,2025-01-02,Approved
39,19,Unpaid,2024-10-16,2024-10-17,Approved
40,19,Paid,2024-08-04,2024-08-14,Rejected
41,20,Casual,2025-02-21,2025-02-25,Pending
42,22,Sick,2024-09-20,2024-09-30,Rejected
43,22,Casual,2025-01-01,2025-01-08,Approved
44,22,Paid,2025-05-14,2025-05-17,Rejected
45,24,Paid,2024-07-20,2024-07-30,Rejected
46,24,Casual,2025-02-04,2025-02-08,Pending
47,24,Casual,2024-08-27,2024-09-03,Rejected
48,26,Unpaid,2025-05-02,2025-05-10,Rejected
49,27,Unpaid,2025-01-18,2025-01-27,Approved
50,27,Casual,2024-05-26,2024-05-28,Approved
51,27,Casual,2025-01-02,2025-01-09,Pending
52,27,Unpaid,2024-12-14,2024-12-21,Approved
53,28,Sick,2024-11-24,2024-12-01,Pending
54,28,Paid,2025-02-08,2025-02-10,Pending
55,28,Sick,2025-03-26,2025-04-01,Pending
56,32,Casual,2024-09-14,2024-09-20,Approved
57,32,Unpaid,2024-08-23,2024-08-29,Pending
58,33,Paid,2025-02-01,2025-02-09,Approved
59,33,Unpaid,2024-12-03,2024-12-11,Pending
60,33,Unpaid,2025-03-30,2025-04-08,Rejected
61,33,Casual,2025-02-12,2025-02-21,Pending
62,34,Sick,2024-08-02,2024-08-10,Rejected
63,35,Casual,2025-04-27,2025-05-05,Pending
64,35,Unpaid,2025-05-23,2025-06-01,Approved
65,35,Sick,2025-01-21,2025-01-23,Pending
66,35,Sick,2024-08-14,2024-08-19,Rejected
67,36,Casual,2025-04-12,2025-04-13,Rejected
68,37,Casual,2025-04-24,2025-05-04,Pending
69,38,Casual,2025-03-10,2025-03-13,Pending
70,38,Unpaid,2024-10-20,2024-10-29,Rejected
71,38,Casual,2024-09-07,2024-09-17,Rejected
72,39,Sick,2025-05-19,2025-05-29,Rejected
73,39,Paid,2024-09-22,2024-09-29,Pending
74,39,Sick,2025-02-05,2025-02-10,Pending
75,39,Unpaid,2025-01-29,2025-02-01,Approved
76,41,Casual,2024-09-23,2024-09-28,Pending
77,42,Paid,2025-03-16,2025-03-25,Rejected
78,42,Casual,2024-08-09,2024-08-14,Approved
79,42,Paid,2025-02-05,2025-02-10,Rejected
80,43,Sick,2024-06-12,2024-06-19,Approved
81,43,Casual,2025-02-21,2025-02-22,Approved
82,43,Unpaid,2024-10-10,2024-10-18,Approved
83,45,Paid,2024-07-21,2024-07-27,Rejected
84,45,Unpaid,2025-01-11,2025-01-15,Approved
85,46,Sick,2025-02-22,2025-02-28,Rejected
86,46,Unpaid,2025-03-25,2025-03-27,Approved
87,46,Unpaid,2025-05-20,2025-05-27,Pending
88,46,Paid,2025-03-31,2025-04-10,Rejected
89,49,Sick,2025-02-14,2025-02-16,Pending
90,49,Unpaid,2025-02-08,2025-02-12,Approved
91,49,Unpaid,2024-08-03,2024-08-09,Approved
92,49,Casual,2024-08-31,2024-09-07,Pending
93,50,Sick,2024-09-23,2024-09-25,Pending
94,50,Casual,2025-04-03,2025-04-13,Rejected
95,50,Unpaid,2024-09-27,2024-10-07,Approved
96,50,Sick,2024-06-15,2024-06-18,Approved
97,51,Unpaid,2024-09-22,2024-09-25,Rejected
98,51,Casual,2024-09-03,2024-09-06,Pending
99,51,Casual,2024-06-02,2024-06-10,Rejected
100,51,Paid,2025-04-05,2025-04-06,Rejected
101,52,Sick,2024-09-02,2024-09-08,Rejected
102,52,Paid,2025-05-10,2025-05-19,Approved
103,52,Sick,2025-04-04,2025-04-09,Pending
104,52,Unpaid,2024-09-28,2024-10-07,Rejected
105,54,Sick,2024-12-20,2024-12-26,Rejected
106,54,Unpaid,2024-05-25,2024-05-29,Rejected
107,54,Casual,2025-02-22,2025-03-01,Rejected
108,55,Sick,2025-03-24,2025-04-02,Approved
109,55,Casual,2025-01-07,2025-01-11,Pending
110,55,Unpaid,2025-04-20,2025-04-22,Rejected
111,55,Sick,2025-02-20,2025-03-02,Rejected
112,56,Paid,2025-05-08,2025-05-11,Approved
113,57,Paid,2024-11-03,2024-11-11,Pending
114,58,Paid,2025-02-20,2025-02-28,Pending
115,61,Casual,2024-09-17,2024-09-18,Pending
116,61,Unpaid,2024-10-17,2024-10-20,Approved
117,62,Unpaid,2025-04-05,2025-04-08,Pending
118,64,Paid,2024-12-01,2024-12-08,Approved
119,65,Sick,2024-06-11,2024-06-12,Pending
120,65,Casual,2024-07-12,2024-07-20,Pending
121,65,Sick,2024-12-02,2024-12-08,Approved
122,65,Sick,2025-03-14,2025-03-23,Pending
123,66,Unpaid,2024-06-10,2024-06-17,Pending
124,66,Unpaid,2025-05-12,2025-05-19,Approved
125,67,Paid,2025-03-20,2025-03-23,Pending
126,67,Paid,2024-09-07,2024-09-13,Rejected
127,67,Unpaid,2024-11-19,2024-11-20,Rejected
128,69,Unpaid,2024-09-29,2024-10-02,Approved
129,69,Sick,2024-11-21,2024-11-27,Approved
130,69,Sick,2024-12-28,2025-01-06,Pending
131,70,Paid,2024-07-28,2024-08-05,Pending
132,71,Sick,2024-06-12,2024-06-16,Rejected
133,71,Paid,2024-05-23,2024-06-01,Rejected
134,71,Casual,2024-09-25,2024-10-01,Rejected
135,72,Paid,2024-09-23,2024-09-24,Approved
136,73,Paid,2025-05-07,2025-05-17,Pending
137,73,Sick,2024-05-24,2024-05-29,Rejected
138,73,Sick,2025-03-25,2025-03-31,Rejected
139,74,Sick,2024-12-19,2024-12-27,Rejected
140,74,Paid,2024-11-03,2024-11-12,Pending
141,74,Sick,2024-09-19,2024-09-24,Pending
142,74,Sick,2025-04-21,2025-04-27,Pending
143,75,Sick,2024-06-16,2024-06-22,Pending
144,75,Paid,2024-08-04,2024-08-05,Pending
145,75,Paid,2025-03-22,2025-03-29,Pending
146,76,Sick,2024-11-04,2024-11-09,Rejected
147,76,Paid,2025-02-20,2025-02-27,Rejected
148,76,Casual,2025-05-19,2025-05-26,Rejected
149,76,Unpaid,2024-11-05,2024-11-09,Pending
150,77,Unpaid,2025-02-08,2025-02-12,Approved
151,78,Unpaid,2025-02-18,2025-02-20,Pending
152,78,Sick,2025-04-04,2025-04-08,Pending
153,78,Casual,2024-11-04,2024-11-09,Approved
154,78,Paid,2024-12-16,2024-12-25,Approved
155,79,Casual,2024-10-09,2024-10-18,Approved
156,81,Sick,2025-02-21,2025-02-26,Rejected
157,81,Casual,2024-07-07,2024-07-17,Pending
158,81,Unpaid,2025-03-12,2025-03-17,Pending
159,82,Casual,2024-06-09,2024-06-18,Approved
160,82,Unpaid,2024-07-29,2024-08-06,Approved
161,83,Casual,2024-11-02,2024-11-03,Pending
162,83,Casual,2024-06-07,2024-06-14,Approved
163,83,Casual,2024-10-21,2024-10-22,Rejected
164,83,Casual,2025-03-05,2025-03-08,Rejected
165,84,Paid,2024-12-03,2024-12-05,Rejected
166,84,Unpaid,2025-01-05,2025-01-13,Pending
167,84,Casual,2024-11-11,2024-11-16,Rejected
168,85,Casual,2024-07-28,2024-07-30,Rejected
169,85,Casual,2024-11-17,2024-11-25,Rejected
170,86,Unpaid,2024-07-22,2024-07-28,Pending
171,86,Unpaid,2024-07-17,2024-07-22,Approved
172,87,Unpaid,2024-11-29,2024-12-07,Rejected
173,87,Paid,2024-10-12,2024-10-14,Pending
174,87,Sick,2024-09-26,2024-09-30,Pending
175,87,Paid,2024-10-14,2024-10-21,Pending
176,88,Paid,2025-05-23,2025-06-02,Rejected
177,88,Casual,2025-02-12,2025-02-20,Approved
178,88,Unpaid,2024-09-26,2024-10-04,Pending
179,88,Unpaid,2024-07-01,2024-07-07,Rejected
180,89,Sick,2024-08-10,2024-08-20,Approved
181,89,Sick,2024-07-30,2024-08-03,Pending
182,89,Paid,2024-12-09,2024-12-14,Pending
183,90,Unpaid,2025-03-26,2025-04-03,Rejected
184,90,Casual,2024-12-27,2025-01-01,Rejected
185,90,Casual,2024-10-17,2024-10-19,Pending
186,90,Unpaid,2024-07-29,2024-08-05,Rejected
187,91,Casual,2024-08-26,2024-08-30,Rejected
188,91,Casual,2025-05-05,2025-05-10,Approved
189,92,Paid,2025-04-26,2025-05-01,Pending
190,92,Unpaid,2024-12-24,2024-12-29,Pending
191,92,Casual,2025-01-27,2025-02-06,Approved
192,93,Unpaid,2025-05-14,2025-05-18,Pending
193,93,Paid,2025-04-27,2025-05-06,Approved
194,94,Unpaid,2024-07-30,2024-08-04,Rejected
195,94,Sick,2024-11-23,2024-11-25,Approved
196,94,Casual,2025-02-27,2025-03-03,Pending
197,94,Sick,2024-12-13,2024-12-16,Approved
198,95,Unpaid,2025-03-26,2025-04-02,Pending
199,95,Paid,2025-04-17,2025-04-21,Rejected
200,95,Sick,2025-02-18,2025-02-23,Approved
201,96,Paid,2024-07-02,2024-07-05,Approved
202,96,Sick,2024-09-21,2024-09-26,Approved
203,98,Sick,2025-02-07,2025-02-09,Rejected
204,98,Casual,2025-05-14,2025-05-15,Pending
205,99,Paid,2025-05-09,2025-05-15,Rejected
206,99,Casual,2024-07-18,2024-07-20,Approved
207,100,Paid,2024-06-25,2024-07-03,Rejected
208,101,Casual,2025-01-04,2025-01-06,Pending
209,102,Paid,2024-06-22,2024-07-01,Pending
210,102,Casual,2024-09-19,2024-09-29,Approved
211,102,Unpaid,2024-08-23,2024-08-28,Pending
212,104,Unpaid,2024-08-12,2024-08-18,Approved
213,104,Sick,2025-02-06,2025-02-07,Pending
214,105,Casual,2025-03-02,2025-03-03,Pending
215,105,Sick,2025-04-22,2025-04-23,Rejected
216,105,Paid,2024-07-12,2024-07-21,Rejected
217,105,Casual,2024-08-19,2024-08-21,Approved
218,106,Unpaid,2025-01-03,2025-01-06,Pending
219,106,Paid,2024-07-23,2024-07-26,Rejected
220,106,Unpaid,2025-02-15,2025-02-20,Rejected
221,108,Sick,2024-07-16,2024-07-24,Pending
222,109,Sick,2025-04-28,2025-05-06,Approved
223,109,Unpaid,2024-12-21,2024-12-30,Rejected
224,109,Casual,2024-09-03,2024-09-11,Rejected
225,110,Unpaid,2025-01-21,2025-01-26,Approved
226,110,Paid,2024-07-26,2024-08-05,Rejected
227,110,Paid,2025-01-16,2025-01-17,Pending
228,110,Sick,2024-11-17,2024-11-26,Rejected
229,111,Casual,2025-05-05,2025-05-11,Rejected
230,111,Unpaid,2024-07-03,2024-07-10,Rejected
231,113,Casual,2024-06-11,2024-06-16,Rejected
232,114,Sick,2024-09-17,2024-09-20,Rejected
233,115,Casual,2024-11-15,2024-11-24,Rejected
234,115,Unpaid,2025-04-10,2025-04-20,Pending
235,115,Casual,2025-02-10,2025-02-17,Approved
236,116,Sick,2024-11-05,2024-11-15,Pending
237,119,Sick,2024-11-13,2024-11-22,Rejected
238,119,Paid,2024-06-16,2024-06-24,Approved
239,119,Sick,2025-03-18,2025-03-25,Pending
240,119,Paid,2024-11-08,2024-11-13,Rejected
241,120,Casual,2024-07-19,2024-07-29,Rejected
242,120,Unpaid,2024-07-28,2024-08-01,Pending
243,120,Casual,2025-05-15,2025-05-23,Approved
244,122,Paid,2024-06-07,2024-06-08,Rejected
245,122,Unpaid,2024-07-03,2024-07-04,Pending
246,122,Paid,2025-01-13,2025-01-19,Approved
247,122,Sick,2025-03-16,2025-03-22,Approved
248,125,Sick,2024-09-23,2024-09-29,Rejected
249,126,Paid,2024-12-22,2024-12-29,Approved
250,126,Casual,2024-12-04,2024-12-11,Rejected
251,127,Sick,2025-02-02,2025-02-09,Pending
252,129,Casual,2024-10-17,2024-10-23,Pending
253,131,Casual,2024-10-07,2024-10-15,Approved
254,131,Paid,2025-03-17,2025-03-21,Rejected
255,133,Casual,2025-05-15,2025-05-16,Pending
256,134,Unpaid,2024-11-03,2024-11-09,Approved
257,134,Unpaid,2024-11-27,2024-11-30,Rejected
258,134,Unpaid,2024-12-09,2024-12-19,Rejected
259,136,Unpaid,2024-06-15,2024-06-24,Pending
260,136,Unpaid,2024-08-16,2024-08-23,Approved
261,137,Unpaid,2024-11-09,2024-11-19,Approved
262,137,Paid,2024-10-07,2024-10-12,Rejected
263,137,Casual,2025-02-23,2025-02-28,Rejected
264,137,Unpaid,2024-10-25,2024-11-04,Rejected
265,138,Paid,2025-01-12,2025-01-22,Approved
266,138,Sick,2025-03-15,2025-03-21,Rejected
267,138,Sick,2024-09-27,2024-10-03,Pending
268,138,Unpaid,2024-12-12,2024-12-15,Rejected
269,139,Paid,2024-07-18,2024-07-19,Approved
270,139,Unpaid,2024-08-05,2024-08-06,Rejected
271,139,Unpaid,2024-08-08,2024-08-13,Pending
272,140,Casual,2025-01-24,2025-02-01,Pending
273,140,Paid,2024-06-16,2024-06-20,Pending
274,140,Casual,2024-10-07,2024-10-08,Pending
275,141,Casual,2024-12-03,2024-12-09,Pending
276,141,Sick,2024-09-02,2024-09-03,Rejected
277,141,Unpaid,2024-06-09,2024-06-14,Approved
278,141,Unpaid,2024-09-05,2024-09-09,Rejected
279,142,Paid,2025-02-07,2025-02-08,Pending
280,142,Casual,2024-05-30,2024-06-06,Pending
281,142,Unpaid,2025-01-07,2025-01-12,Rejected
282,142,Casual,2024-12-17,2024-12-21,Pending
283,144,Unpaid,2024-07-21,2024-07-24,Pending
284,144,Casual,2024-11-09,2024-11-19,Pending
285,144,Unpaid,2024-08-08,2024-08-12,Approved
286,144,Sick,2024-08-07,2024-08-13,Pending
287,145,Casual,2025-05-04,2025-05-10,Approved
288,145,Casual,2024-09-22,2024-10-01,Approved
289,146,Casual,2025-04-24,2025-04-25,Approved
290,147,Unpaid,2024-09-24,2024-09-25,Approved
291,147,Sick,2024-08-06,2024-08-10,Rejected
292,147,Paid,2025-01-17,2025-01-23,Approved
293,148,Sick,2025-01-29,2025-02-01,Approved
294,148,Casual,2025-01-03,2025-01-08,Pending
295,149,Casual,2024-11-15,2024-11-19,Pending
296,150,Sick,2025-02-07,2025-02-16,Rejected
297,150,Unpaid,2024-07-10,2024-07-16,Rejected
298,150,Casual,2024-05-31,2024-06-02,Approved
299,150,Casual,2025-03-14,2025-03-16,Pending
300,151,Paid,2024-07-24,2024-07-29,Pending
301,155,Unpaid,2025-04-02,2025-04-05,Pending
302,155,Casual,2025-03-16,2025-03-21,Pending
303,155,Sick,2024-05-23,2024-06-02,Rejected
304,156,Casual,2024-11-25,2024-11-29,Rejected
305,157,Unpaid,2025-04-15,2025-04-17,Pending
306,157,Casual,2025-02-26,2025-02-28,Rejected
307,157,Paid,2024-12-12,2024-12-16,Pending
308,157,Casual,2024-09-18,2024-09-20,Approved
309,159,Casual,2025-05-13,2025-05-14,Pending
310,159,Sick,2024-06-06,2024-06-12,Rejected
311,160,Paid,2024-09-10,2024-09-13,Rejected
312,163,Sick,2024-08-01,2024-08-09,Pending
313,163,Casual,2025-05-05,2025-05-06,Approved
314,163,Sick,2024-11-29,2024-12-07,Approved
315,163,Unpaid,2024-08-20,2024-08-23,Pending
316,164,Casual,2025-05-21,2025-05-23,Pending
317,164,Paid,2024-12-22,2024-12-23,Pending
318,164,Sick,2024-09-10,2024-09-20,Rejected
319,164,Casual,2024-11-01,2024-11-10,Rejected
320,165,Paid,2024-08-21,2024-08-31,Pending
321,165,Sick,2024-11-23,2024-11-24,Approved
322,165,Sick,2024-06-14,2024-06-19,Pending
323,166,Sick,2024-07-31,2024-08-05,Approved
324,166,Unpaid,2024-11-05,2024-11-15,Approved
325,166,Sick,2024-11-04,2024-11-14,Approved
326,167,Paid,2024-09-06,2024-09-07,Rejected
327,167,Casual,2024-09-13,2024-09-14,Rejected
328,167,Paid,2024-06-26,2024-06-28,Approved
329,167,Sick,2024-09-26,2024-10-02,Pending
330,169,Casual,2024-10-25,2024-10-31,Pending
331,169,Casual,2024-12-21,2024-12-29,Rejected
332,169,Casual,2024-09-28,2024-10-07,Approved
333,170,Paid,2024-05-26,2024-05-28,Rejected
334,170,Casual,2025-04-27,2025-05-07,Approved
335,170,Sick,2025-05-14,2025-05-15,Approved
336,173,Sick,2024-06-18,2024-06-25,Approved
337,173,Unpaid,2024-07-29,2024-08-01,Rejected
338,173,Paid,2025-01-18,2025-01-23,Rejected
339,173,Paid,2024-07-10,2024-07-19,Pending
340,175,Casual,2024-12-17,2024-12-23,Approved
341,175,Paid,2024-06-09,2024-06-11,Pending
342,175,Paid,2024-12-27,2024-12-29,Approved
343,175,Sick,2024-11-13,2024-11-23,Rejected
344,176,Sick,2024-07-06,2024-07-08,Rejected
345,176,Unpaid,2025-05-21,2025-05-22,Approved
346,177,Unpaid,2024-10-29,2024-11-03,Approved
347,177,Sick,2025-05-12,2025-05-17,Rejected
348,177,Paid,2025-02-18,2025-02-28,Pending
349,177,Paid,2025-05-06,2025-05-13,Approved
350,178,Casual,2024-07-23,2024-07-24,Pending
351,178,Unpaid,2024-12-19,2024-12-21,Pending
352,178,Paid,2024-09-12,2024-09-18,Approved
353,179,Paid,2024-09-10,2024-09-17,Rejected
354,180,Sick,2024-07-07,2024-07-12,Rejected
355,180,Paid,2024-07-18,2024-07-27,Rejected
356,180,Paid,2024-09-06,2024-09-14,Pending
357,180,Casual,2025-02-25,2025-03-01,Rejected
358,181,Casual,2024-07-10,2024-07-17,Rejected
359,181,Sick,2025-01-28,2025-01-30,Rejected
360,181,Unpaid,2024-11-03,2024-11-09,Approved
361,181,Sick,2024-06-21,2024-06-27,Rejected
362,183,Paid,2025-05-13,2025-05-17,Approved
363,183,Sick,2025-02-20,2025-02-22,Approved
364,183,Unpaid,2025-03-26,2025-03-28,Approved
365,183,Unpaid,2024-11-20,2024-11-29,Pending
366,184,Paid,2024-06-12,2024-06-21,Pending
367,185,Unpaid,2025-03-21,2025-03-30,Rejected
368,185,Unpaid,2025-05-14,2025-05-15,Pending
369,185,Casual,2025-05-09,2025-05-19,Pending
370,187,Unpaid,2024-06-10,2024-06-17,Pending
371,187,Unpaid,2024-09-12,2024-09-13,Pending
372,188,Casual,2025-05-13,2025-05-21,Approved
373,190,Casual,2025-03-16,2025-03-18,Approved
374,190,Unpaid,2025-04-24,2025-04-29,Approved
375,190,Sick,2025-02-07,2025-02-09,Rejected
376,194,Unpaid,2025-03-14,2025-03-24,Approved
377,194,Paid,2025-04-24,2025-04-25,Approved
378,194,Sick,2024-10-27,2024-11-06,Approved
379,194,Sick,2025-01-22,2025-01-28,Approved
380,195,Unpaid,2025-02-02,2025-02-04,Rejected
381,195,Paid,2024-07-26,2024-07-28,Rejected
382,195,Casual,2025-04-22,2025-04-29,Approved
383,195,Casual,2024-07-10,2024-07-15,Rejected
384,196,Unpaid,2024-10-10,2024-10-13,Rejected
385,196,Sick,2024-07-26,2024-08-03,Pending
386,196,Sick,2024-05-31,2024-06-08,Approved
387,198,Casual,2024-10-16,2024-10-20,Rejected
388,198,Casual,2025-02-17,2025-02-20,Approved
389,199,Sick,2025-04-17,2025-04-22,Rejected
390,199,Sick,2025-01-14,2025-01-21,Approved
391,199,Sick,2025-01-11,2025-01-19,Approved
392,199,Unpaid,2024-06-29,2024-07-06,Rejected
393,201,Sick,2025-04-14,2025-04-24,Approved
394,201,Casual,2024-08-08,2024-08-09,Pending
395,201,Paid,2025-02-28,2025-03-07,Rejected
396,202,Unpaid,2024-10-13,2024-10-17,Rejected
397,202,Casual,2025-04-01,2025-04-05,Approved
398,202,Paid,2024-10-14,2024-10-17,Approved
399,203,Casual,2025-05-21,2025-05-26,Rejected
400,203,Sick,2025-05-05,2025-05-06,Approved
401,203,Paid,2025-04-16,2025-04-19,Rejected
402,204,Paid,2024-09-19,2024-09-21,Pending
403,204,Sick,2024-08-01,2024-08-07,Approved
404,204,Casual,2025-02-07,2025-02-10,Approved
405,205,Paid,2024-10-23,2024-10-24,Pending
406,205,Sick,2024-10-10,2024-10-20,Approved
407,206,Paid,2025-01-22,2025-01-24,Rejected
408,206,Sick,2025-02-18,2025-02-22,Rejected
409,207,Sick,2025-05-20,2025-05-23,Pending
410,208,Sick,2024-08-18,2024-08-19,Pending
411,208,Sick,2024-07-28,2024-07-31,Rejected
412,212,Unpaid,2024-10-11,2024-10-13,Pending
413,213,Paid,2025-03-15,2025-03-24,Approved
414,213,Casual,2025-03-05,2025-03-15,Approved
415,213,Sick,2024-07-29,2024-08-02,Approved
416,213,Casual,2024-07-21,2024-07-27,Pending
417,214,Unpaid,2025-02-04,2025-02-08,Approved
418,214,Casual,2024-11-23,2024-11-29,Rejected
419,215,Unpaid,2025-05-07,2025-05-11,Pending
420,215,Paid,2025-01-13,2025-01-23,Approved
421,215,Casual,2025-04-18,2025-04-23,Rejected
422,216,Casual,2024-11-08,2024-11-16,Pending
423,216,Casual,2024-10-27,2024-11-05,Approved
424,217,Unpaid,2024-08-17,2024-08-23,Approved
425,217,Paid,2025-03-26,2025-04-04,Rejected
426,217,Paid,2025-03-03,2025-03-06,Approved
427,218,Paid,2025-04-30,2025-05-09,Rejected
428,218,Unpaid,2025-03-12,2025-03-16,Rejected
429,218,Unpaid,2024-06-09,2024-06-10,Pending
430,218,Sick,2024-11-18,2024-11-24,Approved
431,219,Casual,2024-08-23,2024-08-31,Approved
432,220,Casual,2024-08-13,2024-08-18,Pending
433,221,Unpaid,2024-11-28,2024-12-05,Rejected
434,221,Sick,2024-11-30,2024-12-07,Approved
435,221,Unpaid,2024-10-20,2024-10-30,Approved
436,222,Casual,2024-08-30,2024-09-02,Approved
437,223,Casual,2025-02-04,2025-02-08,Pending
438,224,Sick,2025-02-26,2025-03-01,Rejected
439,225,Unpaid,2024-07-06,2024-07-10,Rejected
440,225,Paid,2025-05-08,2025-05-16,Pending
441,226,Casual,2024-12-06,2024-12-16,Approved
442,227,Casual,2024-12-03,2024-12-10,Approved
443,227,Unpaid,2025-05-16,2025-05-20,Approved
444,228,Unpaid,2024-09-14,2024-09-19,Rejected
445,229,Casual,2024-06-10,2024-06-16,Rejected
446,229,Sick,2025-01-20,2025-01-28,Pending
447,229,Unpaid,2025-03-07,2025-03-09,Rejected
448,229,Sick,2025-04-01,2025-04-10,Rejected
449,230,Casual,2024-11-08,2024-11-14,Rejected
450,230,Sick,2024-11-06,2024-11-07,Rejected
451,230,Unpaid,2025-03-25,2025-03-26,Rejected
452,231,Casual,2024-07-19,2024-07-26,Approved
453,231,Sick,2024-12-20,2024-12-24,Approved
454,231,Paid,2024-10-16,2024-10-26,Pending
455,231,Sick,2024-10-31,2024-11-03,Approved
456,232,Paid,2024-06-23,2024-06-24,Approved
457,232,Sick,2024-06-28,2024-07-02,Pending
458,233,Unpaid,2024-10-21,2024-10-22,Rejected
459,233,Sick,2025-05-03,2025-05-13,Pending
460,233,Unpaid,2024-10-02,2024-10-06,Pending
461,234,Sick,2024-10-25,2024-11-02,Approved
462,234,Casual,2024-06-08,2024-06-11,Rejected
463,235,Casual,2024-10-30,2024-11-09,Pending
464,236,Unpaid,2024-10-18,2024-10-28,Approved
465,236,Sick,2024-08-23,2024-09-02,Rejected
466,236,Unpaid,2024-12-26,2024-12-31,Pending
467,236,Sick,2024-09-30,2024-10-03,Rejected
468,237,Sick,2024-09-27,2024-10-02,Approved
469,237,Sick,2025-01-24,2025-01-26,Approved
470,237,Paid,2025-04-17,2025-04-26,Pending
471,237,Unpaid,2025-03-18,2025-03-19,Approved
472,238,Paid,2025-01-28,2025-02-07,Rejected
473,238,Sick,2025-03-20,2025-03-21,Pending
474,238,Paid,2025-04-04,2025-04-13,Pending
475,238,Unpaid,2024-08-24,2024-08-26,Pending
476,239,Paid,2024-07-20,2024-07-30,Rejected
477,239,Casual,2025-02-20,2025-02-25,Rejected
478,239,Sick,2024-12-17,2024-12-18,Pending
479,239,Casual,2024-08-07,2024-08-10,Pending
480,240,Casual,2025-03-20,2025-03-27,Pending
481,240,Casual,2024-08-17,2024-08-18,Approved
482,241,Sick,2024-08-19,2024-08-25,Pending
483,242,Paid,2024-10-19,2024-10-28,Approved
484,242,Casual,2025-02-13,2025-02-21,Rejected
485,242,Sick,2025-04-25,2025-05-02,Approved
486,242,Paid,2024-07-25,2024-08-02,Approved
487,243,Sick,2024-06-09,2024-06-15,Pending
488,243,Unpaid,2024-12-30,2025-01-02,Pending
489,243,Sick,2024-07-02,2024-07-12,Approved
490,243,Casual,2024-11-19,2024-11-24,Rejected
491,244,Sick,2025-03-23,2025-03-25,Approved
492,246,Unpaid,2024-10-06,2024-10-07,Rejected
493,246,Casual,2025-02-04,2025-02-05,Approved
494,246,Unpaid,2024-12-08,2024-12-11,Rejected
495,246,Unpaid,2025-03-04,2025-03-10,Pending
496,247,Sick,2024-08-05,2024-08-10,Approved
497,247,Paid,2024-09-03,2024-09-07,Pending
498,248,Paid,2024-07-20,2024-07-21,Pending
499,248,Unpaid,2025-01-31,2025-02-01,Pending
500,248,Casual,2025-03-12,2025-03-14,Rejected
501,249,Casual,2024-07-18,2024-07-23,Rejected
502,249,Sick,2025-03-24,2025-03-26,Approved
503,249,Paid,2024-07-27,2024-08-06,Pending
504,251,Unpaid,2025-04-08,2025-04-17,Rejected
505,251,Unpaid,2025-05-10,2025-05-12,Pending
506,251,Paid,2025-04-13,2025-04-18,Pending
507,251,Sick,2024-10-13,2024-10-22,Rejected
508,252,Sick,2024-07-23,2024-07-29,Rejected
509,252,Sick,2024-12-27,2024-12-29,Pending
510,252,Paid,2024-07-03,2024-07-05,Approved
511,252,Casual,2025-01-04,2025-01-14,Rejected
512,254,Sick,2025-04-19,2025-04-20,Rejected
513,255,Casual,2025-01-17,2025-01-25,Rejected
514,255,Paid,2024-08-01,2024-08-10,Approved
515,255,Sick,2025-02-17,2025-02-18,Rejected
516,255,Casual,2024-06-07,2024-06-17,Rejected
517,257,Paid,2025-02-24,2025-03-01,Approved
518,257,Sick,2025-03-20,2025-03-21,Approved
519,258,Sick,2025-04-21,2025-04-24,Pending
520,258,Casual,2025-02-11,2025-02-14,Rejected
521,259,Casual,2025-03-21,2025-03-23,Pending
522,259,Paid,2024-09-29,2024-10-06,Rejected
523,259,Unpaid,2024-07-29,2024-08-07,Approved
524,259,Casual,2025-04-14,2025-04-15,Approved
525,261,Sick,2024-12-08,2024-12-11,Approved
526,261,Unpaid,2024-08-15,2024-08-16,Rejected
527,261,Unpaid,2024-07-08,2024-07-13,Approved
528,262,Sick,2024-10-31,2024-11-02,Approved
529,262,Casual,2024-12-21,2024-12-22,Pending
530,263,Sick,2025-02-27,2025-03-05,Approved
531,264,Casual,2024-11-17,2024-11-20,Rejected
532,265,Paid,2024-07-03,2024-07-11,Pending
533,265,Paid,2024-09-09,2024-09-11,Rejected
534,266,Sick,2024-07-01,2024-07-04,Rejected
535,266,Casual,2024-06-24,2024-07-03,Rejected
536,266,Paid,2025-01-12,2025-01-14,Rejected
537,268,Casual,2025-01-23,2025-01-26,Pending
538,268,Unpaid,2024-09-01,2024-09-11,Rejected
539,269,Unpaid,2025-04-09,2025-04-15,Pending
540,269,Sick,2025-05-02,2025-05-04,Approved
541,269,Paid,2024-08-28,2024-09-01,Approved
542,269,Unpaid,2024-08-18,2024-08-19,Rejected
543,270,Unpaid,2024-08-30,2024-09-05,Pending
544,271,Casual,2025-03-14,2025-03-24,Approved
545,271,Sick,2024-05-31,2024-06-05,Rejected
546,272,Sick,2024-10-26,2024-11-03,Pending
547,272,Casual,2024-06-16,2024-06-17,Pending
548,273,Unpaid,2025-05-23,2025-05-31,Approved
549,273,Paid,2025-05-21,2025-05-31,Pending
550,274,Paid,2025-01-08,2025-01-10,Rejected
551,274,Unpaid,2024-07-10,2024-07-20,Approved
552,275,Sick,2025-02-16,2025-02-25,Approved
553,275,Paid,2024-11-25,2024-12-05,Approved
554,275,Unpaid,2024-12-31,2025-01-08,Approved
555,276,Casual,2024-07-20,2024-07-25,Rejected
556,276,Unpaid,2024-07-31,2024-08-08,Approved
557,276,Sick,2024-06-20,2024-06-28,Rejected
558,277,Unpaid,2024-12-26,2024-12-27,Rejected
559,277,Sick,2025-02-18,2025-02-21,Rejected
560,277,Sick,2024-09-23,2024-09-29,Approved
561,277,Casual,2024-08-05,2024-08-09,Pending
562,279,Sick,2025-01-16,2025-01-17,Pending
563,279,Paid,2024-07-10,2024-07-19,Pending
564,279,Unpaid,2024-12-17,2024-12-18,Rejected
565,279,Casual,2025-04-26,2025-05-05,Approved
566,281,Casual,2025-01-12,2025-01-13,Approved
567,281,Paid,2024-07-26,2024-07-28,Rejected
568,281,Unpaid,2024-07-09,2024-07-15,Pending
569,282,Unpaid,2024-08-20,2024-08-28,Approved
570,282,Sick,2024-06-03,2024-06-08,Rejected
571,282,Unpaid,2024-11-07,2024-11-10,Approved
572,283,Casual,2024-11-24,2024-11-26,Rejected
573,284,Sick,2024-10-06,2024-10-13,Rejected
574,285,Sick,2024-07-25,2024-07-31,Approved
575,285,Paid,2024-12-26,2024-12-31,Approved
576,285,Unpaid,2025-01-22,2025-01-26,Rejected
577,285,Unpaid,2024-11-15,2024-11-18,Rejected
578,287,Unpaid,2024-07-02,2024-07-08,Pending
579,287,Paid,2024-08-06,2024-08-07,Approved
580,287,Unpaid,2025-03-03,2025-03-09,Pending
581,288,Sick,2024-11-12,2024-11-13,Pending
582,288,Paid,2025-05-23,2025-05-27,Pending
583,288,Paid,2025-04-27,2025-05-04,Rejected
584,289,Casual,2024-07-04,2024-07-08,Rejected
585,289,Casual,2024-09-19,2024-09-29,Pending
586,290,Sick,2024-10-28,2024-11-03,Pending
587,292,Paid,2025-01-26,2025-02-01,Approved
588,292,Paid,2024-06-16,2024-06-26,Pending
589,293,Sick,2024-06-22,2024-06-30,Approved
590,293,Casual,2024-06-13,2024-06-23,Approved
591,293,Unpaid,2024-05-31,2024-06-08,Pending
592,293,Casual,2024-10-30,2024-11-01,Pending
593,295,Sick,2024-10-26,2024-11-05,Approved
594,296,Unpaid,2024-06-23,2024-06-25,Rejected
595,296,Sick,2024-07-23,2024-07-27,Approved
596,296,Sick,2025-03-04,2025-03-09,Rejected
597,296,Casual,2024-12-27,2025-01-05,Rejected
598,297,Casual,2024-06-12,2024-06-21,Rejected
599,298,Sick,2024-05-27,2024-05-29,Rejected
600,298,Paid,2024-06-26,2024-07-03,Pending
601,301,Casual,2025-04-04,2025-04-11,Approved
602,301,Sick,2025-03-27,2025-03-31,Pending
603,301,Casual,2024-08-12,2024-08-13,Rejected
604,302,Paid,2024-08-24,2024-09-01,Rejected
605,302,Casual,2024-11-15,2024-11-20,Pending
606,302,Casual,2024-12-21,2024-12-26,Approved
607,302,Casual,2024-12-21,2024-12-28,Pending
608,303,Sick,2024-09-22,2024-10-02,Rejected
609,303,Sick,2024-08-12,2024-08-15,Pending
610,304,Casual,2024-11-26,2024-12-02,Pending
611,304,Casual,2025-02-19,2025-02-26,Approved
612,304,Paid,2025-04-02,2025-04-11,Rejected
613,305,Sick,2024-08-08,2024-08-16,Pending
614,305,Casual,2025-03-08,2025-03-16,Rejected
615,305,Unpaid,2024-09-28,2024-10-05,Rejected
616,305,Paid,2024-12-16,2024-12-26,Approved
617,306,Casual,2024-12-30,2025-01-06,Rejected
618,306,Sick,2025-03-30,2025-04-04,Pending
619,306,Sick,2024-08-13,2024-08-15,Rejected
620,306,Unpaid,2024-10-22,2024-10-28,Approved
621,307,Casual,2024-06-03,2024-06-05,Pending
622,309,Unpaid,2024-08-12,2024-08-15,Pending
623,309,Sick,2024-08-01,2024-08-08,Rejected
624,309,Paid,2024-09-22,2024-10-01,Rejected
625,310,Sick,2025-04-04,2025-04-13,Rejected
626,310,Paid,2025-04-25,2025-05-02,Approved
627,310,Casual,2024-11-14,2024-11-20,Rejected
628,312,Unpaid,2025-01-17,2025-01-20,Rejected
629,312,Unpaid,2025-01-26,2025-02-03,Rejected
630,313,Casual,2025-02-22,2025-02-28,Approved
631,315,Unpaid,2024-06-26,2024-07-02,Approved
632,315,Paid,2024-12-15,2024-12-21,Pending
633,315,Unpaid,2024-11-16,2024-11-20,Rejected
634,315,Unpaid,2024-11-16,2024-11-19,Pending
635,317,Casual,2024-10-11,2024-10-16,Approved
636,321,Unpaid,2025-01-11,2025-01-18,Pending
637,321,Paid,2024-08-01,2024-08-03,Pending
638,323,Casual,2024-12-06,2024-12-12,Pending
639,323,Paid,2025-02-13,2025-02-14,Pending
640,324,Sick,2024-06-29,2024-07-01,Rejected
641,324,Paid,2024-06-29,2024-07-02,Rejected
642,325,Casual,2024-06-14,2024-06-22,Rejected
643,325,Unpaid,2024-11-14,2024-11-19,Approved
644,325,Casual,2024-08-15,2024-08-16,Rejected
645,325,Casual,2024-07-22,2024-07-29,Rejected
646,326,Sick,2024-10-05,2024-10-15,Pending
647,326,Unpaid,2025-04-26,2025-05-04,Rejected
648,327,Sick,2024-07-29,2024-08-07,Pending
649,327,Paid,2024-10-26,2024-11-01,Pending
650,328,Paid,2024-08-16,2024-08-19,Pending
651,328,Unpaid,2024-09-29,2024-10-09,Approved
652,329,Paid,2024-10-14,2024-10-17,Rejected
653,329,Sick,2025-03-08,2025-03-13,Pending
654,329,Casual,2024-07-07,2024-07-08,Rejected
655,330,Unpaid,2024-09-01,2024-09-02,Approved
656,330,Sick,2025-01-02,2025-01-11,Approved
657,330,Unpaid,2024-12-25,2025-01-03,Pending
658,330,Paid,2025-02-12,2025-02-19,Pending
659,332,Unpaid,2025-05-21,2025-05-29,Approved
660,332,Casual,2025-05-01,2025-05-11,Rejected
661,333,Casual,2025-04-30,2025-05-07,Rejected
662,333,Casual,2024-12-15,2024-12-16,Pending
663,333,Sick,2025-03-12,2025-03-15,Approved
664,333,Casual,2024-06-29,2024-07-01,Approved
665,334,Casual,2025-03-08,2025-03-12,Pending
666,334,Sick,2024-06-06,2024-06-09,Approved
667,334,Sick,2024-06-08,2024-06-17,Approved
668,335,Casual,2024-10-09,2024-10-17,Pending
669,335,Sick,2025-04-30,2025-05-10,Pending
670,337,Unpaid,2024-08-25,2024-09-03,Pending
671,337,Casual,2025-03-18,2025-03-28,Rejected
672,337,Unpaid,2024-08-12,2024-08-21,Approved
673,338,Casual,2024-06-24,2024-07-04,Pending
674,338,Paid,2025-05-20,2025-05-22,Pending
675,339,Sick,2024-10-03,2024-10-09,Pending
676,340,Casual,2024-08-14,2024-08-21,Rejected
677,341,Casual,2024-08-24,2024-08-26,Approved
678,341,Casual,2024-11-15,2024-11-24,Approved
679,341,Paid,2025-05-08,2025-05-11,Pending
680,341,Paid,2025-04-24,2025-04-27,Rejected
681,342,Unpaid,2025-01-26,2025-01-28,Pending
682,342,Unpaid,2024-10-22,2024-10-27,Rejected
683,343,Sick,2024-07-12,2024-07-17,Approved
684,343,Casual,2024-08-09,2024-08-14,Pending
685,343,Casual,2025-05-05,2025-05-11,Approved
686,343,Sick,2025-02-17,2025-02-20,Approved
687,345,Paid,2025-04-30,2025-05-05,Rejected
688,345,Paid,2025-04-07,2025-04-12,Approved
689,345,Unpaid,2025-01-22,2025-01-24,Rejected
690,346,Sick,2025-04-27,2025-05-07,Approved
691,346,Sick,2025-01-21,2025-01-22,Rejected
692,346,Casual,2024-10-10,2024-10-14,Pending
693,346,Sick,2024-08-23,2024-09-02,Rejected
694,347,Unpaid,2025-01-25,2025-01-26,Approved
695,348,Paid,2024-12-09,2024-12-13,Pending
696,348,Casual,2024-07-10,2024-07-16,Pending
697,351,Casual,2025-01-08,2025-01-10,Approved
698,351,Unpaid,2024-08-05,2024-08-14,Approved
699,351,Unpaid,2025-03-21,2025-03-24,Pending
700,352,Casual,2025-02-02,2025-02-08,Pending
701,353,Casual,2024-12-07,2024-12-14,Approved
702,353,Paid,2025-02-15,2025-02-17,Approved
703,353,Unpaid,2024-06-03,2024-06-13,Approved
704,354,Sick,2025-03-04,2025-03-13,Rejected
705,355,Paid,2024-08-31,2024-09-09,Rejected
706,355,Paid,2024-11-27,2024-12-04,Pending
707,355,Unpaid,2024-10-06,2024-10-09,Pending
708,355,Unpaid,2025-02-09,2025-02-13,Pending
709,356,Paid,2024-10-17,2024-10-27,Pending
710,356,Paid,2025-05-10,2025-05-11,Rejected
711,356,Casual,2025-04-27,2025-05-07,Pending
712,358,Casual,2025-04-04,2025-04-13,Approved
713,360,Sick,2025-02-11,2025-02-21,Approved
714,360,Paid,2025-04-03,2025-04-13,Approved
715,360,Paid,2025-02-19,2025-03-01,Approved
716,361,Casual,2024-09-28,2024-10-07,Rejected
717,361,Paid,2024-06-29,2024-07-03,Approved
718,361,Paid,2025-04-01,2025-04-04,Rejected
719,362,Sick,2025-02-20,2025-02-28,Approved
720,362,Paid,2025-01-06,2025-01-12,Rejected
721,363,Sick,2024-12-15,2024-12-17,Approved
722,363,Paid,2024-11-24,2024-11-27,Rejected
723,364,Sick,2025-05-11,2025-05-21,Approved
724,365,Paid,2024-06-02,2024-06-05,Approved
725,365,Casual,2025-04-21,2025-04-23,Pending
726,365,Paid,2024-09-20,2024-09-26,Pending
727,365,Unpaid,2025-01-24,2025-02-03,Approved
728,366,Paid,2025-02-28,2025-03-04,Pending
729,366,Unpaid,2024-10-30,2024-11-05,Pending
730,366,Sick,2025-04-07,2025-04-10,Rejected
731,366,Sick,2024-10-22,2024-10-29,Approved
732,367,Paid,2025-02-20,2025-02-27,Rejected
733,367,Unpaid,2025-03-29,2025-04-04,Pending
734,369,Unpaid,2024-08-03,2024-08-13,Approved
735,370,Unpaid,2024-12-29,2025-01-06,Rejected
736,370,Paid,2024-07-25,2024-07-28,Pending
737,371,Casual,2024-07-11,2024-07-18,Approved
738,371,Unpaid,2024-12-15,2024-12-18,Rejected
739,372,Unpaid,2024-12-07,2024-12-16,Rejected
740,372,Paid,2024-06-02,2024-06-05,Approved
741,372,Unpaid,2024-12-02,2024-12-11,Pending
742,373,Unpaid,2024-07-18,2024-07-27,Approved
743,373,Sick,2024-12-13,2024-12-20,Rejected
744,373,Sick,2024-06-24,2024-07-01,Rejected
745,373,Unpaid,2024-08-01,2024-08-02,Approved
746,374,Casual,2025-03-27,2025-03-30,Approved
747,375,Casual,2025-02-26,2025-03-07,Rejected
748,378,Unpaid,2025-04-04,2025-04-07,Pending
749,379,Paid,2025-05-09,2025-05-12,Rejected
750,380,Sick,2025-03-16,2025-03-20,Rejected
751,381,Unpaid,2024-11-04,2024-11-14,Rejected
752,381,Paid,2025-05-17,2025-05-20,Approved
753,382,Casual,2025-01-19,2025-01-28,Pending
754,382,Sick,2024-08-24,2024-08-26,Rejected
755,382,Paid,2024-10-02,2024-10-10,Rejected
756,383,Paid,2025-01-29,2025-02-02,Approved
757,383,Casual,2024-09-08,2024-09-17,Pending
758,383,Paid,2025-03-14,2025-03-19,Approved
759,383,Casual,2025-02-19,2025-02-25,Approved
760,384,Unpaid,2024-09-10,2024-09-12,Rejected
761,384,Paid,2025-02-14,2025-02-24,Rejected
762,384,Unpaid,2024-11-15,2024-11-21,Pending
763,385,Paid,2024-11-27,2024-11-30,Pending
764,387,Unpaid,2024-09-19,2024-09-29,Approved
765,387,Unpaid,2024-10-11,2024-10-13,Pending
766,388,Paid,2024-11-02,2024-11-12,Approved
767,388,Unpaid,2024-06-02,2024-06-08,Pending
768,390,Sick,2025-02-25,2025-03-05,Pending
769,391,Casual,2025-03-10,2025-03-12,Rejected
770,392,Paid,2024-10-17,2024-10-18,Rejected
771,394,Casual,2024-12-03,2024-12-10,Pending
772,394,Casual,2024-11-03,2024-11-13,Rejected
773,394,Unpaid,2024-05-26,2024-05-30,Approved
774,395,Casual,2024-08-19,2024-08-27,Rejected
775,395,Casual,2025-04-26,2025-05-06,Approved
776,395,Unpaid,2025-03-30,2025-04-04,Pending
777,395,Sick,2024-12-19,2024-12-25,Rejected
778,396,Sick,2025-03-31,2025-04-06,Rejected
779,396,Sick,2025-04-05,2025-04-12,Pending
780,397,Unpaid,2024-08-27,2024-08-31,Rejected
781,397,Casual,2025-02-13,2025-02-21,Approved
782,397,Casual,2024-10-29,2024-10-31,Approved
783,398,Paid,2025-01-13,2025-01-16,Rejected
784,398,Sick,2024-10-24,2024-10-29,Pending
785,398,Unpaid,2024-12-15,2024-12-22,Approved
786,398,Sick,2024-06-28,2024-07-04,Pending
787,399,Casual,2024-07-15,2024-07-19,Pending
788,399,Unpaid,2024-07-12,2024-07-14,Pending
789,399,Paid,2024-06-19,2024-06-20,Rejected
790,401,Unpaid,2024-09-30,2024-10-07,Pending
791,401,Casual,2025-02-09,2025-02-15,Approved
792,403,Unpaid,2025-05-14,2025-05-17,Approved
793,404,Sick,2025-04-03,2025-04-09,Rejected
794,405,Paid,2024-08-02,2024-08-11,Rejected
795,405,Paid,2024-07-19,2024-07-28,Rejected
796,406,Paid,2024-12-08,2024-12-16,Approved
797,406,Casual,2025-02-11,2025-02-17,Rejected
798,406,Paid,2024-05-30,2024-06-05,Pending
799,407,Sick,2024-08-03,2024-08-13,Approved
800,407,Unpaid,2024-11-04,2024-11-11,Pending
801,407,Unpaid,2024-12-21,2024-12-28,Rejected
802,407,Paid,2024-11-16,2024-11-17,Rejected
803,408,Sick,2024-11-11,2024-11-14,Pending
804,408,Sick,2024-10-14,2024-10-21,Approved
805,408,Casual,2025-01-05,2025-01-12,Pending
806,411,Unpaid,2025-01-07,2025-01-17,Rejected
807,411,Sick,2024-09-01,2024-09-10,Rejected
808,411,Sick,2024-10-24,2024-10-30,Pending
809,412,Casual,2025-02-07,2025-02-08,Rejected
810,412,Sick,2024-12-23,2024-12-29,Approved
811,412,Sick,2024-11-22,2024-12-01,Approved
812,412,Paid,2024-08-06,2024-08-09,Rejected
813,413,Casual,2024-05-31,2024-06-09,Approved
814,413,Casual,2024-05-31,2024-06-08,Pending
815,414,Casual,2025-03-24,2025-03-30,Approved
816,414,Casual,2024-10-14,2024-10-21,Approved
817,415,Sick,2024-12-31,2025-01-04,Approved
818,416,Sick,2024-08-27,2024-09-03,Pending
819,416,Sick,2024-08-21,2024-08-26,Rejected
820,417,Casual,2024-07-26,2024-07-31,Rejected
821,417,Unpaid,2024-05-28,2024-05-29,Approved
822,417,Paid,2024-07-25,2024-07-31,Rejected
823,417,Sick,2024-08-26,2024-08-29,Pending
824,418,Unpaid,2025-04-22,2025-04-27,Pending
825,418,Sick,2025-02-15,2025-02-21,Rejected
826,418,Paid,2025-02-21,2025-02-22,Pending
827,422,Paid,2024-12-20,2024-12-26,Pending
828,422,Casual,2025-03-20,2025-03-21,Approved
829,422,Sick,2024-12-14,2024-12-19,Approved
830,423,Paid,2024-10-25,2024-11-01,Rejected
831,423,Sick,2024-09-25,2024-10-02,Approved
832,424,Sick,2025-04-23,2025-04-25,Rejected
833,426,Casual,2025-05-21,2025-05-28,Pending
834,426,Casual,2025-03-23,2025-03-28,Rejected
835,427,Casual,2025-04-27,2025-04-29,Rejected
836,427,Unpaid,2024-12-31,2025-01-06,Rejected
837,428,Sick,2024-06-12,2024-06-18,Rejected
838,428,Casual,2025-02-03,2025-02-08,Pending
839,428,Casual,2024-10-23,2024-10-31,Rejected
840,428,Paid,2025-02-21,2025-03-02,Rejected
841,429,Unpaid,2024-07-16,2024-07-17,Pending
842,429,Paid,2025-04-24,2025-05-03,Pending
843,430,Casual,2025-02-14,2025-02-23,Rejected
844,431,Casual,2025-05-23,2025-05-27,Approved
845,431,Unpaid,2025-03-04,2025-03-11,Approved
846,434,Sick,2025-03-13,2025-03-20,Approved
847,434,Unpaid,2024-10-23,2024-11-01,Approved
848,435,Unpaid,2024-10-11,2024-10-15,Rejected
849,436,Sick,2025-04-02,2025-04-11,Approved
850,436,Unpaid,2024-06-18,2024-06-23,Pending
851,437,Sick,2025-02-03,2025-02-04,Rejected
852,438,Paid,2024-10-13,2024-10-18,Approved
853,439,Casual,2024-06-08,2024-06-13,Approved
854,439,Casual,2024-06-21,2024-06-24,Approved
855,440,Unpaid,2025-02-25,2025-03-05,Approved
856,440,Sick,2025-04-22,2025-05-02,Rejected
857,440,Paid,2024-12-23,2024-12-26,Approved
858,442,Paid,2024-10-28,2024-11-06,Approved
859,442,Unpaid,2025-01-18,2025-01-21,Pending
860,442,Unpaid,2024-11-11,2024-11-14,Rejected
861,442,Sick,2025-05-17,2025-05-19,Pending
862,443,Paid,2025-04-30,2025-05-09,Pending
863,443,Casual,2024-09-14,2024-09-23,Rejected
864,444,Paid,2025-04-15,2025-04-17,Rejected
865,444,Paid,2024-10-03,2024-10-11,Pending
866,444,Unpaid,2025-01-15,2025-01-21,Pending
867,445,Casual,2025-03-13,2025-03-14,Approved
868,446,Sick,2025-01-05,2025-01-11,Pending
869,447,Paid,2024-11-04,2024-11-14,Approved
870,447,Paid,2024-12-27,2025-01-01,Approved
871,447,Sick,2024-08-01,2024-08-06,Approved
872,447,Unpaid,2025-05-23,2025-05-29,Rejected
873,448,Unpaid,2025-03-28,2025-04-03,Pending
874,448,Sick,2025-05-08,2025-05-11,Rejected
875,448,Paid,2025-02-16,2025-02-20,Pending
876,448,Unpaid,2025-04-29,2025-05-02,Pending
877,449,Sick,2024-12-07,2024-12-16,Rejected
878,450,Unpaid,2025-01-19,2025-01-29,Approved
879,450,Casual,2024-09-10,2024-09-18,Pending
880,450,Unpaid,2025-01-10,2025-01-16,Approved
881,450,Paid,2025-04-08,2025-04-10,Rejected
882,451,Paid,2024-11-12,2024-11-16,Rejected
883,453,Paid,2024-08-08,2024-08-09,Pending
884,453,Casual,2025-02-26,2025-03-04,Approved
885,453,Casual,2024-08-28,2024-08-30,Approved
886,453,Paid,2024-06-21,2024-06-25,Approved
887,454,Unpaid,2024-09-03,2024-09-04,Approved
888,454,Paid,2024-12-04,2024-12-05,Pending
889,458,Casual,2024-11-10,2024-11-12,Approved
890,458,Casual,2024-09-11,2024-09-14,Pending
891,458,Sick,2024-10-21,2024-10-25,Approved
892,461,Unpaid,2024-09-24,2024-09-27,Rejected
893,461,Paid,2024-08-06,2024-08-13,Approved
894,461,Paid,2025-04-18,2025-04-21,Rejected
895,461,Unpaid,2024-10-06,2024-10-16,Rejected
896,462,Unpaid,2024-09-12,2024-09-19,Rejected
897,463,Casual,2025-02-03,2025-02-09,Rejected
898,464,Paid,2024-10-20,2024-10-22,Pending
899,464,Unpaid,2024-09-16,2024-09-20,Pending
900,464,Sick,2024-09-18,2024-09-24,Approved
901,464,Casual,2024-11-06,2024-11-13,Pending
902,465,Unpaid,2025-03-06,2025-03-08,Pending
903,465,Casual,2024-06-23,2024-06-30,Rejected
904,466,Sick,2024-06-20,2024-06-26,Rejected
905,466,Casual,2025-03-15,2025-03-20,Pending
906,466,Sick,2025-04-05,2025-04-07,Rejected
907,468,Paid,2025-05-18,2025-05-19,Pending
908,468,Paid,2025-03-19,2025-03-26,Approved
909,468,Unpaid,2024-06-20,2024-06-27,Pending
910,469,Unpaid,2024-08-25,2024-09-03,Pending
911,469,Casual,2024-10-21,2024-10-22,Approved
912,469,Casual,2024-05-26,2024-05-29,Rejected
913,470,Paid,2025-02-23,2025-02-25,Approved
914,470,Sick,2025-03-01,2025-03-07,Rejected
915,470,Sick,2025-04-24,2025-04-27,Pending
916,470,Unpaid,2024-06-16,2024-06-18,Pending
917,471,Casual,2024-11-30,2024-12-08,Rejected
918,471,Sick,2024-07-10,2024-07-14,Rejected
919,471,Casual,2025-03-22,2025-03-23,Pending
920,472,Sick,2025-03-12,2025-03-13,Approved
921,472,Sick,2024-06-19,2024-06-22,Approved
922,472,Paid,2025-04-21,2025-04-27,Pending
923,473,Unpaid,2025-03-27,2025-04-05,Rejected
924,474,Paid,2024-08-20,2024-08-21,Pending
925,474,Sick,2025-01-14,2025-01-24,Rejected
926,474,Unpaid,2024-07-17,2024-07-27,Rejected
927,475,Paid,2024-07-27,2024-08-03,Pending
928,475,Unpaid,2025-04-18,2025-04-26,Rejected
929,475,Sick,2024-07-13,2024-07-19,Pending
930,475,Casual,2024-11-21,2024-11-26,Pending
931,476,Casual,2025-04-08,2025-04-18,Approved
932,478,Sick,2024-10-14,2024-10-15,Rejected
933,480,Paid,2025-01-14,2025-01-19,Approved
934,480,Casual,2024-11-14,2024-11-24,Rejected
935,480,Unpaid,2025-01-19,2025-01-21,Approved
936,481,Sick,2025-03-29,2025-04-03,Pending
937,482,Paid,2024-07-10,2024-07-14,Pending
938,482,Paid,2024-10-20,2024-10-23,Pending
939,482,Sick,2024-07-29,2024-08-04,Pending
940,483,Unpaid,2024-09-05,2024-09-15,Rejected
941,484,Paid,2024-11-07,2024-11-10,Rejected
942,484,Sick,2024-09-15,2024-09-22,Rejected
943,484,Casual,2024-09-09,2024-09-16,Rejected
944,485,Sick,2024-07-28,2024-08-07,Rejected
945,486,Sick,2025-02-18,2025-02-27,Pending
946,486,Sick,2024-10-24,2024-10-28,Pending
947,486,Paid,2024-06-05,2024-06-09,Rejected
948,486,Unpaid,2024-11-06,2024-11-16,Approved
949,487,Unpaid,2024-09-22,2024-09-26,Rejected
950,487,Casual,2024-10-25,2024-11-02,Pending
951,487,Paid,2024-11-03,2024-11-04,Approved
952,488,Unpaid,2025-04-27,2025-05-05,Pending
953,488,Casual,2025-02-12,2025-02-20,Pending
954,489,Unpaid,2024-10-27,2024-11-06,Approved
955,489,Paid,2024-07-27,2024-08-05,Rejected
956,490,Unpaid,2025-01-05,2025-01-10,Rejected
957,490,Paid,2025-01-19,2025-01-28,Pending
958,492,Unpaid,2024-07-21,2024-07-29,Pending
959,492,Casual,2025-02-28,2025-03-06,Rejected
960,493,Sick,2024-08-20,2024-08-25,Rejected
961,493,Unpaid,2024-07-29,2024-08-05,Rejected
962,494,Unpaid,2025-05-05,2025-05-07,Rejected
963,494,Sick,2025-03-19,2025-03-23,Rejected
964,494,Casual,2025-01-12,2025-01-16,Rejected
965,495,Casual,2025-02-06,2025-02-11,Approved
966,495,Paid,2024-07-01,2024-07-07,Rejected
967,496,Sick,2024-09-15,2024-09-21,Rejected
968,496,Casual,2024-10-09,2024-10-16,Pending
969,496,Casual,2024-08-22,2024-08-27,Pending
970,498,Paid,2024-11-24,2024-11-29,Rejected
971,498,Unpaid,2024-10-29,2024-10-31,Approved
972,499,Paid,2024-08-21,2024-08-31,Rejected
973,499,Unpaid,2025-04-25,2025-04-27,Rejected
974,499,Sick,2025-05-13,2025-05-20,Rejected
975,500,Casual,2024-09-26,2024-09-30,Rejected
976,501,Casual,2024-09-03,2024-09-06,Rejected
977,501,Sick,2025-04-27,2025-05-03,Rejected
978,503,Sick,2024-06-15,2024-06-25,Pending
979,503,Casual,2025-04-01,2025-04-11,Rejected
980,504,Casual,2025-02-27,2025-03-06,Pending
981,505,Unpaid,2024-05-31,2024-06-10,Approved
982,505,Sick,2025-04-17,2025-04-27,Rejected
983,506,Sick,2025-04-21,2025-04-26,Approved
984,507,Paid,2024-10-27,2024-11-02,Rejected
985,507,Casual,2025-01-08,2025-01-16,Pending
986,507,Casual,2024-10-17,2024-10-22,Approved
987,508,Casual,2025-03-04,2025-03-10,Rejected
988,508,Paid,2025-05-13,2025-05-22,Approved
989,508,Sick,2025-02-17,2025-02-26,Rejected
990,508,Unpaid,2025-04-06,2025-04-13,Approved
991,509,Casual,2024-08-03,2024-08-10,Approved
992,509,Paid,2024-11-30,2024-12-09,Pending
993,510,Sick,2024-12-29,2025-01-06,Approved
994,511,Sick,2024-10-21,2024-10-24,Pending
995,511,Casual,2024-08-26,2024-08-27,Pending
996,511,Unpaid,2024-08-31,2024-09-06,Approved
997,511,Sick,2024-11-22,2024-11-30,Pending
998,512,Sick,2024-10-22,2024-10-26,Pending
999,512,Casual,2024-06-07,2024-06-11,Pending
1000,513,Casual,2024-06-13,2024-06-21,Approved
1001,513,Unpaid,2025-05-13,2025-05-23,Rejected
1002,513,Casual,2024-08-09,2024-08-17,Rejected
1003,513,Sick,2024-06-18,2024-06-21,Rejected
1004,514,Unpaid,2025-04-04,2025-04-12,Rejected
1005,514,Casual,2025-02-05,2025-02-08,Approved
1006,515,Sick,2024-09-12,2024-09-19,Pending
1007,516,Unpaid,2024-11-03,2024-11-08,Pending
1008,518,Unpaid,2024-07-12,2024-07-14,Rejected
1009,518,Paid,2024-07-09,2024-07-10,Approved
1010,519,Casual,2025-03-27,2025-03-30,Rejected
1011,519,Casual,2025-01-26,2025-01-27,Approved
1012,519,Sick,2025-03-11,2025-03-19,Approved
1013,520,Paid,2024-12-22,2024-12-28,Approved
1014,520,Paid,2024-08-08,2024-08-17,Approved
1015,520,Paid,2025-02-26,2025-03-02,Rejected
1016,520,Casual,2025-05-16,2025-05-17,Approved
1017,521,Paid,2024-10-04,2024-10-09,Pending
1018,522,Unpaid,2024-05-23,2024-05-28,Rejected
1019,524,Paid,2024-12-04,2024-12-13,Pending
1020,524,Casual,2025-04-29,2025-04-30,Pending
1021,524,Unpaid,2024-11-01,2024-11-10,Approved
1022,525,Casual,2024-05-24,2024-05-28,Approved
1023,525,Sick,2024-10-27,2024-11-03,Rejected
1024,525,Unpaid,2025-01-08,2025-01-12,Rejected
1025,525,Paid,2024-08-13,2024-08-14,Pending
1026,526,Sick,2025-02-09,2025-02-15,Pending
1027,530,Unpaid,2025-05-09,2025-05-18,Approved
1028,530,Sick,2025-01-26,2025-01-29,Approved
1029,530,Sick,2024-10-01,2024-10-08,Pending
1030,530,Sick,2025-03-10,2025-03-14,Approved
1031,531,Paid,2025-02-01,2025-02-03,Pending
1032,531,Casual,2025-04-09,2025-04-11,Rejected
1033,531,Paid,2024-08-21,2024-08-25,Approved
1034,532,Unpaid,2024-09-10,2024-09-15,Pending
1035,533,Casual,2025-02-22,2025-03-03,Rejected
1036,535,Casual,2025-01-23,2025-02-01,Pending
1037,535,Casual,2025-02-14,2025-02-16,Approved
1038,535,Sick,2025-04-15,2025-04-18,Rejected
1039,536,Casual,2025-03-18,2025-03-20,Approved
1040,537,Casual,2024-11-27,2024-12-04,Rejected
1041,537,Paid,2025-04-22,2025-04-28,Approved
1042,538,Sick,2025-04-24,2025-04-27,Approved
1043,538,Paid,2024-12-17,2024-12-27,Pending
1044,539,Paid,2024-08-08,2024-08-12,Rejected
1045,542,Paid,2024-08-15,2024-08-24,Rejected
1046,542,Unpaid,2024-06-23,2024-06-29,Rejected
1047,542,Unpaid,2025-01-31,2025-02-02,Approved
1048,545,Sick,2025-02-12,2025-02-19,Pending
1049,545,Unpaid,2025-02-15,2025-02-18,Pending
1050,545,Sick,2024-07-19,2024-07-29,Approved
1051,545,Unpaid,2025-02-10,2025-02-12,Rejected
1052,546,Unpaid,2024-12-12,2024-12-20,Approved
1053,546,Sick,2024-09-29,2024-10-06,Rejected
1054,546,Sick,2025-03-17,2025-03-24,Pending
1055,547,Sick,2024-06-18,2024-06-26,Pending
1056,547,Unpaid,2025-05-14,2025-05-24,Approved
1057,549,Casual,2024-11-14,2024-11-16,Rejected
1058,550,Unpaid,2024-06-02,2024-06-03,Approved
1059,552,Unpaid,2024-12-29,2025-01-04,Pending
1060,552,Casual,2024-06-27,2024-07-05,Approved
1061,552,Casual,2024-08-15,2024-08-24,Rejected
1062,552,Casual,2025-04-18,2025-04-20,Pending
1063,553,Unpaid,2025-04-05,2025-04-08,Rejected
1064,553,Unpaid,2024-05-29,2024-06-07,Approved
1065,553,Sick,2024-08-06,2024-08-09,Rejected
1066,553,Sick,2025-01-02,2025-01-03,Rejected
1067,554,Sick,2025-04-16,2025-04-22,Pending
1068,554,Paid,2024-09-13,2024-09-16,Rejected
1069,555,Sick,2025-03-01,2025-03-03,Rejected
1070,558,Paid,2025-05-01,2025-05-06,Approved
1071,559,Paid,2024-09-10,2024-09-13,Pending
1072,559,Casual,2025-01-28,2025-02-06,Approved
1073,559,Casual,2024-05-28,2024-05-29,Rejected
1074,560,Casual,2024-09-19,2024-09-21,Pending
1075,560,Sick,2024-08-14,2024-08-15,Approved
1076,560,Unpaid,2025-04-13,2025-04-18,Pending
1077,560,Casual,2024-07-05,2024-07-09,Approved
1078,561,Sick,2024-08-11,2024-08-19,Approved
1079,561,Unpaid,2024-06-20,2024-06-23,Approved
1080,562,Casual,2024-10-17,2024-10-26,Approved
1081,562,Casual,2024-06-04,2024-06-09,Approved
1082,562,Unpaid,2024-08-08,2024-08-15,Approved
1083,564,Sick,2024-08-11,2024-08-18,Approved
1084,565,Casual,2025-01-27,2025-02-06,Approved
1085,565,Unpaid,2025-04-30,2025-05-05,Rejected
1086,565,Casual,2025-02-25,2025-02-28,Rejected
1087,566,Casual,2024-09-04,2024-09-09,Approved
1088,566,Casual,2024-06-24,2024-06-30,Pending
1089,566,Casual,2024-10-09,2024-10-17,Approved
1090,568,Casual,2024-11-18,2024-11-23,Pending
1091,568,Unpaid,2025-05-02,2025-05-05,Rejected
1092,568,Unpaid,2024-09-14,2024-09-23,Rejected
1093,569,Unpaid,2024-12-30,2025-01-03,Approved
1094,571,Paid,2024-05-29,2024-05-31,Pending
1095,572,Paid,2024-09-01,2024-09-06,Pending
1096,574,Casual,2025-05-12,2025-05-19,Pending
1097,574,Paid,2025-03-19,2025-03-25,Approved
1098,575,Unpaid,2024-06-14,2024-06-21,Rejected
1099,575,Unpaid,2024-09-24,2024-09-26,Approved
1100,575,Unpaid,2024-12-31,2025-01-01,Rejected
1101,577,Paid,2024-11-17,2024-11-22,Approved
1102,577,Sick,2024-07-04,2024-07-08,Rejected
1103,577,Casual,2024-11-12,2024-11-20,Pending
1104,577,Paid,2024-07-16,2024-07-17,Pending
1105,579,Unpaid,2024-06-19,2024-06-25,Pending
1106,579,Sick,2025-04-07,2025-04-08,Approved
1107,580,Paid,2025-04-01,2025-04-02,Pending
1108,580,Sick,2024-12-12,2024-12-17,Pending
1109,580,Casual,2025-01-23,2025-02-02,Pending
1110,581,Sick,2024-09-23,2024-09-30,Rejected
1111,581,Casual,2024-08-06,2024-08-13,Rejected
1112,581,Unpaid,2025-02-06,2025-02-15,Approved
1113,582,Paid,2024-08-14,2024-08-21,Pending
1114,582,Sick,2025-04-22,2025-04-24,Approved
1115,583,Unpaid,2024-10-24,2024-11-03,Pending
1116,583,Paid,2024-07-02,2024-07-12,Rejected
1117,583,Casual,2024-11-19,2024-11-22,Pending
1118,584,Unpaid,2024-09-03,2024-09-11,Rejected
1119,584,Paid,2024-10-13,2024-10-22,Rejected
1120,584,Sick,2025-04-13,2025-04-18,Rejected
1121,584,Unpaid,2024-10-10,2024-10-17,Pending
1122,585,Unpaid,2025-03-10,2025-03-11,Rejected
1123,586,Casual,2025-01-13,2025-01-14,Approved
1124,587,Casual,2025-03-25,2025-04-01,Approved
1125,587,Unpaid,2025-03-31,2025-04-03,Pending
1126,588,Casual,2025-01-12,2025-01-20,Approved
1127,588,Casual,2024-12-04,2024-12-12,Approved
1128,588,Paid,2024-08-13,2024-08-22,Pending
1129,589,Casual,2024-10-18,2024-10-27,Approved
1130,589,Sick,2024-06-27,2024-07-03,Approved
1131,589,Casual,2024-07-19,2024-07-25,Approved
1132,589,Casual,2024-08-18,2024-08-28,Pending
1133,590,Paid,2025-01-23,2025-01-26,Rejected
1134,590,Paid,2025-01-27,2025-01-29,Approved
1135,591,Unpaid,2024-11-14,2024-11-23,Approved
1136,591,Paid,2025-01-27,2025-01-29,Pending
1137,591,Sick,2024-06-16,2024-06-23,Approved
1138,594,Paid,2024-12-29,2025-01-02,Approved
1139,594,Paid,2025-01-17,2025-01-18,Approved
1140,594,Unpaid,2024-08-28,2024-09-07,Rejected
1141,594,Sick,2024-12-30,2025-01-08,Rejected
1142,596,Sick,2024-08-16,2024-08-20,Pending
1143,596,Casual,2024-11-25,2024-12-04,Approved
1144,596,Casual,2025-02-01,2025-02-10,Approved
1145,597,Unpaid,2025-03-27,2025-03-31,Approved
1146,597,Sick,2025-05-21,2025-05-25,Pending
1147,597,Casual,2024-11-12,2024-11-16,Approved
1148,597,Paid,2025-03-02,2025-03-11,Rejected
1149,598,Unpaid,2024-12-27,2025-01-06,Approved
1150,599,Paid,2024-10-28,2024-11-05,Pending
1151,599,Sick,2025-03-21,2025-03-31,Rejected
1152,599,Paid,2024-09-03,2024-09-06,Pending
1153,600,Sick,2025-02-18,2025-02-23,Rejected
1154,600,Sick,2025-05-11,2025-05-15,Rejected
1155,600,Unpaid,2024-10-09,2024-10-10,Rejected
1156,600,Casual,2025-01-01,2025-01-06,Approved
1157,603,Paid,2024-05-25,2024-05-31,Rejected
1158,604,Casual,2024-07-11,2024-07-12,Pending
1159,604,Unpaid,2025-03-06,2025-03-10,Pending
1160,605,Casual,2024-06-06,2024-06-13,Pending
1161,605,Casual,2024-06-17,2024-06-19,Pending
1162,605,Paid,2025-02-08,2025-02-16,Approved
1163,606,Unpaid,2025-04-07,2025-04-17,Approved
1164,606,Casual,2024-12-30,2025-01-09,Pending
1165,606,Paid,2024-08-22,2024-08-25,Pending
1166,606,Sick,2024-06-22,2024-06-27,Pending
1167,607,Unpaid,2024-10-02,2024-10-03,Pending
1168,609,Unpaid,2024-08-11,2024-08-20,Approved
1169,609,Unpaid,2025-05-01,2025-05-07,Rejected
1170,609,Paid,2025-04-12,2025-04-17,Approved
1171,610,Sick,2024-10-05,2024-10-09,Approved
1172,610,Casual,2025-02-06,2025-02-09,Pending
1173,611,Sick,2024-10-11,2024-10-18,Approved
1174,611,Unpaid,2024-07-02,2024-07-03,Rejected
1175,611,Casual,2025-04-08,2025-04-13,Rejected
1176,611,Unpaid,2024-12-29,2025-01-06,Rejected
1177,612,Paid,2024-08-12,2024-08-18,Approved
1178,612,Unpaid,2024-11-04,2024-11-06,Rejected
1179,615,Casual,2025-03-16,2025-03-18,Pending
1180,616,Casual,2024-07-15,2024-07-17,Rejected
1181,617,Unpaid,2024-08-14,2024-08-21,Approved
1182,617,Unpaid,2024-09-10,2024-09-17,Pending
1183,618,Paid,2024-08-11,2024-08-15,Rejected
1184,618,Unpaid,2024-07-12,2024-07-17,Pending
1185,618,Casual,2024-11-05,2024-11-14,Pending
1186,618,Casual,2024-05-29,2024-06-08,Rejected
1187,619,Casual,2025-02-11,2025-02-13,Approved
1188,619,Sick,2024-08-24,2024-08-26,Approved
1189,619,Unpaid,2024-08-04,2024-08-06,Rejected
1190,621,Paid,2024-11-27,2024-12-06,Pending
1191,622,Paid,2025-01-02,2025-01-12,Pending
1192,622,Casual,2025-04-18,2025-04-21,Approved
1193,622,Unpaid,2025-03-22,2025-03-25,Approved
1194,622,Paid,2024-07-05,2024-07-14,Approved
1195,623,Unpaid,2024-10-04,2024-10-14,Rejected
1196,623,Unpaid,2025-01-22,2025-01-31,Pending
1197,624,Sick,2024-07-05,2024-07-07,Approved
1198,624,Paid,2025-02-03,2025-02-07,Pending
1199,624,Paid,2025-03-01,2025-03-04,Rejected
1200,624,Paid,2024-09-13,2024-09-16,Pending
1201,626,Casual,2024-11-29,2024-11-30,Pending
1202,626,Paid,2024-06-24,2024-07-01,Rejected
1203,626,Sick,2024-07-05,2024-07-06,Approved
1204,627,Unpaid,2024-08-08,2024-08-09,Pending
1205,627,Casual,2025-01-10,2025-01-17,Pending
1206,627,Casual,2025-01-11,2025-01-18,Pending
1207,628,Unpaid,2025-04-05,2025-04-11,Approved
1208,632,Unpaid,2024-10-10,2024-10-15,Approved
1209,633,Sick,2024-05-26,2024-06-04,Rejected
1210,633,Unpaid,2025-03-02,2025-03-11,Approved
1211,633,Sick,2024-12-05,2024-12-07,Rejected
1212,635,Casual,2025-05-19,2025-05-22,Pending
1213,635,Sick,2024-10-03,2024-10-05,Pending
1214,636,Casual,2024-06-05,2024-06-13,Approved
1215,636,Paid,2024-12-28,2025-01-02,Approved
1216,636,Paid,2024-09-15,2024-09-19,Approved
1217,636,Casual,2025-04-20,2025-04-23,Pending
1218,637,Casual,2025-02-03,2025-02-11,Rejected
1219,638,Casual,2024-09-28,2024-10-06,Approved
1220,638,Paid,2024-10-31,2024-11-06,Pending
1221,638,Casual,2024-12-22,2024-12-26,Rejected
1222,638,Sick,2025-05-03,2025-05-11,Approved
1223,639,Casual,2024-12-03,2024-12-09,Rejected
1224,639,Paid,2024-10-10,2024-10-12,Rejected
1225,640,Sick,2024-09-21,2024-09-24,Pending
1226,640,Casual,2024-07-11,2024-07-18,Pending
1227,641,Unpaid,2025-03-01,2025-03-05,Pending
1228,641,Unpaid,2024-11-30,2024-12-04,Rejected
1229,641,Sick,2025-01-26,2025-02-04,Approved
1230,642,Sick,2024-06-01,2024-06-02,Rejected
1231,642,Unpaid,2024-07-14,2024-07-18,Approved
1232,642,Casual,2025-01-10,2025-01-18,Approved
1233,644,Paid,2025-02-04,2025-02-08,Approved
1234,644,Casual,2024-05-28,2024-06-03,Pending
1235,645,Paid,2024-10-28,2024-10-30,Pending
1236,645,Paid,2024-09-17,2024-09-19,Rejected
1237,647,Unpaid,2024-08-30,2024-09-07,Pending
1238,647,Unpaid,2024-06-05,2024-06-11,Approved
1239,647,Casual,2024-11-01,2024-11-04,Pending
1240,647,Casual,2024-05-24,2024-05-30,Pending
1241,650,Paid,2024-08-12,2024-08-20,Pending
1242,650,Casual,2024-10-09,2024-10-19,Pending
1243,650,Paid,2024-11-17,2024-11-22,Pending
1244,650,Unpaid,2025-01-27,2025-01-29,Rejected
1245,652,Unpaid,2025-05-18,2025-05-22,Pending
1246,652,Sick,2024-11-06,2024-11-11,Approved
1247,652,Unpaid,2024-08-04,2024-08-13,Rejected
1248,653,Casual,2024-12-17,2024-12-21,Rejected
1249,653,Sick,2024-11-07,2024-11-16,Rejected
1250,654,Paid,2024-07-20,2024-07-21,Approved
1251,654,Paid,2024-08-10,2024-08-18,Approved
1252,654,Casual,2024-06-24,2024-07-03,Rejected
1253,655,Sick,2024-07-27,2024-08-04,Pending
1254,655,Sick,2024-09-26,2024-09-29,Rejected
1255,655,Unpaid,2024-09-15,2024-09-23,Rejected
1256,655,Paid,2025-02-27,2025-03-02,Rejected
1257,656,Casual,2024-08-13,2024-08-19,Rejected
1258,656,Paid,2024-10-01,2024-10-05,Rejected
1259,656,Unpaid,2024-09-12,2024-09-19,Rejected
1260,657,Sick,2024-12-25,2024-12-27,Pending
1261,658,Paid,2024-08-06,2024-08-11,Pending
1262,659,Casual,2025-03-30,2025-04-04,Approved
1263,659,Casual,2025-03-24,2025-04-01,Approved
1264,659,Sick,2024-08-21,2024-08-24,Rejected
1265,659,Paid,2024-10-13,2024-10-17,Pending
1266,660,Sick,2025-01-24,2025-01-25,Pending
1267,661,Paid,2024-11-09,2024-11-17,Rejected
1268,661,Sick,2025-01-08,2025-01-18,Pending
1269,661,Casual,2025-02-14,2025-02-23,Approved
1270,661,Sick,2024-08-30,2024-09-05,Pending
1271,663,Casual,2024-12-13,2024-12-16,Pending
1272,663,Casual,2025-02-26,2025-03-02,Approved
1273,664,Unpaid,2024-05-28,2024-06-02,Approved
1274,664,Sick,2024-08-26,2024-08-28,Rejected
1275,664,Unpaid,2025-04-28,2025-05-08,Rejected
1276,664,Paid,2024-12-25,2024-12-30,Approved
1277,665,Sick,2024-10-18,2024-10-28,Approved
1278,665,Sick,2024-10-31,2024-11-01,Pending
1279,665,Paid,2025-03-12,2025-03-15,Pending
1280,665,Casual,2024-11-25,2024-11-26,Rejected
1281,666,Sick,2024-06-01,2024-06-02,Approved
1282,666,Sick,2024-08-18,2024-08-26,Approved
1283,666,Unpaid,2024-07-27,2024-08-02,Rejected
1284,666,Sick,2024-10-22,2024-10-29,Rejected
1285,667,Casual,2025-01-04,2025-01-13,Approved
1286,667,Unpaid,2024-08-20,2024-08-30,Pending
1287,668,Casual,2024-10-12,2024-10-17,Pending
1288,668,Sick,2025-04-19,2025-04-28,Approved
1289,668,Casual,2024-06-26,2024-06-28,Pending
1290,668,Unpaid,2025-03-11,2025-03-15,Approved
1291,669,Casual,2024-07-04,2024-07-10,Rejected
1292,669,Unpaid,2025-05-08,2025-05-12,Pending
1293,669,Unpaid,2024-08-20,2024-08-30,Pending
1294,669,Casual,2025-01-17,2025-01-26,Pending
1295,670,Unpaid,2024-12-23,2024-12-31,Approved
1296,671,Casual,2024-09-12,2024-09-17,Rejected
1297,671,Sick,2024-08-13,2024-08-17,Pending
1298,672,Paid,2024-09-09,2024-09-19,Pending
1299,672,Sick,2024-12-17,2024-12-26,Pending
1300,672,Paid,2024-12-09,2024-12-12,Rejected
1301,672,Paid,2024-12-11,2024-12-14,Pending
1302,673,Casual,2025-05-21,2025-05-30,Approved
1303,675,Paid,2024-11-20,2024-11-23,Rejected
1304,675,Unpaid,2024-12-29,2025-01-07,Approved
1305,675,Paid,2024-11-14,2024-11-15,Rejected
1306,675,Casual,2025-02-09,2025-02-10,Rejected
1307,676,Sick,2025-04-17,2025-04-18,Approved
1308,676,Paid,2024-08-06,2024-08-12,Pending
1309,676,Sick,2024-12-19,2024-12-26,Approved
1310,676,Casual,2024-06-03,2024-06-05,Rejected
1311,677,Paid,2025-05-21,2025-05-24,Approved
1312,677,Sick,2025-01-28,2025-02-06,Pending
1313,677,Sick,2025-01-17,2025-01-18,Approved
1314,678,Casual,2024-12-21,2024-12-25,Pending
1315,678,Casual,2025-01-05,2025-01-15,Rejected
1316,678,Casual,2025-04-12,2025-04-14,Pending
1317,678,Sick,2025-03-25,2025-03-31,Pending
1318,679,Sick,2025-03-10,2025-03-19,Approved
1319,679,Sick,2024-11-15,2024-11-21,Rejected
1320,679,Casual,2024-07-02,2024-07-11,Pending
1321,681,Sick,2024-08-06,2024-08-10,Rejected
1322,681,Sick,2025-01-14,2025-01-21,Rejected
1323,681,Sick,2024-07-08,2024-07-11,Approved
1324,681,Unpaid,2024-08-27,2024-09-03,Approved
1325,682,Unpaid,2024-09-24,2024-09-29,Pending
1326,682,Sick,2025-04-20,2025-04-22,Approved
1327,683,Sick,2024-09-09,2024-09-12,Pending
1328,683,Paid,2025-01-29,2025-02-05,Rejected
1329,684,Sick,2024-12-02,2024-12-09,Rejected
1330,684,Unpaid,2025-01-10,2025-01-15,Pending
1331,686,Paid,2024-08-03,2024-08-11,Approved
1332,686,Unpaid,2025-03-14,2025-03-19,Rejected
1333,687,Paid,2025-02-05,2025-02-12,Rejected
1334,687,Sick,2024-07-12,2024-07-17,Rejected
1335,689,Unpaid,2024-08-27,2024-09-06,Approved
1336,689,Sick,2025-02-13,2025-02-14,Rejected
1337,690,Unpaid,2025-05-09,2025-05-14,Pending
1338,690,Unpaid,2024-07-14,2024-07-22,Rejected
1339,690,Unpaid,2024-07-29,2024-08-05,Pending
1340,691,Sick,2024-06-08,2024-06-13,Pending
1341,692,Unpaid,2025-03-26,2025-03-30,Pending
1342,692,Unpaid,2024-12-21,2024-12-25,Rejected
1343,692,Paid,2024-09-20,2024-09-27,Pending
1344,692,Unpaid,2024-07-01,2024-07-02,Pending
1345,693,Sick,2024-09-23,2024-09-29,Pending
1346,693,Sick,2024-06-13,2024-06-15,Pending
1347,693,Sick,2024-06-04,2024-06-14,Pending
1348,695,Sick,2025-05-08,2025-05-09,Pending
1349,695,Sick,2025-03-20,2025-03-28,Rejected
1350,695,Paid,2025-05-19,2025-05-27,Approved
1351,695,Casual,2025-04-25,2025-05-03,Approved
1352,696,Paid,2024-09-18,2024-09-25,Pending
1353,696,Unpaid,2024-06-17,2024-06-23,Pending
1354,696,Sick,2024-06-13,2024-06-22,Rejected
1355,697,Casual,2025-04-18,2025-04-24,Rejected
1356,697,Unpaid,2024-12-16,2024-12-17,Approved
1357,697,Unpaid,2024-06-20,2024-06-27,Rejected
1358,699,Sick,2025-05-22,2025-05-27,Rejected
1359,699,Casual,2025-02-11,2025-02-17,Pending
1360,699,Unpaid,2024-11-13,2024-11-20,Pending
1361,699,Paid,2024-12-04,2024-12-05,Approved
1362,700,Paid,2025-03-28,2025-03-29,Approved
1363,700,Sick,2024-12-14,2024-12-23,Approved
1364,700,Casual,2024-10-26,2024-10-28,Approved
1365,701,Sick,2025-03-17,2025-03-21,Approved
1366,702,Paid,2024-12-18,2024-12-24,Approved
1367,703,Unpaid,2025-02-19,2025-02-24,Rejected
1368,703,Unpaid,2025-02-26,2025-03-07,Rejected
1369,703,Paid,2025-04-03,2025-04-08,Rejected
1370,703,Casual,2025-05-08,2025-05-12,Approved
1371,706,Sick,2024-12-02,2024-12-05,Rejected
1372,706,Paid,2024-07-01,2024-07-09,Rejected
1373,707,Unpaid,2024-09-20,2024-09-28,Pending
1374,707,Unpaid,2025-03-15,2025-03-20,Approved
1375,707,Casual,2025-04-27,2025-05-06,Approved
1376,707,Casual,2024-12-29,2025-01-05,Approved
1377,708,Casual,2025-02-06,2025-02-09,Approved
1378,708,Unpaid,2024-06-11,2024-06-14,Rejected
1379,708,Sick,2024-08-06,2024-08-14,Approved
1380,708,Paid,2024-07-13,2024-07-17,Pending
1381,709,Paid,2024-10-15,2024-10-19,Rejected
1382,710,Sick,2024-08-19,2024-08-26,Rejected
1383,710,Sick,2025-05-13,2025-05-23,Rejected
1384,710,Sick,2025-01-28,2025-02-07,Approved
1385,710,Paid,2024-08-28,2024-09-04,Pending
1386,711,Unpaid,2025-01-11,2025-01-21,Rejected
1387,711,Paid,2024-10-04,2024-10-06,Pending
1388,711,Paid,2025-01-13,2025-01-19,Approved
1389,711,Sick,2024-12-16,2024-12-17,Approved
1390,713,Paid,2024-09-08,2024-09-09,Approved
1391,713,Unpaid,2025-05-01,2025-05-04,Rejected
1392,713,Paid,2024-12-05,2024-12-10,Rejected
1393,714,Sick,2025-03-10,2025-03-18,Rejected
1394,714,Casual,2024-05-23,2024-06-02,Pending
1395,714,Sick,2024-12-22,2024-12-30,Rejected
1396,715,Paid,2024-07-30,2024-08-08,Approved
1397,715,Unpaid,2025-04-14,2025-04-24,Rejected
1398,716,Sick,2024-06-29,2024-07-05,Approved
1399,716,Paid,2025-01-01,2025-01-06,Pending
1400,716,Unpaid,2024-11-25,2024-12-05,Rejected
1401,718,Sick,2024-12-25,2025-01-04,Rejected
1402,719,Sick,2024-12-20,2024-12-26,Rejected
1403,719,Sick,2024-05-31,2024-06-10,Approved
1404,719,Sick,2024-07-19,2024-07-27,Pending
1405,720,Sick,2025-04-30,2025-05-01,Approved
1406,720,Unpaid,2024-05-24,2024-05-25,Pending
1407,722,Casual,2025-03-23,2025-03-28,Pending
1408,722,Unpaid,2025-01-06,2025-01-15,Rejected
1409,722,Casual,2025-01-15,2025-01-25,Rejected
1410,723,Casual,2024-09-25,2024-10-01,Rejected
1411,724,Sick,2024-09-10,2024-09-11,Pending
1412,724,Sick,2024-10-28,2024-11-01,Pending
1413,724,Sick,2024-08-01,2024-08-04,Rejected
1414,725,Sick,2024-07-26,2024-08-01,Pending
1415,726,Paid,2024-06-10,2024-06-12,Rejected
1416,726,Unpaid,2024-09-17,2024-09-21,Pending
1417,726,Sick,2024-06-20,2024-06-26,Approved
1418,727,Sick,2024-09-24,2024-09-29,Approved
1419,727,Paid,2025-01-25,2025-01-31,Rejected
1420,727,Paid,2025-01-23,2025-01-25,Approved
1421,728,Casual,2024-08-25,2024-09-02,Approved
1422,728,Unpaid,2024-05-28,2024-06-04,Pending
1423,728,Sick,2025-03-23,2025-03-29,Approved
1424,728,Sick,2025-05-14,2025-05-17,Approved
1425,729,Unpaid,2024-11-22,2024-11-24,Approved
1426,729,Unpaid,2025-05-05,2025-05-11,Approved
1427,729,Paid,2025-05-13,2025-05-22,Approved
1428,730,Casual,2024-08-23,2024-09-01,Rejected
1429,730,Casual,2024-07-18,2024-07-23,Pending
1430,730,Sick,2024-12-23,2024-12-31,Approved
1431,732,Unpaid,2025-05-07,2025-05-08,Approved
1432,733,Paid,2025-02-08,2025-02-13,Approved
1433,733,Paid,2024-10-09,2024-10-15,Pending
1434,733,Paid,2024-12-01,2024-12-06,Approved
1435,733,Casual,2025-04-14,2025-04-23,Approved
1436,735,Unpaid,2024-05-23,2024-05-28,Approved
1437,735,Paid,2024-12-16,2024-12-23,Approved
1438,735,Unpaid,2024-11-02,2024-11-09,Pending
1439,735,Casual,2024-09-14,2024-09-24,Rejected
1440,736,Unpaid,2024-12-04,2024-12-11,Rejected
1441,736,Sick,2025-02-26,2025-03-01,Pending
1442,736,Sick,2024-10-06,2024-10-13,Rejected
1443,736,Casual,2025-02-10,2025-02-12,Rejected
1444,737,Casual,2024-09-05,2024-09-07,Approved
1445,737,Unpaid,2024-12-07,2024-12-09,Pending
1446,738,Sick,2025-04-30,2025-05-06,Approved
1447,739,Paid,2025-05-22,2025-05-31,Pending
1448,739,Unpaid,2024-06-16,2024-06-24,Pending
1449,739,Paid,2024-08-07,2024-08-09,Approved
1450,741,Casual,2024-06-01,2024-06-11,Rejected
1451,741,Unpaid,2024-09-28,2024-10-07,Pending
1452,743,Paid,2024-12-07,2024-12-13,Pending
1453,743,Paid,2024-10-22,2024-10-25,Rejected
1454,744,Unpaid,2025-05-19,2025-05-29,Pending
1455,744,Paid,2024-12-01,2024-12-02,Approved
1456,746,Unpaid,2024-09-10,2024-09-12,Approved
1457,747,Unpaid,2025-03-27,2025-04-02,Pending
1458,747,Paid,2024-10-29,2024-11-07,Approved
1459,747,Sick,2024-11-26,2024-11-29,Approved
1460,747,Casual,2025-05-12,2025-05-18,Pending
1461,751,Unpaid,2025-03-14,2025-03-19,Rejected
1462,751,Unpaid,2024-07-22,2024-07-29,Approved
1463,751,Paid,2025-02-20,2025-03-01,Pending
1464,751,Paid,2025-03-09,2025-03-17,Rejected
1465,752,Casual,2025-03-20,2025-03-26,Rejected
1466,752,Unpaid,2024-08-29,2024-09-08,Approved
1467,752,Sick,2024-07-22,2024-07-26,Approved
1468,753,Paid,2025-01-03,2025-01-04,Rejected
1469,753,Casual,2024-11-06,2024-11-10,Rejected
1470,753,Casual,2024-12-20,2024-12-30,Pending
1471,753,Sick,2024-09-22,2024-09-29,Approved
1472,754,Casual,2024-07-01,2024-07-07,Approved
1473,754,Sick,2024-09-24,2024-10-04,Approved
1474,755,Casual,2024-07-23,2024-08-02,Approved
1475,755,Casual,2024-09-28,2024-10-01,Pending
1476,756,Unpaid,2025-01-08,2025-01-18,Approved
1477,756,Sick,2024-05-29,2024-06-06,Pending
1478,756,Unpaid,2025-03-27,2025-04-03,Approved
1479,758,Paid,2025-03-27,2025-03-30,Rejected
1480,758,Unpaid,2025-03-27,2025-03-29,Approved
1481,759,Unpaid,2024-12-21,2024-12-29,Approved
1482,759,Paid,2024-08-06,2024-08-07,Rejected
1483,762,Paid,2025-04-04,2025-04-11,Approved
1484,762,Unpaid,2024-11-07,2024-11-15,Pending
1485,762,Unpaid,2024-10-23,2024-11-02,Approved
1486,762,Unpaid,2025-03-15,2025-03-18,Approved
1487,763,Paid,2024-06-25,2024-07-01,Rejected
1488,763,Casual,2025-01-30,2025-02-03,Pending
1489,763,Paid,2024-12-21,2024-12-25,Rejected
1490,763,Unpaid,2025-04-28,2025-05-05,Rejected
1491,764,Unpaid,2024-08-10,2024-08-16,Approved
1492,764,Casual,2025-01-01,2025-01-04,Pending
1493,764,Casual,2024-09-07,2024-09-17,Approved
1494,767,Casual,2024-07-13,2024-07-15,Rejected
1495,768,Paid,2024-12-25,2025-01-02,Pending
1496,768,Unpaid,2025-04-07,2025-04-12,Approved
1497,771,Casual,2024-06-13,2024-06-22,Rejected
1498,771,Sick,2024-06-26,2024-07-05,Rejected
1499,771,Casual,2025-02-07,2025-02-12,Pending
1500,771,Unpaid,2024-08-18,2024-08-21,Rejected
1501,773,Paid,2025-03-27,2025-03-30,Pending
1502,773,Paid,2025-04-10,2025-04-14,Rejected
1503,775,Sick,2024-11-01,2024-11-08,Pending
1504,775,Unpaid,2025-03-28,2025-04-03,Approved
1505,775,Paid,2024-08-15,2024-08-24,Pending
1506,776,Paid,2024-12-26,2024-12-30,Rejected
1507,776,Sick,2024-07-30,2024-08-09,Rejected
1508,776,Casual,2024-05-30,2024-06-01,Pending
1509,778,Unpaid,2024-08-29,2024-09-01,Approved
1510,778,Sick,2024-07-23,2024-07-27,Pending
1511,778,Sick,2024-08-27,2024-08-31,Pending
1512,778,Sick,2025-02-10,2025-02-19,Pending
1513,779,Casual,2024-12-08,2024-12-15,Pending
1514,779,Paid,2025-02-05,2025-02-13,Pending
1515,779,Unpaid,2025-03-18,2025-03-28,Approved
1516,779,Paid,2024-09-16,2024-09-19,Pending
1517,780,Unpaid,2024-06-19,2024-06-29,Rejected
1518,781,Casual,2024-11-21,2024-11-30,Pending
1519,781,Unpaid,2025-01-24,2025-01-27,Pending
1520,781,Casual,2024-07-23,2024-07-24,Approved
1521,782,Sick,2025-01-22,2025-01-26,Rejected
1522,782,Unpaid,2024-08-16,2024-08-24,Rejected
1523,783,Sick,2025-01-13,2025-01-15,Pending
1524,785,Paid,2024-12-28,2025-01-05,Rejected
1525,785,Casual,2025-03-08,2025-03-16,Rejected
1526,785,Paid,2025-02-03,2025-02-07,Approved
1527,785,Casual,2024-08-21,2024-08-27,Rejected
1528,787,Casual,2025-02-23,2025-03-04,Approved
1529,787,Paid,2024-06-30,2024-07-05,Rejected
1530,787,Unpaid,2025-04-26,2025-04-27,Rejected
1531,787,Paid,2024-11-07,2024-11-16,Rejected
1532,788,Casual,2025-03-17,2025-03-25,Approved
1533,788,Unpaid,2024-11-02,2024-11-03,Rejected
1534,788,Casual,2025-02-14,2025-02-17,Rejected
1535,789,Casual,2025-04-12,2025-04-14,Approved
1536,789,Casual,2024-07-01,2024-07-05,Approved
1537,789,Unpaid,2025-02-14,2025-02-24,Rejected
1538,789,Sick,2024-12-12,2024-12-21,Pending
1539,790,Unpaid,2024-09-18,2024-09-20,Approved
1540,791,Unpaid,2025-03-19,2025-03-21,Pending
1541,791,Paid,2024-05-27,2024-05-30,Rejected
1542,791,Casual,2024-07-28,2024-08-03,Pending
1543,792,Paid,2025-04-02,2025-04-03,Pending
1544,793,Unpaid,2024-09-16,2024-09-26,Approved
1545,793,Sick,2025-03-24,2025-04-01,Approved
1546,793,Casual,2024-11-24,2024-11-28,Pending
1547,793,Unpaid,2024-11-13,2024-11-20,Approved
1548,794,Paid,2025-04-19,2025-04-23,Pending
1549,794,Unpaid,2024-12-24,2024-12-27,Rejected
1550,794,Sick,2025-01-10,2025-01-17,Approved
1551,795,Sick,2024-07-24,2024-08-03,Pending
1552,795,Unpaid,2025-01-03,2025-01-12,Rejected
1553,795,Unpaid,2024-06-02,2024-06-07,Pending
1554,796,Paid,2024-12-29,2025-01-07,Rejected
1555,798,Sick,2024-12-03,2024-12-11,Rejected
1556,798,Sick,2025-04-13,2025-04-20,Rejected
1557,799,Unpaid,2024-06-01,2024-06-02,Rejected
1558,799,Unpaid,2024-09-17,2024-09-25,Rejected
1559,799,Casual,2024-11-22,2024-11-25,Rejected
1560,799,Paid,2024-09-14,2024-09-19,Approved
1561,800,Casual,2025-03-04,2025-03-06,Pending
1562,802,Paid,2024-06-10,2024-06-13,Approved
1563,802,Unpaid,2024-11-10,2024-11-19,Approved
1564,802,Casual,2024-09-27,2024-09-28,Pending
1565,802,Sick,2025-04-01,2025-04-02,Rejected
1566,804,Casual,2024-07-19,2024-07-28,Approved
1567,804,Unpaid,2024-06-20,2024-06-21,Rejected
1568,804,Sick,2025-04-19,2025-04-22,Rejected
1569,806,Unpaid,2025-03-21,2025-03-30,Pending
1570,806,Paid,2025-05-12,2025-05-21,Approved
1571,806,Unpaid,2024-06-08,2024-06-11,Rejected
1572,806,Paid,2025-01-18,2025-01-24,Pending
1573,807,Paid,2025-03-19,2025-03-21,Approved
1574,807,Sick,2024-12-18,2024-12-24,Rejected
1575,807,Unpaid,2024-10-29,2024-10-31,Approved
1576,808,Sick,2024-07-17,2024-07-23,Approved
1577,808,Unpaid,2025-04-20,2025-04-25,Rejected
1578,808,Casual,2025-03-10,2025-03-14,Pending
1579,809,Unpaid,2025-04-14,2025-04-18,Approved
1580,809,Paid,2025-04-23,2025-04-28,Pending
1581,810,Unpaid,2024-07-06,2024-07-08,Pending
1582,810,Unpaid,2024-06-18,2024-06-28,Approved
1583,811,Casual,2024-06-06,2024-06-12,Approved
1584,811,Casual,2024-07-26,2024-07-31,Approved
1585,811,Sick,2024-07-22,2024-07-30,Rejected
1586,811,Sick,2024-11-10,2024-11-14,Approved
1587,812,Sick,2025-01-31,2025-02-03,Pending
1588,812,Sick,2024-08-01,2024-08-07,Rejected
1589,812,Paid,2025-02-23,2025-03-01,Rejected
1590,812,Sick,2024-08-29,2024-09-07,Pending
1591,813,Paid,2025-05-01,2025-05-07,Approved
1592,813,Paid,2024-06-14,2024-06-20,Approved
1593,814,Unpaid,2024-07-09,2024-07-12,Approved
1594,814,Sick,2025-04-20,2025-04-23,Pending
1595,814,Sick,2025-03-27,2025-04-05,Pending
1596,815,Sick,2025-03-26,2025-04-02,Approved
1597,815,Unpaid,2025-02-12,2025-02-14,Pending
1598,816,Paid,2024-07-24,2024-07-30,Pending
1599,816,Sick,2025-05-22,2025-05-27,Pending
1600,816,Paid,2025-03-04,2025-03-06,Pending
1601,817,Unpaid,2024-07-06,2024-07-07,Approved
1602,817,Casual,2025-02-20,2025-02-25,Rejected
1603,817,Paid,2025-02-15,2025-02-17,Pending
1604,817,Sick,2024-10-23,2024-10-27,Approved
1605,818,Casual,2025-03-20,2025-03-28,Approved
1606,819,Paid,2025-03-15,2025-03-22,Approved
1607,819,Sick,2024-09-22,2024-09-25,Rejected
1608,819,Paid,2024-11-06,2024-11-15,Rejected
1609,819,Paid,2025-01-20,2025-01-24,Pending
1610,820,Unpaid,2025-02-03,2025-02-11,Approved
1611,820,Paid,2025-05-23,2025-05-31,Approved
1612,820,Casual,2024-09-06,2024-09-13,Pending
1613,820,Paid,2024-09-03,2024-09-07,Approved
1614,821,Casual,2024-06-18,2024-06-24,Rejected
1615,821,Paid,2025-02-02,2025-02-05,Approved
1616,825,Casual,2024-05-31,2024-06-08,Approved
1617,825,Sick,2024-12-06,2024-12-16,Rejected
1618,827,Casual,2024-07-12,2024-07-13,Pending
1619,827,Sick,2025-03-18,2025-03-22,Rejected
1620,827,Sick,2024-09-01,2024-09-11,Approved
1621,827,Casual,2024-06-15,2024-06-18,Pending
1622,828,Unpaid,2024-09-02,2024-09-05,Rejected
1623,829,Sick,2025-01-08,2025-01-11,Rejected
1624,829,Unpaid,2025-03-04,2025-03-14,Approved
1625,830,Unpaid,2024-10-22,2024-10-28,Approved
1626,831,Casual,2024-12-21,2024-12-25,Pending
1627,831,Unpaid,2025-03-07,2025-03-11,Pending
1628,831,Casual,2024-07-17,2024-07-22,Approved
1629,831,Paid,2025-02-03,2025-02-12,Rejected
1630,832,Paid,2024-07-02,2024-07-09,Approved
1631,832,Paid,2024-07-27,2024-07-31,Pending
1632,835,Casual,2024-12-12,2024-12-18,Pending
1633,835,Paid,2025-01-10,2025-01-14,Pending
1634,835,Unpaid,2025-01-11,2025-01-21,Pending
1635,836,Casual,2024-09-13,2024-09-14,Approved
1636,836,Paid,2024-05-28,2024-05-31,Approved
1637,836,Sick,2025-05-20,2025-05-26,Rejected
1638,836,Unpaid,2025-04-01,2025-04-09,Pending
1639,837,Sick,2024-10-14,2024-10-21,Pending
1640,837,Sick,2025-04-28,2025-05-02,Pending
1641,838,Unpaid,2024-12-01,2024-12-08,Rejected
1642,838,Unpaid,2024-07-31,2024-08-09,Pending
1643,838,Sick,2025-03-22,2025-03-30,Rejected
1644,839,Sick,2024-05-29,2024-05-30,Rejected
1645,839,Paid,2025-01-09,2025-01-11,Approved
1646,840,Unpaid,2025-04-26,2025-04-28,Pending
1647,840,Casual,2025-01-19,2025-01-29,Rejected
1648,840,Casual,2024-08-23,2024-08-27,Pending
1649,841,Sick,2024-09-08,2024-09-10,Pending
1650,841,Paid,2024-11-14,2024-11-18,Rejected
1651,844,Casual,2024-08-25,2024-09-02,Pending
1652,845,Paid,2024-08-23,2024-09-02,Rejected
1653,846,Paid,2025-05-07,2025-05-11,Pending
1654,846,Paid,2025-02-11,2025-02-16,Approved
1655,849,Sick,2024-06-12,2024-06-17,Approved
1656,849,Casual,2024-07-19,2024-07-26,Approved
1657,849,Sick,2024-12-07,2024-12-14,Approved
1658,849,Sick,2025-03-31,2025-04-06,Rejected
1659,850,Casual,2025-01-28,2025-01-30,Approved
1660,851,Unpaid,2025-03-30,2025-04-05,Rejected
1661,851,Sick,2025-02-14,2025-02-19,Pending
1662,851,Sick,2024-11-16,2024-11-26,Approved
1663,851,Sick,2024-10-13,2024-10-17,Pending
1664,852,Sick,2024-08-11,2024-08-13,Rejected
1665,853,Casual,2024-08-26,2024-08-27,Approved
1666,854,Casual,2025-02-27,2025-03-03,Pending
1667,854,Sick,2024-12-10,2024-12-20,Approved
1668,858,Paid,2025-05-07,2025-05-17,Rejected
1669,859,Casual,2025-01-26,2025-02-05,Approved
1670,861,Sick,2024-07-22,2024-07-27,Approved
1671,861,Casual,2025-03-24,2025-03-28,Approved
1672,862,Sick,2024-08-14,2024-08-21,Rejected
1673,862,Paid,2024-11-26,2024-12-03,Rejected
1674,863,Paid,2024-10-15,2024-10-25,Approved
1675,863,Sick,2024-08-20,2024-08-24,Pending
1676,864,Unpaid,2024-09-14,2024-09-23,Approved
1677,864,Paid,2024-05-31,2024-06-10,Approved
1678,864,Paid,2024-06-08,2024-06-17,Pending
1679,864,Sick,2025-04-30,2025-05-04,Approved
1680,865,Casual,2024-06-21,2024-06-23,Pending
1681,865,Paid,2024-11-13,2024-11-14,Rejected
1682,865,Sick,2024-08-31,2024-09-09,Approved
1683,865,Unpaid,2024-08-23,2024-09-01,Approved
1684,866,Unpaid,2024-06-02,2024-06-03,Rejected
1685,866,Sick,2024-09-17,2024-09-26,Rejected
1686,866,Unpaid,2024-08-12,2024-08-22,Rejected
1687,866,Paid,2024-08-16,2024-08-21,Rejected
1688,868,Unpaid,2024-11-05,2024-11-09,Approved
1689,869,Unpaid,2024-10-30,2024-11-04,Approved
1690,869,Sick,2025-01-24,2025-02-03,Rejected
1691,869,Casual,2025-04-13,2025-04-23,Pending
1692,870,Unpaid,2025-01-09,2025-01-12,Pending
1693,870,Paid,2024-11-10,2024-11-12,Pending
1694,871,Casual,2024-06-05,2024-06-14,Rejected
1695,871,Paid,2025-02-02,2025-02-12,Pending
1696,873,Casual,2024-08-07,2024-08-10,Approved
1697,873,Sick,2025-01-04,2025-01-07,Pending
1698,873,Casual,2025-02-14,2025-02-22,Approved
1699,874,Unpaid,2025-05-07,2025-05-12,Rejected
1700,874,Unpaid,2024-12-28,2025-01-07,Rejected
1701,874,Sick,2025-03-05,2025-03-09,Pending
1702,874,Unpaid,2024-07-11,2024-07-12,Rejected
1703,875,Unpaid,2024-11-24,2024-11-29,Pending
1704,875,Unpaid,2024-11-21,2024-11-30,Rejected
1705,875,Sick,2025-02-03,2025-02-07,Pending
1706,875,Casual,2024-06-21,2024-06-30,Rejected
1707,876,Casual,2024-09-01,2024-09-11,Rejected
1708,876,Casual,2024-10-28,2024-11-02,Pending
1709,876,Casual,2025-04-11,2025-04-19,Rejected
1710,877,Unpaid,2024-07-10,2024-07-15,Pending
1711,877,Sick,2024-10-10,2024-10-19,Approved
1712,877,Casual,2024-06-20,2024-06-26,Rejected
1713,877,Casual,2025-02-05,2025-02-07,Pending
1714,878,Paid,2025-01-31,2025-02-08,Rejected
1715,878,Sick,2025-03-12,2025-03-20,Rejected
1716,879,Paid,2025-05-19,2025-05-26,Rejected
1717,879,Casual,2024-10-22,2024-10-28,Approved
1718,880,Paid,2024-09-30,2024-10-09,Pending
1719,880,Paid,2025-02-20,2025-02-26,Pending
1720,880,Casual,2025-01-27,2025-01-29,Approved
1721,882,Unpaid,2024-07-20,2024-07-21,Approved
1722,883,Paid,2024-08-15,2024-08-23,Pending
1723,883,Sick,2025-02-11,2025-02-19,Rejected
1724,883,Unpaid,2025-04-09,2025-04-14,Approved
1725,884,Casual,2024-05-29,2024-05-31,Rejected
1726,884,Paid,2025-03-30,2025-04-02,Pending
1727,885,Paid,2025-03-11,2025-03-18,Pending
1728,886,Paid,2025-05-09,2025-05-16,Rejected
1729,886,Unpaid,2025-04-27,2025-05-07,Rejected
1730,886,Paid,2024-10-10,2024-10-11,Approved
1731,886,Sick,2024-06-22,2024-07-01,Pending
1732,887,Unpaid,2025-03-05,2025-03-13,Approved
1733,889,Unpaid,2024-07-29,2024-08-04,Pending
1734,889,Paid,2025-04-27,2025-05-02,Pending
1735,890,Unpaid,2024-05-31,2024-06-06,Pending
1736,892,Sick,2025-03-16,2025-03-18,Approved
1737,892,Casual,2024-12-21,2024-12-28,Approved
1738,892,Paid,2024-12-26,2024-12-29,Rejected
1739,892,Sick,2024-11-26,2024-11-28,Approved
1740,893,Unpaid,2025-02-10,2025-02-16,Pending
1741,893,Sick,2025-02-09,2025-02-19,Rejected
1742,893,Unpaid,2024-06-29,2024-06-30,Rejected
1743,894,Paid,2025-01-03,2025-01-08,Pending
1744,896,Paid,2025-04-01,2025-04-04,Pending
1745,896,Casual,2024-06-23,2024-06-29,Pending
1746,896,Casual,2025-04-08,2025-04-16,Approved
1747,897,Unpaid,2024-12-30,2025-01-02,Approved
1748,898,Unpaid,2025-04-24,2025-04-26,Rejected
1749,898,Unpaid,2024-06-09,2024-06-15,Pending
1750,898,Unpaid,2024-10-26,2024-11-02,Approved
1751,899,Sick,2024-08-21,2024-08-26,Pending
1752,900,Paid,2024-11-17,2024-11-21,Pending
1753,900,Paid,2025-01-07,2025-01-11,Rejected
1754,900,Paid,2025-02-22,2025-02-24,Approved
1755,901,Casual,2024-07-19,2024-07-25,Pending
1756,901,Paid,2024-07-26,2024-08-02,Pending
1757,901,Paid,2024-12-28,2024-12-29,Rejected
1758,901,Unpaid,2025-02-27,2025-03-03,Pending
1759,902,Paid,2024-08-31,2024-09-08,Approved
1760,902,Paid,2025-03-15,2025-03-20,Pending
1761,902,Casual,2025-05-18,2025-05-28,Approved
1762,902,Sick,2024-09-04,2024-09-05,Rejected
1763,903,Sick,2025-05-05,2025-05-09,Approved
1764,904,Casual,2024-11-05,2024-11-13,Approved
1765,905,Paid,2025-05-22,2025-05-31,Approved
1766,905,Sick,2024-05-28,2024-05-31,Pending
1767,905,Sick,2024-12-05,2024-12-11,Pending
1768,905,Casual,2024-09-27,2024-09-29,Approved
1769,906,Sick,2025-04-07,2025-04-11,Approved
1770,906,Paid,2024-08-25,2024-09-01,Pending
1771,906,Paid,2024-07-08,2024-07-15,Approved
1772,906,Unpaid,2024-12-27,2025-01-02,Rejected
1773,907,Unpaid,2024-06-02,2024-06-06,Approved
1774,907,Paid,2024-06-20,2024-06-23,Approved
1775,910,Unpaid,2024-07-07,2024-07-16,Rejected
1776,912,Casual,2024-11-07,2024-11-14,Rejected
1777,912,Casual,2024-09-24,2024-09-27,Approved
1778,913,Paid,2025-05-09,2025-05-15,Pending
1779,914,Paid,2024-11-11,2024-11-17,Approved
1780,914,Sick,2025-04-22,2025-04-30,Rejected
1781,915,Casual,2025-03-11,2025-03-21,Rejected
1782,916,Casual,2025-05-08,2025-05-15,Approved
1783,917,Casual,2025-04-09,2025-04-15,Pending
1784,917,Sick,2025-03-01,2025-03-08,Pending
1785,917,Unpaid,2024-07-29,2024-08-06,Pending
1786,919,Unpaid,2024-05-28,2024-05-31,Pending
1787,919,Casual,2025-02-25,2025-03-06,Pending
1788,919,Paid,2025-05-19,2025-05-25,Rejected
1789,919,Sick,2025-04-14,2025-04-24,Rejected
1790,920,Unpaid,2024-08-08,2024-08-12,Pending
1791,921,Sick,2024-11-20,2024-11-26,Rejected
1792,921,Casual,2024-10-06,2024-10-10,Rejected
1793,921,Sick,2024-08-28,2024-09-04,Approved
1794,921,Unpaid,2024-05-27,2024-05-31,Approved
1795,922,Casual,2024-07-12,2024-07-13,Rejected
1796,922,Sick,2024-05-24,2024-05-27,Pending
1797,922,Paid,2024-07-13,2024-07-18,Pending
1798,924,Paid,2024-12-13,2024-12-16,Approved
1799,924,Unpaid,2024-06-30,2024-07-10,Rejected
1800,925,Sick,2025-03-23,2025-03-29,Approved
1801,925,Casual,2024-07-04,2024-07-08,Approved
1802,925,Paid,2025-05-02,2025-05-09,Rejected
1803,927,Sick,2024-10-23,2024-10-25,Pending
1804,927,Paid,2025-05-10,2025-05-16,Rejected
1805,928,Sick,2025-02-27,2025-03-04,Approved
1806,929,Casual,2025-04-17,2025-04-20,Approved
1807,929,Unpaid,2024-07-30,2024-08-01,Rejected
1808,930,Paid,2024-09-12,2024-09-17,Pending
1809,930,Paid,2025-02-28,2025-03-01,Rejected
1810,930,Paid,2025-05-08,2025-05-13,Approved
1811,931,Casual,2024-08-27,2024-09-06,Approved
1812,931,Sick,2024-08-03,2024-08-13,Rejected
1813,931,Casual,2025-03-31,2025-04-09,Pending
1814,931,Paid,2024-11-01,2024-11-08,Rejected
1815,932,Paid,2025-02-21,2025-03-02,Rejected
1816,932,Paid,2024-05-30,2024-06-05,Pending
1817,932,Casual,2025-01-19,2025-01-24,Approved
1818,933,Paid,2024-11-11,2024-11-20,Approved
1819,934,Casual,2024-06-30,2024-07-05,Approved
1820,934,Paid,2024-08-12,2024-08-16,Rejected
1821,935,Unpaid,2024-12-08,2024-12-17,Pending
1822,935,Casual,2025-05-13,2025-05-21,Rejected
1823,937,Sick,2024-10-13,2024-10-20,Rejected
1824,938,Paid,2024-09-06,2024-09-16,Rejected
1825,938,Sick,2025-01-16,2025-01-17,Pending
1826,940,Casual,2024-08-16,2024-08-24,Rejected
1827,940,Sick,2025-03-11,2025-03-15,Rejected
1828,940,Unpaid,2024-07-14,2024-07-21,Rejected
1829,941,Sick,2024-07-12,2024-07-22,Rejected
1830,942,Paid,2025-05-03,2025-05-11,Approved
1831,942,Unpaid,2024-11-13,2024-11-19,Pending
1832,942,Casual,2025-01-29,2025-02-07,Approved
1833,942,Unpaid,2024-12-08,2024-12-09,Approved
1834,943,Unpaid,2024-12-15,2024-12-17,Pending
1835,944,Unpaid,2024-11-28,2024-12-03,Approved
1836,944,Casual,2024-11-06,2024-11-15,Approved
1837,944,Sick,2025-01-06,2025-01-13,Rejected
1838,944,Casual,2025-05-05,2025-05-14,Approved
1839,945,Paid,2024-10-09,2024-10-16,Rejected
1840,945,Sick,2025-05-13,2025-05-20,Rejected
1841,945,Paid,2024-08-08,2024-08-09,Rejected
1842,946,Unpaid,2025-02-27,2025-03-02,Pending
1843,946,Unpaid,2024-06-17,2024-06-20,Rejected
1844,946,Paid,2024-09-04,2024-09-12,Rejected
1845,947,Paid,2024-09-14,2024-09-22,Approved
1846,947,Unpaid,2024-11-29,2024-12-02,Rejected
1847,947,Sick,2024-09-07,2024-09-14,Rejected
1848,947,Casual,2024-08-26,2024-08-29,Pending
1849,948,Sick,2024-09-03,2024-09-06,Pending
1850,948,Sick,2024-11-14,2024-11-20,Pending
1851,948,Casual,2025-05-11,2025-05-17,Approved
1852,949,Casual,2025-03-20,2025-03-29,Rejected
1853,949,Unpaid,2024-09-02,2024-09-11,Rejected
1854,950,Sick,2024-06-01,2024-06-07,Pending
1855,950,Sick,2024-06-29,2024-07-08,Approved
1856,950,Sick,2025-02-23,2025-03-02,Pending
1857,951,Casual,2024-12-08,2024-12-11,Approved
1858,953,Sick,2024-06-22,2024-06-29,Pending
1859,953,Paid,2025-02-12,2025-02-22,Approved
1860,953,Sick,2025-03-19,2025-03-25,Approved
1861,953,Unpaid,2025-04-23,2025-04-24,Pending
1862,954,Unpaid,2025-02-05,2025-02-15,Rejected
1863,954,Paid,2024-12-03,2024-12-06,Approved
1864,954,Paid,2024-11-13,2024-11-15,Approved
1865,955,Casual,2024-08-12,2024-08-17,Pending
1866,955,Unpaid,2025-02-06,2025-02-07,Approved
1867,955,Sick,2025-03-27,2025-04-02,Rejected
1868,956,Casual,2025-04-10,2025-04-17,Rejected
1869,956,Casual,2024-08-02,2024-08-12,Rejected
1870,956,Sick,2024-12-31,2025-01-10,Approved
1871,957,Casual,2025-02-14,2025-02-20,Approved
1872,958,Paid,2024-05-26,2024-05-28,Rejected
1873,958,Casual,2024-08-21,2024-08-26,Pending
1874,959,Casual,2024-10-28,2024-11-02,Approved
1875,962,Paid,2024-09-15,2024-09-24,Approved
1876,962,Casual,2024-11-04,2024-11-08,Pending
1877,963,Sick,2024-06-18,2024-06-21,Rejected
1878,963,Sick,2024-12-02,2024-12-11,Approved
1879,964,Paid,2024-07-26,2024-08-03,Approved
1880,965,Paid,2025-02-07,2025-02-11,Rejected
1881,966,Unpaid,2025-04-11,2025-04-15,Approved
1882,966,Sick,2024-12-10,2024-12-12,Approved
1883,966,Sick,2025-02-19,2025-02-20,Pending
1884,966,Casual,2024-07-30,2024-08-03,Rejected
1885,967,Sick,2025-02-12,2025-02-14,Approved
1886,967,Unpaid,2024-07-20,2024-07-27,Approved
1887,967,Unpaid,2024-10-07,2024-10-12,Approved
1888,967,Unpaid,2024-11-25,2024-12-05,Rejected
1889,968,Sick,2025-03-16,2025-03-18,Approved
1890,968,Paid,2025-03-10,2025-03-13,Approved
1891,968,Sick,2025-02-19,2025-02-21,Rejected
1892,968,Casual,2024-07-06,2024-07-15,Approved
1893,969,Unpaid,2024-09-29,2024-10-08,Rejected
1894,969,Unpaid,2024-12-29,2024-12-30,Approved
1895,969,Sick,2024-08-08,2024-08-11,Pending
1896,969,Casual,2024-07-09,2024-07-10,Rejected
1897,970,Sick,2025-02-26,2025-03-02,Rejected
1898,970,Sick,2024-06-26,2024-07-05,Rejected
1899,970,Casual,2024-07-20,2024-07-26,Approved
1900,971,Sick,2024-08-01,2024-08-10,Pending
1901,971,Unpaid,2024-08-06,2024-08-15,Rejected
1902,971,Casual,2025-02-19,2025-02-25,Approved
1903,972,Paid,2025-02-04,2025-02-11,Pending
1904,972,Paid,2024-07-13,2024-07-20,Pending
1905,972,Unpaid,2025-01-08,2025-01-09,Approved
1906,973,Casual,2025-05-18,2025-05-21,Rejected
1907,974,Paid,2024-09-09,2024-09-16,Pending
1908,974,Sick,2024-10-05,2024-10-14,Rejected
1909,974,Paid,2024-06-14,2024-06-19,Approved
1910,975,Casual,2024-09-12,2024-09-21,Approved
1911,975,Unpaid,2025-03-17,2025-03-27,Rejected
1912,975,Sick,2025-02-07,2025-02-14,Rejected
1913,976,Sick,2024-06-21,2024-06-22,Rejected
1914,977,Casual,2024-10-11,2024-10-17,Rejected
1915,977,Paid,2025-05-21,2025-05-29,Pending
1916,977,Casual,2024-07-24,2024-07-28,Pending
1917,978,Sick,2025-01-23,2025-01-29,Rejected
1918,979,Unpaid,2024-08-05,2024-08-07,Rejected
1919,979,Paid,2025-01-17,2025-01-20,Pending
1920,979,Paid,2025-02-12,2025-02-22,Pending
1921,980,Paid,2024-06-27,2024-06-29,Rejected
1922,980,Casual,2024-10-26,2024-10-27,Rejected
1923,980,Sick,2024-11-02,2024-11-04,Rejected
1924,980,Unpaid,2025-01-31,2025-02-10,Pending
1925,981,Paid,2025-03-09,2025-03-19,Rejected
1926,981,Sick,2025-03-15,2025-03-22,Rejected
1927,981,Casual,2024-12-09,2024-12-13,Pending
1928,982,Sick,2024-06-27,2024-06-29,Rejected
1929,982,Paid,2024-10-19,2024-10-24,Pending
1930,982,Casual,2025-05-13,2025-05-17,Pending
1931,983,Casual,2025-01-28,2025-02-01,Rejected
1932,984,Paid,2025-03-13,2025-03-19,Rejected
1933,984,Paid,2025-03-03,2025-03-07,Pending
1934,985,Unpaid,2025-03-22,2025-03-30,Rejected
1935,985,Paid,2025-01-19,2025-01-24,Pending
1936,985,Casual,2024-11-07,2024-11-17,Approved
1937,986,Paid,2024-12-31,2025-01-06,Approved
1938,987,Unpaid,2025-04-29,2025-05-02,Pending
1939,987,Unpaid,2024-07-17,2024-07-26,Approved
1940,987,Paid,2025-05-14,2025-05-24,Approved
1941,988,Unpaid,2024-07-19,2024-07-22,Approved
1942,989,Casual,2024-08-24,2024-08-26,Pending
1943,989,Unpaid,2024-10-22,2024-10-31,Rejected
1944,989,Unpaid,2024-05-31,2024-06-01,Pending
1945,989,Casual,2025-02-28,2025-03-06,Approved
1946,990,Unpaid,2024-10-27,2024-10-31,Approved
1947,991,Paid,2025-01-20,2025-01-27,Rejected
1948,992,Unpaid,2024-09-17,2024-09-21,Pending
1949,992,Casual,2024-11-06,2024-11-08,Pending
1950,993,Paid,2025-01-01,2025-01-11,Pending
1951,993,Sick,2024-06-30,2024-07-07,Rejected
1952,994,Unpaid,2024-09-26,2024-09-29,Approved
1953,994,Unpaid,2024-06-26,2024-06-27,Pending
1954,995,Paid,2024-12-19,2024-12-25,Rejected
1955,995,Casual,2025-03-15,2025-03-20,Rejected
1956,995,Unpaid,2024-07-29,2024-08-07,Rejected
1957,995,Paid,2025-04-14,2025-04-18,Rejected
1958,996,Unpaid,2024-10-08,2024-10-14,Rejected
1959,996,Casual,2024-07-21,2024-07-26,Pending
1960,996,Casual,2025-03-30,2025-04-04,Approved
1961,997,Paid,2024-10-16,2024-10-23,Rejected
1962,997,Paid,2024-12-19,2024-12-25,Pending
1963,997,Unpaid,2024-09-14,2024-09-16,Rejected
1964,998,Casual,2025-04-08,2025-04-17,Rejected
1965,998,Paid,2025-04-29,2025-05-05,Approved
1966,998,Paid,2024-11-25,2024-11-28,Rejected
1967,998,Casual,2024-05-31,2024-06-09,Rejected
1968,999,Sick,2025-05-19,2025-05-26,Pending
1969,999,Paid,2025-02-03,2025-02-05,Pending
1970,999,Unpaid,2024-12-18,2024-12-24,Rejected
1971,1000,Unpaid,2025-03-16,2025-03-25,Rejected
