training_id,empID,training_name,start_date,end_date,status
1,2,Data Analysis,2024-01-14,2024-02-10,Completed
2,2,Communication Skills,2023-06-05,2023-07-03,Not Started
3,4,Data Analysis,2023-08-13,2023-08-25,Not Started
4,4,Python Basics,2023-10-24,2023-11-06,Not Started
5,5,Project Management,2024-08-13,2024-08-21,Not Started
6,5,Project Management,2024-08-04,2024-08-17,Not Started
7,8,Leadership,2024-05-23,2024-06-22,Not Started
8,9,Python Basics,2024-01-10,2024-01-20,Ongoing
9,9,Data Analysis,2023-10-28,2023-11-19,Completed
10,10,Python Basics,2025-04-07,2025-04-12,Completed
11,11,Project Management,2023-11-24,2023-11-29,Completed
12,12,Python Basics,2023-06-28,2023-07-26,Completed
13,12,Data Analysis,2025-05-21,2025-05-27,Completed
14,13,Leadership,2023-06-18,2023-07-18,Completed
15,13,Leadership,2024-01-19,2024-02-11,Not Started
16,15,Project Management,2025-01-29,2025-02-21,Completed
17,16,Python Basics,2023-12-20,2024-01-04,Ongoing
18,18,Data Analysis,2023-07-15,2023-07-26,Ongoing
19,18,Data Analysis,2024-09-14,2024-09-30,Ongoing
20,23,Python Basics,2024-11-15,2024-11-26,Completed
21,25,Project Management,2024-07-30,2024-08-19,Ongoing
22,25,Python Basics,2023-06-09,2023-06-27,Completed
23,26,Leadership,2023-06-06,2023-06-29,Not Started
24,26,Communication Skills,2023-07-31,2023-08-17,Not Started
25,30,Data Analysis,2025-02-11,2025-03-02,Not Started
26,32,Project Management,2023-09-18,2023-10-04,Not Started
27,32,Data Analysis,2024-03-11,2024-03-29,Completed
28,33,Project Management,2024-03-13,2024-04-02,Not Started
29,33,Data Analysis,2023-10-17,2023-11-02,Completed
30,34,Project Management,2023-12-22,2024-01-14,Not Started
31,35,Communication Skills,2025-04-18,2025-04-25,Not Started
32,36,Data Analysis,2024-11-25,2024-12-04,Ongoing
33,36,Project Management,2024-09-13,2024-10-02,Not Started
34,37,Data Analysis,2024-11-29,2024-12-22,Ongoing
35,38,Communication Skills,2023-12-07,2023-12-13,Not Started
36,38,Project Management,2025-05-09,2025-06-07,Ongoing
37,39,Communication Skills,2025-03-20,2025-03-27,Completed
38,39,Data Analysis,2024-12-22,2025-01-01,Completed
39,40,Project Management,2023-09-18,2023-10-11,Ongoing
40,40,Communication Skills,2024-04-16,2024-05-02,Not Started
41,41,Python Basics,2023-06-04,2023-06-10,Completed
42,42,Data Analysis,2024-09-06,2024-10-06,Not Started
43,43,Leadership,2024-08-31,2024-09-27,Completed
44,44,Project Management,2023-07-06,2023-07-22,Completed
45,45,Python Basics,2023-11-30,2023-12-11,Completed
46,46,Leadership,2024-01-09,2024-01-28,Completed
47,46,Data Analysis,2025-02-27,2025-03-05,Not Started
48,47,Project Management,2024-07-24,2024-08-08,Completed
49,47,Communication Skills,2023-12-21,2023-12-31,Completed
50,48,Python Basics,2023-11-30,2023-12-08,Completed
51,48,Python Basics,2024-07-20,2024-08-15,Completed
52,49,Data Analysis,2025-03-21,2025-03-26,Completed
53,50,Python Basics,2025-05-15,2025-06-14,Completed
54,52,Data Analysis,2024-06-19,2024-07-04,Ongoing
55,53,Leadership,2024-04-28,2024-05-28,Ongoing
56,54,Python Basics,2025-04-29,2025-05-17,Completed
57,55,Leadership,2024-11-29,2024-12-16,Completed
58,57,Communication Skills,2024-04-28,2024-05-15,Not Started
59,60,Leadership,2025-03-22,2025-03-27,Ongoing
60,61,Data Analysis,2024-09-09,2024-09-30,Ongoing
61,62,Project Management,2024-10-24,2024-11-15,Completed
62,62,Data Analysis,2023-08-26,2023-09-13,Ongoing
63,64,Project Management,2023-09-19,2023-09-27,Not Started
64,64,Project Management,2023-11-25,2023-12-20,Not Started
65,66,Python Basics,2023-06-22,2023-07-18,Not Started
66,67,Python Basics,2023-11-03,2023-11-30,Completed
67,68,Leadership,2025-04-22,2025-04-29,Not Started
68,68,Communication Skills,2024-04-24,2024-05-18,Not Started
69,69,Leadership,2023-06-21,2023-06-28,Not Started
70,69,Communication Skills,2023-09-11,2023-10-01,Ongoing
71,70,Communication Skills,2024-06-13,2024-06-26,Completed
72,72,Communication Skills,2024-03-21,2024-04-17,Not Started
73,73,Leadership,2025-03-30,2025-04-10,Not Started
74,73,Communication Skills,2023-12-11,2023-12-16,Ongoing
75,74,Project Management,2023-05-28,2023-06-16,Completed
76,76,Leadership,2025-02-04,2025-03-05,Not Started
77,76,Communication Skills,2024-05-28,2024-06-22,Completed
78,77,Leadership,2024-03-14,2024-03-28,Ongoing
79,78,Data Analysis,2024-04-27,2024-05-26,Ongoing
80,79,Project Management,2024-04-24,2024-05-18,Completed
81,81,Communication Skills,2024-04-29,2024-05-08,Not Started
82,81,Data Analysis,2025-01-11,2025-01-19,Ongoing
83,82,Data Analysis,2024-01-02,2024-01-17,Completed
84,82,Project Management,2024-10-23,2024-11-20,Not Started
85,83,Project Management,2023-06-30,2023-07-22,Completed
86,83,Leadership,2024-11-22,2024-12-05,Completed
87,85,Python Basics,2024-11-08,2024-12-05,Ongoing
88,86,Python Basics,2024-06-07,2024-06-30,Not Started
89,86,Data Analysis,2024-07-28,2024-08-13,Not Started
90,87,Data Analysis,2024-04-04,2024-04-26,Completed
91,87,Project Management,2023-09-28,2023-10-03,Ongoing
92,88,Project Management,2023-10-15,2023-11-14,Ongoing
93,88,Project Management,2023-12-11,2023-12-18,Completed
94,89,Data Analysis,2024-10-16,2024-10-31,Not Started
95,89,Python Basics,2025-01-30,2025-02-26,Not Started
96,91,Communication Skills,2024-10-10,2024-11-05,Ongoing
97,94,Python Basics,2025-04-09,2025-04-30,Ongoing
98,94,Project Management,2024-07-15,2024-08-10,Ongoing
99,95,Data Analysis,2024-09-16,2024-10-16,Not Started
100,96,Communication Skills,2023-09-02,2023-09-14,Completed
101,98,Python Basics,2025-01-17,2025-01-30,Not Started
102,99,Leadership,2023-11-01,2023-11-27,Not Started
103,100,Leadership,2024-09-10,2024-09-27,Ongoing
104,100,Leadership,2024-02-27,2024-03-28,Completed
105,101,Leadership,2024-03-14,2024-03-24,Not Started
106,101,Communication Skills,2023-06-04,2023-06-14,Completed
107,104,Data Analysis,2024-12-25,2025-01-24,Ongoing
108,104,Project Management,2025-04-04,2025-04-24,Ongoing
109,105,Project Management,2024-06-22,2024-07-12,Not Started
110,105,Leadership,2025-04-14,2025-05-05,Ongoing
111,106,Communication Skills,2024-07-31,2024-08-17,Completed
112,106,Project Management,2024-03-09,2024-03-27,Ongoing
113,107,Communication Skills,2025-04-30,2025-05-28,Not Started
114,109,Communication Skills,2025-05-15,2025-06-02,Ongoing
115,109,Project Management,2024-03-06,2024-03-20,Ongoing
116,110,Leadership,2024-08-15,2024-08-24,Completed
117,111,Data Analysis,2024-06-22,2024-06-30,Not Started
118,111,Data Analysis,2024-01-25,2024-02-08,Ongoing
119,113,Communication Skills,2024-10-05,2024-10-27,Completed
120,115,Data Analysis,2024-01-11,2024-02-10,Completed
121,116,Leadership,2023-08-19,2023-09-17,Completed
122,116,Data Analysis,2023-07-20,2023-07-30,Ongoing
123,117,Python Basics,2023-08-06,2023-09-02,Completed
124,120,Leadership,2024-07-24,2024-08-07,Completed
125,120,Project Management,2024-10-09,2024-10-19,Not Started
126,121,Leadership,2024-10-28,2024-11-05,Ongoing
127,122,Project Management,2024-02-06,2024-02-12,Completed
128,122,Data Analysis,2023-12-13,2023-12-28,Completed
129,123,Communication Skills,2024-12-05,2024-12-15,Ongoing
130,123,Python Basics,2025-03-15,2025-03-23,Ongoing
131,124,Project Management,2025-01-21,2025-02-06,Not Started
132,125,Communication Skills,2024-04-16,2024-04-22,Not Started
133,125,Python Basics,2024-12-02,2024-12-09,Ongoing
134,126,Python Basics,2025-02-11,2025-03-01,Ongoing
135,127,Project Management,2025-03-28,2025-04-21,Not Started
136,130,Leadership,2023-12-12,2023-12-21,Completed
137,131,Data Analysis,2025-01-21,2025-02-20,Completed
138,132,Project Management,2023-06-22,2023-07-07,Ongoing
139,132,Project Management,2025-03-28,2025-04-02,Completed
140,134,Communication Skills,2024-03-16,2024-03-25,Completed
141,134,Python Basics,2025-05-15,2025-06-12,Completed
142,136,Communication Skills,2024-06-03,2024-06-10,Ongoing
143,138,Project Management,2024-02-11,2024-03-03,Completed
144,139,Communication Skills,2025-02-07,2025-03-05,Ongoing
145,139,Data Analysis,2023-07-28,2023-08-24,Completed
146,140,Communication Skills,2024-11-03,2024-11-20,Ongoing
147,140,Communication Skills,2024-09-03,2024-10-02,Not Started
148,141,Leadership,2024-08-22,2024-09-01,Not Started
149,142,Project Management,2024-11-22,2024-12-17,Completed
150,142,Project Management,2024-10-21,2024-11-10,Completed
151,143,Python Basics,2023-10-23,2023-11-01,Completed
152,143,Python Basics,2024-11-03,2024-12-01,Ongoing
153,144,Project Management,2024-01-24,2024-02-17,Completed
154,145,Python Basics,2024-12-26,2025-01-06,Completed
155,145,Python Basics,2024-10-04,2024-10-28,Not Started
156,146,Python Basics,2024-11-24,2024-12-04,Not Started
157,146,Project Management,2024-02-11,2024-02-29,Not Started
158,147,Leadership,2023-09-05,2023-09-25,Ongoing
159,147,Leadership,2023-07-31,2023-08-26,Completed
160,148,Leadership,2024-11-02,2024-11-14,Ongoing
161,148,Communication Skills,2023-07-23,2023-08-16,Not Started
162,149,Data Analysis,2024-11-07,2024-12-03,Completed
163,149,Project Management,2024-04-28,2024-05-14,Not Started
164,150,Project Management,2024-12-19,2025-01-13,Completed
165,151,Project Management,2023-07-16,2023-08-11,Not Started
166,151,Project Management,2023-09-12,2023-09-26,Not Started
167,153,Python Basics,2025-05-11,2025-05-19,Not Started
168,154,Communication Skills,2025-03-29,2025-04-18,Completed
169,154,Data Analysis,2025-04-02,2025-04-25,Not Started
170,155,Communication Skills,2024-09-07,2024-09-25,Completed
171,155,Data Analysis,2024-11-01,2024-11-10,Not Started
172,157,Python Basics,2025-01-10,2025-02-02,Not Started
173,157,Leadership,2023-10-16,2023-11-13,Ongoing
174,158,Project Management,2024-06-30,2024-07-05,Ongoing
175,160,Project Management,2024-05-28,2024-06-03,Not Started
176,161,Data Analysis,2023-08-03,2023-08-09,Not Started
177,161,Python Basics,2024-06-21,2024-07-03,Ongoing
178,162,Communication Skills,2024-05-13,2024-05-23,Completed
179,163,Python Basics,2023-10-08,2023-10-20,Ongoing
180,163,Communication Skills,2023-08-24,2023-09-21,Completed
181,164,Python Basics,2024-05-18,2024-06-13,Not Started
182,165,Python Basics,2024-12-01,2024-12-17,Not Started
183,166,Python Basics,2024-12-12,2024-12-18,Completed
184,166,Python Basics,2024-02-02,2024-02-07,Not Started
185,167,Leadership,2023-10-08,2023-10-23,Ongoing
186,176,Communication Skills,2025-01-18,2025-01-29,Completed
187,176,Communication Skills,2024-05-18,2024-06-01,Completed
188,177,Python Basics,2024-03-31,2024-04-05,Ongoing
189,179,Leadership,2024-06-27,2024-07-21,Completed
190,180,Communication Skills,2024-12-09,2025-01-07,Not Started
191,181,Project Management,2025-03-01,2025-03-07,Ongoing
192,182,Leadership,2024-08-31,2024-09-14,Not Started
193,182,Python Basics,2024-03-15,2024-03-28,Not Started
194,183,Python Basics,2024-08-11,2024-09-01,Completed
195,185,Python Basics,2024-05-18,2024-05-31,Ongoing
196,185,Leadership,2024-07-07,2024-07-13,Not Started
197,186,Project Management,2024-06-29,2024-07-04,Completed
198,186,Data Analysis,2025-05-04,2025-05-11,Not Started
199,187,Project Management,2023-08-24,2023-08-31,Completed
200,187,Python Basics,2023-11-02,2023-11-14,Completed
201,188,Data Analysis,2024-11-01,2024-11-20,Ongoing
202,188,Python Basics,2024-01-28,2024-02-23,Ongoing
203,189,Project Management,2024-10-14,2024-11-07,Not Started
204,189,Data Analysis,2024-09-29,2024-10-27,Completed
205,190,Data Analysis,2023-05-30,2023-06-11,Completed
206,192,Project Management,2025-04-05,2025-04-21,Ongoing
207,192,Project Management,2024-02-11,2024-03-12,Not Started
208,195,Leadership,2024-12-27,2025-01-20,Not Started
209,196,Data Analysis,2025-03-08,2025-03-13,Not Started
210,199,Leadership,2024-09-26,2024-10-17,Completed
211,201,Communication Skills,2024-11-05,2024-11-16,Completed
212,202,Data Analysis,2023-08-09,2023-08-30,Not Started
213,203,Data Analysis,2024-03-16,2024-03-28,Completed
214,203,Communication Skills,2023-12-11,2023-12-28,Completed
215,204,Data Analysis,2023-09-22,2023-10-10,Not Started
216,205,Project Management,2025-02-16,2025-03-13,Ongoing
217,206,Leadership,2024-03-19,2024-04-04,Ongoing
218,207,Leadership,2024-08-14,2024-08-23,Ongoing
219,208,Data Analysis,2025-05-21,2025-06-05,Ongoing
220,208,Communication Skills,2023-11-03,2023-11-19,Completed
221,209,Data Analysis,2023-09-09,2023-09-23,Ongoing
222,211,Data Analysis,2023-07-24,2023-07-31,Ongoing
223,212,Communication Skills,2024-10-22,2024-11-16,Completed
224,212,Python Basics,2024-05-05,2024-05-13,Not Started
225,214,Python Basics,2023-11-14,2023-11-28,Not Started
226,215,Data Analysis,2024-05-02,2024-05-23,Not Started
227,216,Communication Skills,2025-04-30,2025-05-17,Completed
228,217,Project Management,2024-07-24,2024-08-05,Not Started
229,217,Project Management,2023-12-03,2023-12-19,Completed
230,219,Communication Skills,2025-04-14,2025-05-04,Completed
231,219,Communication Skills,2024-08-19,2024-08-27,Completed
232,220,Project Management,2023-09-28,2023-10-14,Not Started
233,220,Leadership,2024-08-04,2024-09-02,Not Started
234,221,Communication Skills,2025-04-25,2025-05-25,Completed
235,221,Data Analysis,2024-05-09,2024-05-16,Completed
236,224,Data Analysis,2023-10-31,2023-11-17,Ongoing
237,224,Leadership,2024-06-23,2024-06-29,Completed
238,226,Communication Skills,2024-09-13,2024-10-03,Completed
239,227,Leadership,2024-11-19,2024-12-19,Not Started
240,228,Leadership,2024-01-08,2024-01-13,Not Started
241,230,Data Analysis,2024-10-03,2024-10-12,Not Started
242,231,Python Basics,2024-08-26,2024-08-31,Completed
243,232,Leadership,2025-03-21,2025-04-13,Ongoing
244,234,Python Basics,2024-03-20,2024-04-10,Not Started
245,235,Leadership,2024-11-08,2024-11-24,Not Started
246,236,Project Management,2023-10-15,2023-11-05,Not Started
247,239,Communication Skills,2024-07-30,2024-08-04,Ongoing
248,240,Communication Skills,2023-12-10,2024-01-01,Ongoing
249,242,Project Management,2024-11-29,2024-12-18,Ongoing
250,243,Python Basics,2025-02-12,2025-03-09,Not Started
251,244,Data Analysis,2023-12-30,2024-01-18,Completed
252,244,Leadership,2025-03-29,2025-04-15,Completed
253,245,Communication Skills,2024-04-07,2024-05-03,Not Started
254,245,Leadership,2023-06-18,2023-07-16,Not Started
255,246,Python Basics,2024-12-25,2025-01-13,Completed
256,247,Communication Skills,2025-01-04,2025-01-29,Ongoing
257,248,Communication Skills,2023-09-27,2023-10-18,Not Started
258,249,Python Basics,2023-09-21,2023-10-02,Completed
259,250,Project Management,2023-07-10,2023-07-31,Not Started
260,250,Data Analysis,2023-09-05,2023-09-19,Completed
261,251,Project Management,2025-02-27,2025-03-08,Not Started
262,253,Python Basics,2023-11-22,2023-12-19,Not Started
263,255,Communication Skills,2024-11-11,2024-11-17,Not Started
264,256,Leadership,2023-09-12,2023-09-19,Ongoing
265,256,Leadership,2025-04-07,2025-04-15,Completed
266,257,Python Basics,2023-09-02,2023-09-24,Ongoing
267,258,Leadership,2024-03-20,2024-04-14,Not Started
268,260,Data Analysis,2024-04-01,2024-04-24,Not Started
269,260,Communication Skills,2025-05-09,2025-06-08,Completed
270,261,Data Analysis,2025-05-03,2025-05-28,Ongoing
271,265,Data Analysis,2024-12-21,2024-12-28,Completed
272,266,Data Analysis,2023-10-02,2023-11-01,Completed
273,266,Communication Skills,2024-11-15,2024-11-29,Completed
274,268,Project Management,2023-12-06,2023-12-22,Ongoing
275,268,Python Basics,2024-10-19,2024-10-30,Completed
276,269,Leadership,2024-05-02,2024-05-17,Completed
277,270,Python Basics,2023-10-19,2023-11-01,Completed
278,271,Project Management,2025-01-05,2025-01-30,Not Started
279,272,Project Management,2023-07-27,2023-08-08,Not Started
280,273,Python Basics,2023-08-30,2023-09-26,Ongoing
281,275,Leadership,2024-04-21,2024-04-30,Completed
282,278,Communication Skills,2023-10-14,2023-11-05,Completed
283,278,Python Basics,2024-05-14,2024-06-08,Ongoing
284,279,Python Basics,2024-01-14,2024-02-07,Not Started
285,279,Leadership,2025-05-04,2025-05-12,Not Started
286,280,Project Management,2025-05-15,2025-05-27,Not Started
287,281,Leadership,2024-03-05,2024-03-28,Not Started
288,283,Python Basics,2024-02-18,2024-03-01,Completed
289,283,Communication Skills,2023-12-11,2023-12-23,Completed
290,284,Communication Skills,2023-06-27,2023-07-14,Ongoing
291,286,Project Management,2024-10-09,2024-10-31,Not Started
292,287,Data Analysis,2024-05-22,2024-06-09,Completed
293,287,Communication Skills,2024-05-03,2024-05-18,Completed
294,288,Data Analysis,2024-03-23,2024-04-01,Completed
295,288,Python Basics,2023-09-12,2023-09-29,Completed
296,289,Leadership,2023-11-08,2023-11-17,Completed
297,289,Python Basics,2025-01-30,2025-02-24,Not Started
298,291,Project Management,2024-03-22,2024-04-07,Completed
299,292,Python Basics,2024-10-26,2024-11-09,Not Started
300,292,Leadership,2024-06-25,2024-07-06,Not Started
301,293,Leadership,2024-06-20,2024-07-05,Completed
302,294,Communication Skills,2023-09-18,2023-10-10,Completed
303,294,Leadership,2024-01-21,2024-02-19,Completed
304,295,Leadership,2025-05-13,2025-05-30,Completed
305,295,Communication Skills,2025-01-17,2025-02-09,Not Started
306,296,Data Analysis,2023-11-23,2023-12-10,Ongoing
307,296,Communication Skills,2024-09-08,2024-09-24,Not Started
308,297,Leadership,2024-04-15,2024-05-13,Completed
309,299,Data Analysis,2025-03-16,2025-03-22,Ongoing
310,299,Leadership,2025-01-29,2025-02-05,Completed
311,303,Communication Skills,2024-03-21,2024-04-09,Ongoing
312,303,Leadership,2023-10-14,2023-11-13,Completed
313,304,Project Management,2025-04-21,2025-05-08,Not Started
314,305,Data Analysis,2025-03-08,2025-04-04,Not Started
315,306,Communication Skills,2023-11-10,2023-11-18,Not Started
316,306,Project Management,2024-08-31,2024-09-17,Ongoing
317,307,Project Management,2024-11-16,2024-12-03,Ongoing
318,307,Data Analysis,2023-12-05,2023-12-18,Not Started
319,308,Project Management,2024-09-20,2024-10-10,Not Started
320,310,Communication Skills,2023-07-18,2023-08-06,Not Started
321,310,Leadership,2023-07-18,2023-08-16,Ongoing
322,311,Project Management,2025-05-21,2025-06-10,Ongoing
323,311,Leadership,2025-05-11,2025-05-17,Completed
324,312,Project Management,2024-09-03,2024-09-22,Completed
325,312,Leadership,2024-05-02,2024-05-08,Completed
326,315,Project Management,2023-06-01,2023-06-27,Ongoing
327,317,Data Analysis,2025-04-06,2025-04-24,Completed
328,318,Communication Skills,2024-03-19,2024-03-29,Ongoing
329,319,Communication Skills,2023-12-12,2023-12-29,Ongoing
330,320,Leadership,2024-04-23,2024-05-19,Completed
331,322,Python Basics,2024-02-23,2024-03-12,Not Started
332,322,Communication Skills,2024-08-05,2024-08-24,Not Started
333,324,Project Management,2023-10-02,2023-10-07,Not Started
334,325,Project Management,2023-06-01,2023-07-01,Completed
335,326,Leadership,2025-01-02,2025-01-15,Not Started
336,327,Communication Skills,2024-01-07,2024-01-31,Ongoing
337,328,Data Analysis,2024-07-09,2024-07-27,Completed
338,330,Python Basics,2024-11-27,2024-12-06,Ongoing
339,331,Data Analysis,2025-01-26,2025-01-31,Ongoing
340,332,Data Analysis,2024-09-14,2024-09-29,Completed
341,334,Python Basics,2024-02-10,2024-03-01,Not Started
342,334,Communication Skills,2024-10-31,2024-11-26,Ongoing
343,336,Data Analysis,2023-09-09,2023-09-29,Ongoing
344,337,Communication Skills,2024-09-06,2024-09-21,Ongoing
345,338,Python Basics,2025-02-07,2025-02-25,Ongoing
346,338,Python Basics,2023-11-02,2023-11-07,Completed
347,339,Leadership,2023-10-24,2023-11-16,Not Started
348,339,Data Analysis,2024-07-30,2024-08-16,Not Started
349,342,Data Analysis,2023-07-10,2023-08-08,Ongoing
350,343,Communication Skills,2023-11-30,2023-12-19,Ongoing
351,343,Communication Skills,2023-12-06,2024-01-05,Not Started
352,345,Project Management,2025-05-20,2025-06-17,Completed
353,345,Data Analysis,2025-01-23,2025-02-11,Completed
354,346,Communication Skills,2024-10-11,2024-10-23,Ongoing
355,348,Project Management,2024-06-12,2024-07-08,Not Started
356,348,Communication Skills,2023-11-20,2023-12-02,Ongoing
357,349,Communication Skills,2024-03-04,2024-04-03,Ongoing
358,349,Communication Skills,2025-03-24,2025-04-22,Completed
359,350,Leadership,2025-03-21,2025-04-20,Ongoing
360,350,Python Basics,2025-01-09,2025-01-16,Not Started
361,351,Leadership,2023-12-22,2023-12-27,Ongoing
362,351,Communication Skills,2023-09-05,2023-10-04,Completed
363,352,Leadership,2024-08-21,2024-09-19,Not Started
364,355,Python Basics,2024-10-20,2024-11-12,Not Started
365,357,Project Management,2023-05-30,2023-06-29,Completed
366,357,Python Basics,2024-02-28,2024-03-13,Ongoing
367,359,Project Management,2024-04-01,2024-04-22,Not Started
368,360,Project Management,2024-11-08,2024-11-18,Ongoing
369,360,Communication Skills,2023-11-13,2023-12-07,Completed
370,361,Leadership,2023-07-16,2023-07-25,Ongoing
371,361,Data Analysis,2025-05-14,2025-05-22,Ongoing
372,362,Project Management,2023-11-08,2023-11-23,Not Started
373,363,Leadership,2024-01-12,2024-02-01,Completed
374,364,Python Basics,2024-08-09,2024-08-15,Not Started
375,365,Python Basics,2024-05-01,2024-05-22,Not Started
376,367,Python Basics,2025-01-12,2025-01-17,Ongoing
377,367,Project Management,2024-06-08,2024-07-02,Ongoing
378,368,Project Management,2025-04-22,2025-05-01,Ongoing
379,368,Data Analysis,2024-12-07,2024-12-17,Completed
380,369,Project Management,2025-03-15,2025-04-06,Not Started
381,370,Project Management,2025-03-28,2025-04-11,Not Started
382,371,Communication Skills,2024-05-17,2024-06-16,Completed
383,371,Leadership,2025-01-30,2025-02-20,Ongoing
384,372,Project Management,2024-01-31,2024-02-07,Completed
385,372,Communication Skills,2024-02-19,2024-02-28,Completed
386,373,Communication Skills,2023-11-06,2023-11-19,Ongoing
387,374,Python Basics,2024-06-17,2024-07-14,Not Started
388,375,Project Management,2023-08-31,2023-09-11,Completed
389,377,Data Analysis,2024-10-04,2024-10-24,Ongoing
390,377,Project Management,2024-10-05,2024-10-16,Completed
391,378,Python Basics,2024-11-03,2024-11-10,Not Started
392,380,Data Analysis,2024-04-10,2024-04-28,Completed
393,380,Data Analysis,2024-10-09,2024-11-07,Completed
394,381,Data Analysis,2024-09-12,2024-10-06,Not Started
395,382,Communication Skills,2023-07-27,2023-08-09,Completed
396,382,Project Management,2024-03-09,2024-03-27,Ongoing
397,383,Communication Skills,2024-02-28,2024-03-22,Ongoing
398,383,Communication Skills,2025-02-26,2025-03-20,Not Started
399,385,Leadership,2023-07-09,2023-07-15,Ongoing
400,386,Communication Skills,2023-06-20,2023-07-10,Completed
401,386,Leadership,2025-04-25,2025-05-09,Not Started
402,387,Python Basics,2024-08-12,2024-08-27,Not Started
403,387,Data Analysis,2025-02-25,2025-03-24,Not Started
404,389,Communication Skills,2024-08-13,2024-09-01,Not Started
405,389,Communication Skills,2024-10-02,2024-10-17,Not Started
406,390,Python Basics,2024-08-22,2024-09-14,Not Started
407,390,Project Management,2024-06-08,2024-06-14,Not Started
408,394,Project Management,2024-02-19,2024-03-01,Not Started
409,395,Communication Skills,2023-06-26,2023-07-04,Completed
410,395,Communication Skills,2023-12-24,2024-01-12,Completed
411,396,Leadership,2023-08-27,2023-09-24,Not Started
412,396,Communication Skills,2023-09-14,2023-10-04,Completed
413,397,Data Analysis,2023-12-18,2024-01-13,Not Started
414,398,Data Analysis,2024-03-21,2024-04-12,Not Started
415,399,Python Basics,2024-12-14,2024-12-27,Not Started
416,399,Data Analysis,2023-06-06,2023-07-05,Not Started
417,400,Communication Skills,2024-07-04,2024-07-31,Not Started
418,401,Project Management,2025-03-16,2025-04-02,Ongoing
419,401,Data Analysis,2025-03-09,2025-03-14,Ongoing
420,402,Project Management,2024-01-31,2024-02-19,Ongoing
421,403,Project Management,2023-12-11,2024-01-04,Not Started
422,403,Communication Skills,2025-01-30,2025-02-16,Completed
423,405,Communication Skills,2024-05-04,2024-05-21,Not Started
424,408,Communication Skills,2025-02-18,2025-03-01,Not Started
425,410,Project Management,2024-09-03,2024-10-01,Ongoing
426,410,Communication Skills,2025-05-10,2025-05-20,Not Started
427,412,Communication Skills,2024-08-23,2024-09-08,Ongoing
428,413,Data Analysis,2023-07-17,2023-07-27,Ongoing
429,413,Project Management,2024-06-20,2024-07-06,Completed
430,416,Python Basics,2024-08-14,2024-08-24,Not Started
431,416,Leadership,2024-07-09,2024-08-02,Ongoing
432,419,Python Basics,2023-11-08,2023-11-29,Not Started
433,420,Project Management,2024-10-12,2024-10-18,Completed
434,424,Data Analysis,2024-08-08,2024-08-28,Ongoing
435,425,Leadership,2023-12-03,2023-12-17,Completed
436,425,Communication Skills,2023-09-03,2023-09-20,Not Started
437,426,Communication Skills,2025-04-28,2025-05-22,Completed
438,426,Leadership,2023-07-27,2023-08-15,Completed
439,428,Python Basics,2023-10-23,2023-11-06,Not Started
440,429,Project Management,2023-10-24,2023-11-12,Not Started
441,429,Project Management,2024-04-15,2024-05-02,Completed
442,430,Project Management,2024-03-10,2024-04-06,Ongoing
443,430,Leadership,2023-07-22,2023-08-16,Ongoing
444,431,Communication Skills,2023-07-16,2023-08-15,Completed
445,431,Communication Skills,2024-08-07,2024-08-31,Not Started
446,434,Python Basics,2024-09-29,2024-10-28,Completed
447,437,Python Basics,2025-01-14,2025-02-13,Completed
448,438,Project Management,2024-06-08,2024-07-01,Completed
449,439,Python Basics,2025-01-16,2025-01-21,Completed
450,439,Communication Skills,2023-06-14,2023-07-08,Not Started
451,443,Python Basics,2024-12-21,2025-01-11,Not Started
452,443,Communication Skills,2025-02-14,2025-03-09,Ongoing
453,445,Leadership,2024-11-21,2024-12-19,Completed
454,446,Project Management,2024-06-17,2024-07-15,Completed
455,447,Communication Skills,2023-05-31,2023-06-18,Completed
456,447,Project Management,2024-04-17,2024-05-04,Not Started
457,451,Data Analysis,2025-03-15,2025-03-25,Ongoing
458,451,Communication Skills,2025-04-28,2025-05-20,Ongoing
459,452,Project Management,2023-11-17,2023-12-08,Not Started
460,452,Communication Skills,2023-07-08,2023-07-30,Ongoing
461,453,Python Basics,2025-04-22,2025-05-01,Not Started
462,454,Data Analysis,2024-05-03,2024-05-09,Ongoing
463,454,Data Analysis,2024-11-20,2024-11-30,Completed
464,455,Python Basics,2023-07-01,2023-07-21,Not Started
465,456,Project Management,2024-02-21,2024-03-16,Completed
466,458,Data Analysis,2023-12-28,2024-01-18,Not Started
467,461,Leadership,2024-08-07,2024-08-17,Ongoing
468,461,Project Management,2024-02-09,2024-02-17,Not Started
469,463,Leadership,2023-10-11,2023-10-29,Ongoing
470,463,Communication Skills,2024-12-09,2024-12-27,Completed
471,464,Python Basics,2024-04-30,2024-05-12,Ongoing
472,469,Python Basics,2023-12-11,2024-01-05,Not Started
473,470,Python Basics,2024-02-20,2024-03-02,Ongoing
474,473,Project Management,2023-06-30,2023-07-11,Ongoing
475,473,Leadership,2023-09-16,2023-10-03,Completed
476,474,Leadership,2024-10-20,2024-11-13,Not Started
477,475,Leadership,2024-06-05,2024-06-18,Not Started
478,475,Data Analysis,2023-08-02,2023-08-16,Ongoing
479,478,Python Basics,2024-01-10,2024-01-23,Ongoing
480,479,Data Analysis,2023-07-01,2023-07-29,Completed
481,479,Communication Skills,2024-07-08,2024-08-02,Ongoing
482,481,Leadership,2024-11-06,2024-12-01,Ongoing
483,482,Communication Skills,2024-06-29,2024-07-25,Completed
484,483,Project Management,2024-12-21,2025-01-05,Completed
485,484,Data Analysis,2025-01-09,2025-01-20,Ongoing
486,485,Data Analysis,2023-12-21,2024-01-05,Ongoing
487,486,Communication Skills,2024-11-14,2024-11-27,Not Started
488,486,Project Management,2024-02-07,2024-02-16,Ongoing
489,487,Python Basics,2024-08-10,2024-09-01,Not Started
490,488,Python Basics,2023-06-28,2023-07-17,Completed
491,488,Leadership,2025-02-26,2025-03-11,Ongoing
492,489,Python Basics,2024-02-26,2024-03-08,Ongoing
493,490,Data Analysis,2023-10-29,2023-11-12,Completed
494,490,Leadership,2024-09-15,2024-09-23,Not Started
495,493,Communication Skills,2023-09-05,2023-09-29,Not Started
496,494,Communication Skills,2023-10-14,2023-11-09,Not Started
497,495,Leadership,2024-11-24,2024-12-17,Ongoing
498,496,Communication Skills,2024-06-17,2024-07-02,Ongoing
499,497,Leadership,2024-11-14,2024-11-20,Ongoing
500,499,Project Management,2024-04-12,2024-04-30,Ongoing
501,500,Leadership,2024-03-07,2024-03-13,Not Started
502,502,Python Basics,2023-11-12,2023-11-21,Not Started
503,503,Communication Skills,2024-05-14,2024-05-25,Ongoing
504,504,Communication Skills,2023-09-07,2023-09-29,Not Started
505,504,Python Basics,2025-04-29,2025-05-23,Ongoing
506,506,Communication Skills,2024-10-23,2024-11-12,Not Started
507,507,Communication Skills,2024-02-12,2024-03-06,Not Started
508,510,Leadership,2025-01-29,2025-02-17,Completed
509,511,Python Basics,2023-07-28,2023-08-04,Completed
510,511,Project Management,2024-11-25,2024-12-23,Ongoing
511,513,Data Analysis,2024-02-03,2024-02-23,Completed
512,513,Data Analysis,2024-06-15,2024-06-26,Completed
513,514,Python Basics,2023-11-09,2023-12-02,Ongoing
514,515,Python Basics,2024-08-24,2024-09-13,Completed
515,516,Project Management,2025-04-24,2025-05-24,Ongoing
516,520,Leadership,2025-02-03,2025-02-25,Not Started
517,520,Leadership,2025-04-10,2025-05-05,Ongoing
518,521,Leadership,2025-04-21,2025-05-13,Ongoing
519,521,Project Management,2023-06-24,2023-07-04,Not Started
520,522,Python Basics,2024-05-12,2024-06-03,Ongoing
521,523,Data Analysis,2024-12-22,2025-01-04,Completed
522,523,Project Management,2025-05-04,2025-05-16,Not Started
523,525,Python Basics,2024-12-04,2024-12-25,Ongoing
524,525,Leadership,2023-07-07,2023-07-27,Completed
525,526,Communication Skills,2024-04-21,2024-05-08,Ongoing
526,527,Communication Skills,2023-10-20,2023-10-29,Completed
527,527,Communication Skills,2024-07-20,2024-08-15,Ongoing
528,528,Communication Skills,2023-09-24,2023-10-07,Not Started
529,530,Python Basics,2024-06-19,2024-07-16,Completed
530,530,Python Basics,2024-12-15,2025-01-06,Completed
531,532,Leadership,2023-10-07,2023-10-26,Completed
532,533,Communication Skills,2024-06-24,2024-07-22,Not Started
533,533,Leadership,2024-12-08,2024-12-20,Completed
534,536,Data Analysis,2023-08-08,2023-08-22,Not Started
535,536,Communication Skills,2024-02-23,2024-02-28,Completed
536,537,Python Basics,2023-10-03,2023-10-25,Ongoing
537,538,Data Analysis,2024-03-28,2024-04-20,Completed
538,539,Communication Skills,2024-03-19,2024-04-02,Not Started
539,539,Python Basics,2024-06-26,2024-07-03,Ongoing
540,541,Data Analysis,2023-12-26,2024-01-23,Completed
541,541,Data Analysis,2025-03-21,2025-04-20,Completed
542,542,Data Analysis,2023-11-21,2023-12-06,Ongoing
543,544,Project Management,2024-03-31,2024-04-22,Not Started
544,545,Project Management,2023-07-04,2023-07-22,Not Started
545,545,Data Analysis,2025-05-05,2025-05-31,Not Started
546,547,Data Analysis,2024-06-09,2024-06-16,Ongoing
547,547,Python Basics,2024-06-18,2024-07-04,Completed
548,548,Communication Skills,2023-12-05,2023-12-26,Not Started
549,550,Python Basics,2023-06-30,2023-07-26,Completed
550,551,Communication Skills,2024-10-26,2024-11-03,Completed
551,552,Leadership,2024-10-12,2024-11-06,Completed
552,553,Leadership,2024-03-31,2024-04-09,Completed
553,553,Python Basics,2024-04-11,2024-04-19,Completed
554,554,Python Basics,2024-07-18,2024-07-30,Not Started
555,554,Communication Skills,2025-01-08,2025-02-07,Completed
556,556,Python Basics,2023-09-18,2023-10-17,Ongoing
557,557,Project Management,2025-01-02,2025-01-17,Ongoing
558,557,Project Management,2023-07-10,2023-07-26,Not Started
559,560,Leadership,2025-04-27,2025-05-27,Not Started
560,561,Leadership,2025-02-12,2025-02-20,Completed
561,562,Communication Skills,2025-04-30,2025-05-10,Completed
562,564,Data Analysis,2024-08-19,2024-09-02,Ongoing
563,565,Project Management,2024-12-11,2024-12-22,Completed
564,565,Leadership,2023-09-20,2023-10-09,Ongoing
565,568,Python Basics,2025-03-06,2025-04-01,Completed
566,568,Communication Skills,2024-03-23,2024-03-29,Not Started
567,569,Project Management,2024-06-11,2024-06-24,Ongoing
568,570,Python Basics,2024-08-10,2024-09-06,Completed
569,570,Communication Skills,2024-11-13,2024-12-01,Ongoing
570,571,Leadership,2024-03-18,2024-04-11,Completed
571,571,Python Basics,2024-10-31,2024-11-30,Ongoing
572,572,Communication Skills,2023-12-29,2024-01-25,Not Started
573,573,Project Management,2023-10-11,2023-11-07,Ongoing
574,574,Project Management,2023-07-25,2023-08-19,Completed
575,576,Project Management,2024-04-28,2024-05-12,Completed
576,576,Project Management,2024-09-24,2024-10-22,Ongoing
577,578,Data Analysis,2024-06-23,2024-07-01,Not Started
578,578,Project Management,2023-07-08,2023-07-13,Not Started
579,579,Data Analysis,2025-01-27,2025-02-18,Not Started
580,582,Leadership,2024-03-23,2024-04-11,Not Started
581,582,Data Analysis,2024-02-13,2024-02-20,Not Started
582,583,Leadership,2025-02-24,2025-03-01,Not Started
583,584,Project Management,2024-04-28,2024-05-27,Completed
584,584,Data Analysis,2024-07-18,2024-07-24,Not Started
585,589,Data Analysis,2025-02-19,2025-03-01,Ongoing
586,590,Communication Skills,2024-01-10,2024-01-21,Ongoing
587,590,Data Analysis,2023-08-27,2023-09-21,Not Started
588,592,Project Management,2024-05-01,2024-05-07,Not Started
589,592,Communication Skills,2023-09-05,2023-09-22,Ongoing
590,594,Project Management,2024-02-16,2024-03-08,Completed
591,596,Communication Skills,2025-04-01,2025-04-30,Completed
592,598,Python Basics,2025-01-11,2025-01-17,Completed
593,599,Communication Skills,2023-06-05,2023-06-25,Ongoing
594,599,Python Basics,2023-07-17,2023-08-06,Completed
595,600,Communication Skills,2025-03-24,2025-04-09,Not Started
596,601,Python Basics,2024-10-09,2024-10-15,Completed
597,601,Communication Skills,2024-09-08,2024-09-30,Completed
598,603,Python Basics,2024-11-13,2024-12-09,Ongoing
599,603,Python Basics,2024-08-18,2024-09-16,Completed
600,604,Python Basics,2023-12-22,2024-01-12,Completed
601,606,Leadership,2023-05-27,2023-06-05,Ongoing
602,606,Project Management,2023-09-27,2023-10-15,Ongoing
603,607,Python Basics,2024-04-08,2024-04-13,Not Started
604,608,Leadership,2024-10-29,2024-11-03,Ongoing
605,609,Data Analysis,2023-11-18,2023-12-04,Completed
606,609,Leadership,2023-12-09,2023-12-21,Ongoing
607,610,Leadership,2024-03-22,2024-04-05,Completed
608,611,Project Management,2024-04-07,2024-04-21,Ongoing
609,611,Communication Skills,2023-08-15,2023-09-08,Not Started
610,612,Python Basics,2025-01-23,2025-02-15,Not Started
611,612,Communication Skills,2024-07-03,2024-07-21,Completed
612,613,Data Analysis,2024-04-17,2024-04-25,Not Started
613,613,Data Analysis,2024-10-11,2024-11-07,Not Started
614,614,Leadership,2025-01-21,2025-02-05,Ongoing
615,614,Project Management,2024-04-02,2024-04-15,Ongoing
616,615,Leadership,2024-12-26,2025-01-14,Completed
617,616,Data Analysis,2024-04-11,2024-04-21,Completed
618,618,Communication Skills,2024-10-20,2024-11-03,Not Started
619,619,Python Basics,2024-06-03,2024-06-17,Ongoing
620,620,Leadership,2023-07-12,2023-08-04,Completed
621,621,Leadership,2025-04-03,2025-04-27,Not Started
622,622,Communication Skills,2024-02-21,2024-03-16,Ongoing
623,625,Data Analysis,2023-06-29,2023-07-15,Completed
624,627,Leadership,2023-05-27,2023-06-12,Not Started
625,627,Leadership,2023-07-20,2023-08-16,Ongoing
626,628,Communication Skills,2023-11-24,2023-12-24,Completed
627,628,Data Analysis,2025-01-15,2025-01-24,Completed
628,629,Communication Skills,2025-02-22,2025-03-13,Completed
629,630,Data Analysis,2025-04-16,2025-05-14,Completed
630,632,Communication Skills,2025-01-12,2025-01-25,Not Started
631,632,Leadership,2024-11-19,2024-12-12,Completed
632,634,Python Basics,2024-07-03,2024-08-02,Completed
633,634,Project Management,2024-12-19,2025-01-08,Not Started
634,635,Communication Skills,2023-11-02,2023-11-08,Ongoing
635,637,Leadership,2024-03-15,2024-03-27,Not Started
636,638,Communication Skills,2024-03-07,2024-03-24,Ongoing
637,638,Data Analysis,2025-01-11,2025-02-05,Ongoing
638,641,Project Management,2024-01-08,2024-02-07,Completed
639,643,Project Management,2023-09-21,2023-10-07,Ongoing
640,644,Project Management,2023-08-07,2023-09-01,Completed
641,644,Leadership,2024-03-07,2024-03-21,Ongoing
642,646,Project Management,2024-02-05,2024-03-02,Completed
643,647,Python Basics,2023-11-17,2023-12-04,Not Started
644,647,Leadership,2023-08-22,2023-09-21,Ongoing
645,648,Data Analysis,2024-04-15,2024-05-06,Not Started
646,649,Project Management,2023-08-23,2023-09-22,Ongoing
647,649,Leadership,2024-12-03,2024-12-28,Not Started
648,650,Communication Skills,2023-09-29,2023-10-27,Ongoing
649,650,Project Management,2023-06-06,2023-07-06,Not Started
650,651,Project Management,2023-09-03,2023-09-15,Not Started
651,652,Leadership,2023-11-10,2023-11-18,Ongoing
652,653,Project Management,2024-11-27,2024-12-19,Completed
653,653,Communication Skills,2024-08-18,2024-09-13,Not Started
654,654,Leadership,2023-07-04,2023-07-23,Completed
655,654,Leadership,2025-04-29,2025-05-11,Not Started
656,655,Project Management,2023-12-12,2023-12-31,Not Started
657,658,Project Management,2025-04-24,2025-04-30,Ongoing
658,658,Leadership,2024-01-08,2024-01-13,Not Started
659,659,Data Analysis,2025-02-12,2025-03-05,Ongoing
660,661,Python Basics,2024-05-17,2024-06-05,Not Started
661,661,Project Management,2024-07-05,2024-07-26,Ongoing
662,662,Leadership,2024-01-31,2024-02-25,Ongoing
663,662,Data Analysis,2024-10-30,2024-11-27,Not Started
664,663,Data Analysis,2023-09-30,2023-10-26,Ongoing
665,664,Python Basics,2024-07-13,2024-07-31,Not Started
666,665,Leadership,2023-08-12,2023-08-17,Ongoing
667,665,Leadership,2023-09-08,2023-09-16,Not Started
668,667,Leadership,2024-06-05,2024-07-01,Ongoing
669,667,Python Basics,2024-05-10,2024-05-15,Ongoing
670,668,Python Basics,2025-02-23,2025-03-20,Ongoing
671,669,Communication Skills,2024-12-28,2025-01-09,Completed
672,669,Python Basics,2024-12-18,2024-12-27,Ongoing
673,670,Leadership,2023-06-10,2023-07-05,Completed
674,670,Communication Skills,2023-12-28,2024-01-20,Ongoing
675,671,Leadership,2024-11-21,2024-12-08,Ongoing
676,671,Project Management,2024-06-02,2024-06-11,Completed
677,672,Leadership,2024-04-04,2024-04-09,Completed
678,672,Project Management,2023-07-21,2023-07-29,Ongoing
679,673,Communication Skills,2025-01-09,2025-01-15,Ongoing
680,673,Project Management,2024-05-07,2024-05-17,Not Started
681,674,Project Management,2024-06-19,2024-07-09,Ongoing
682,674,Leadership,2025-05-04,2025-05-26,Ongoing
683,675,Project Management,2024-06-03,2024-06-28,Ongoing
684,675,Python Basics,2024-08-16,2024-09-10,Completed
685,676,Communication Skills,2024-03-22,2024-04-17,Ongoing
686,680,Data Analysis,2024-06-15,2024-07-03,Not Started
687,681,Leadership,2024-03-11,2024-03-26,Not Started
688,682,Communication Skills,2025-02-02,2025-02-26,Not Started
689,685,Communication Skills,2024-06-20,2024-07-17,Ongoing
690,685,Python Basics,2024-12-15,2025-01-08,Completed
691,686,Project Management,2024-12-31,2025-01-19,Not Started
692,688,Data Analysis,2024-07-29,2024-08-07,Not Started
693,689,Leadership,2024-08-26,2024-09-12,Not Started
694,689,Leadership,2023-08-18,2023-08-25,Completed
695,690,Data Analysis,2024-09-13,2024-10-06,Not Started
696,692,Communication Skills,2024-05-14,2024-06-06,Completed
697,693,Communication Skills,2025-03-22,2025-04-01,Not Started
698,693,Python Basics,2023-12-10,2024-01-07,Completed
699,694,Project Management,2024-02-29,2024-03-19,Not Started
700,697,Communication Skills,2024-09-29,2024-10-07,Completed
701,699,Python Basics,2025-01-17,2025-02-04,Completed
702,700,Data Analysis,2023-11-13,2023-11-21,Completed
703,701,Communication Skills,2024-04-08,2024-04-13,Not Started
704,701,Communication Skills,2024-07-19,2024-08-07,Completed
705,702,Project Management,2023-06-24,2023-07-24,Ongoing
706,702,Python Basics,2023-06-29,2023-07-23,Completed
707,703,Data Analysis,2025-02-18,2025-03-12,Ongoing
708,703,Data Analysis,2025-04-20,2025-05-08,Completed
709,704,Communication Skills,2024-07-03,2024-07-20,Completed
710,705,Project Management,2024-09-02,2024-09-12,Not Started
711,707,Leadership,2025-05-04,2025-05-26,Not Started
712,709,Project Management,2023-07-06,2023-07-15,Completed
713,709,Project Management,2023-07-17,2023-08-05,Ongoing
714,710,Leadership,2023-11-17,2023-11-23,Completed
715,711,Project Management,2024-10-09,2024-10-22,Not Started
716,711,Data Analysis,2025-05-06,2025-05-19,Ongoing
717,712,Data Analysis,2024-12-19,2025-01-13,Completed
718,713,Data Analysis,2025-03-21,2025-04-18,Not Started
719,713,Python Basics,2023-06-27,2023-07-18,Ongoing
720,714,Python Basics,2024-01-01,2024-01-09,Completed
721,715,Project Management,2024-04-03,2024-05-02,Completed
722,716,Project Management,2024-12-11,2024-12-30,Not Started
723,716,Python Basics,2024-03-08,2024-04-02,Not Started
724,719,Leadership,2023-09-08,2023-09-21,Completed
725,719,Project Management,2023-06-08,2023-06-17,Ongoing
726,722,Project Management,2024-09-04,2024-09-26,Completed
727,723,Data Analysis,2025-05-04,2025-05-16,Completed
728,724,Python Basics,2024-05-11,2024-06-05,Not Started
729,724,Project Management,2024-09-04,2024-09-21,Completed
730,725,Communication Skills,2023-10-10,2023-10-18,Ongoing
731,725,Leadership,2023-06-06,2023-07-01,Ongoing
732,726,Python Basics,2024-11-04,2024-11-12,Not Started
733,726,Python Basics,2024-09-06,2024-10-05,Completed
734,728,Project Management,2024-09-25,2024-10-16,Completed
735,728,Communication Skills,2025-03-22,2025-04-03,Not Started
736,729,Communication Skills,2023-09-22,2023-09-30,Completed
737,729,Data Analysis,2025-03-29,2025-04-13,Ongoing
738,732,Leadership,2024-10-31,2024-11-29,Not Started
739,737,Python Basics,2023-08-15,2023-09-08,Ongoing
740,737,Python Basics,2024-08-21,2024-09-08,Completed
741,740,Project Management,2024-12-17,2025-01-16,Completed
742,740,Data Analysis,2024-09-13,2024-10-03,Not Started
743,741,Project Management,2024-06-07,2024-06-15,Not Started
744,741,Data Analysis,2023-09-20,2023-10-15,Completed
745,742,Project Management,2023-10-05,2023-11-03,Completed
746,745,Python Basics,2024-01-09,2024-01-14,Not Started
747,747,Project Management,2023-06-27,2023-07-23,Completed
748,747,Leadership,2023-07-27,2023-08-23,Completed
749,748,Data Analysis,2024-01-24,2024-02-12,Not Started
750,749,Leadership,2023-07-19,2023-08-17,Completed
751,749,Communication Skills,2024-09-18,2024-10-18,Completed
752,750,Communication Skills,2023-12-24,2024-01-07,Not Started
753,750,Communication Skills,2024-12-13,2025-01-11,Ongoing
754,752,Data Analysis,2024-06-17,2024-06-23,Completed
755,752,Data Analysis,2024-06-10,2024-07-02,Not Started
756,754,Python Basics,2024-08-06,2024-08-25,Ongoing
757,754,Python Basics,2024-11-02,2024-11-30,Not Started
758,755,Python Basics,2024-05-31,2024-06-10,Completed
759,757,Data Analysis,2024-10-23,2024-11-09,Not Started
760,757,Project Management,2024-08-18,2024-09-08,Completed
761,762,Data Analysis,2025-04-23,2025-05-22,Completed
762,762,Leadership,2023-06-14,2023-06-21,Ongoing
763,763,Python Basics,2025-04-12,2025-04-28,Ongoing
764,764,Project Management,2023-12-27,2024-01-05,Not Started
765,764,Communication Skills,2024-10-30,2024-11-04,Not Started
766,765,Data Analysis,2023-07-08,2023-07-24,Completed
767,766,Data Analysis,2024-09-12,2024-10-06,Not Started
768,766,Project Management,2023-06-29,2023-07-29,Completed
769,767,Communication Skills,2025-05-14,2025-06-09,Completed
770,767,Python Basics,2024-10-19,2024-11-11,Not Started
771,770,Leadership,2024-03-11,2024-03-24,Not Started
772,770,Communication Skills,2023-11-21,2023-12-19,Completed
773,771,Communication Skills,2023-06-23,2023-06-29,Ongoing
774,771,Python Basics,2024-10-02,2024-11-01,Completed
775,772,Data Analysis,2024-09-24,2024-10-10,Not Started
776,772,Python Basics,2024-07-05,2024-08-04,Ongoing
777,774,Communication Skills,2024-05-30,2024-06-04,Not Started
778,775,Communication Skills,2024-06-11,2024-06-25,Completed
779,775,Python Basics,2024-10-09,2024-10-16,Ongoing
780,777,Python Basics,2025-04-26,2025-05-06,Completed
781,777,Communication Skills,2025-05-22,2025-06-01,Not Started
782,778,Project Management,2024-11-23,2024-12-14,Not Started
783,779,Leadership,2024-09-01,2024-10-01,Completed
784,779,Python Basics,2024-01-04,2024-01-23,Completed
785,780,Communication Skills,2025-03-19,2025-04-09,Not Started
786,781,Project Management,2024-07-09,2024-07-31,Ongoing
787,781,Project Management,2024-02-14,2024-03-07,Not Started
788,785,Leadership,2024-07-10,2024-07-15,Not Started
789,785,Data Analysis,2025-02-09,2025-02-19,Completed
790,788,Project Management,2024-11-09,2024-11-26,Completed
791,788,Leadership,2023-12-27,2024-01-07,Not Started
792,789,Communication Skills,2025-04-12,2025-05-08,Ongoing
793,789,Python Basics,2025-02-22,2025-02-28,Completed
794,790,Data Analysis,2023-07-19,2023-07-30,Ongoing
795,791,Python Basics,2025-04-03,2025-04-14,Not Started
796,791,Data Analysis,2024-02-25,2024-03-22,Completed
797,792,Data Analysis,2025-01-29,2025-02-04,Not Started
798,792,Python Basics,2024-12-29,2025-01-18,Completed
799,793,Data Analysis,2024-11-05,2024-11-19,Completed
800,794,Leadership,2023-07-09,2023-08-08,Not Started
801,797,Python Basics,2024-02-28,2024-03-10,Completed
802,797,Project Management,2023-11-26,2023-12-12,Completed
803,798,Python Basics,2024-02-09,2024-02-28,Ongoing
804,798,Python Basics,2023-08-08,2023-08-24,Not Started
805,799,Leadership,2025-04-16,2025-05-06,Not Started
806,800,Communication Skills,2025-03-15,2025-03-26,Ongoing
807,802,Communication Skills,2024-10-18,2024-10-28,Not Started
808,802,Data Analysis,2023-06-25,2023-07-19,Not Started
809,804,Data Analysis,2023-07-26,2023-08-05,Completed
810,806,Communication Skills,2024-12-28,2025-01-16,Completed
811,806,Leadership,2025-01-28,2025-02-06,Not Started
812,808,Leadership,2024-08-20,2024-09-13,Completed
813,809,Python Basics,2025-03-22,2025-04-07,Ongoing
814,809,Communication Skills,2023-06-30,2023-07-12,Ongoing
815,811,Project Management,2024-09-04,2024-09-22,Not Started
816,811,Communication Skills,2024-01-12,2024-01-20,Ongoing
817,813,Data Analysis,2025-01-07,2025-01-25,Ongoing
818,813,Project Management,2024-03-08,2024-03-24,Ongoing
819,814,Communication Skills,2025-05-05,2025-05-27,Not Started
820,814,Leadership,2023-12-03,2023-12-10,Ongoing
821,815,Communication Skills,2024-12-08,2024-12-26,Not Started
822,815,Project Management,2025-03-22,2025-04-16,Completed
823,816,Leadership,2025-02-24,2025-03-11,Completed
824,816,Leadership,2024-01-12,2024-01-25,Not Started
825,817,Python Basics,2024-06-14,2024-06-25,Ongoing
826,817,Communication Skills,2024-05-20,2024-06-12,Completed
827,818,Data Analysis,2025-05-15,2025-05-29,Ongoing
828,821,Communication Skills,2023-10-02,2023-10-16,Completed
829,822,Python Basics,2024-05-31,2024-06-12,Not Started
830,823,Leadership,2024-01-31,2024-02-27,Completed
831,824,Project Management,2025-04-27,2025-05-22,Not Started
832,824,Communication Skills,2024-07-09,2024-07-30,Ongoing
833,825,Python Basics,2024-08-10,2024-08-20,Not Started
834,826,Leadership,2024-04-14,2024-05-05,Completed
835,827,Project Management,2024-01-27,2024-02-10,Ongoing
836,827,Data Analysis,2024-05-06,2024-05-23,Not Started
837,828,Python Basics,2024-01-03,2024-01-17,Ongoing
838,829,Data Analysis,2023-09-04,2023-10-02,Ongoing
839,829,Python Basics,2024-08-03,2024-08-31,Not Started
840,830,Communication Skills,2025-05-22,2025-06-14,Ongoing
841,830,Python Basics,2025-04-17,2025-05-06,Not Started
842,831,Communication Skills,2024-03-20,2024-04-06,Ongoing
843,831,Project Management,2024-07-02,2024-07-25,Ongoing
844,833,Python Basics,2024-09-16,2024-09-24,Not Started
845,833,Leadership,2024-08-25,2024-09-13,Completed
846,834,Leadership,2025-05-07,2025-05-17,Ongoing
847,835,Project Management,2023-10-20,2023-11-11,Ongoing
848,836,Project Management,2024-05-14,2024-05-28,Ongoing
849,837,Data Analysis,2025-03-09,2025-03-17,Not Started
850,839,Communication Skills,2024-02-26,2024-03-03,Completed
851,839,Python Basics,2024-08-16,2024-09-08,Completed
852,840,Data Analysis,2024-06-02,2024-06-10,Not Started
853,840,Data Analysis,2023-07-08,2023-07-15,Ongoing
854,841,Data Analysis,2025-04-10,2025-04-19,Completed
855,841,Project Management,2023-09-25,2023-10-02,Completed
856,844,Python Basics,2023-11-20,2023-12-02,Not Started
857,844,Communication Skills,2024-11-15,2024-11-28,Completed
858,845,Communication Skills,2023-09-19,2023-10-10,Completed
859,850,Python Basics,2024-10-06,2024-10-24,Completed
860,850,Leadership,2024-04-16,2024-05-15,Completed
861,851,Project Management,2023-08-07,2023-08-13,Not Started
862,855,Project Management,2024-06-08,2024-06-23,Ongoing
863,856,Leadership,2023-11-04,2023-11-20,Ongoing
864,857,Leadership,2023-05-26,2023-06-15,Ongoing
865,858,Data Analysis,2024-04-03,2024-04-20,Not Started
866,858,Data Analysis,2024-03-03,2024-03-19,Not Started
867,859,Leadership,2023-11-05,2023-12-02,Completed
868,859,Python Basics,2023-10-07,2023-11-06,Ongoing
869,860,Communication Skills,2025-05-18,2025-06-01,Completed
870,860,Leadership,2024-05-27,2024-06-22,Completed
871,862,Data Analysis,2023-11-10,2023-12-09,Completed
872,863,Communication Skills,2024-01-01,2024-01-22,Not Started
873,864,Data Analysis,2024-08-23,2024-09-03,Completed
874,866,Data Analysis,2025-03-03,2025-03-13,Ongoing
875,866,Project Management,2025-01-13,2025-01-20,Not Started
876,868,Data Analysis,2024-11-27,2024-12-11,Completed
877,868,Communication Skills,2025-05-15,2025-06-10,Completed
878,869,Communication Skills,2024-04-12,2024-04-27,Not Started
879,870,Leadership,2025-01-04,2025-01-22,Ongoing
880,870,Project Management,2023-06-14,2023-07-14,Ongoing
881,872,Communication Skills,2024-12-10,2024-12-26,Not Started
882,873,Communication Skills,2024-04-17,2024-05-02,Ongoing
883,875,Communication Skills,2023-11-15,2023-12-10,Completed
884,876,Project Management,2023-11-17,2023-11-24,Completed
885,877,Leadership,2023-09-27,2023-10-11,Not Started
886,878,Data Analysis,2024-11-30,2024-12-25,Ongoing
887,880,Python Basics,2024-10-24,2024-11-18,Not Started
888,880,Communication Skills,2024-10-19,2024-11-06,Ongoing
889,881,Python Basics,2023-10-05,2023-10-23,Ongoing
890,881,Communication Skills,2024-04-24,2024-05-02,Not Started
891,882,Data Analysis,2024-07-12,2024-08-01,Not Started
892,884,Leadership,2024-06-05,2024-06-24,Not Started
893,884,Leadership,2023-08-15,2023-09-12,Completed
894,885,Python Basics,2023-10-20,2023-10-27,Not Started
895,885,Python Basics,2025-04-30,2025-05-27,Completed
896,886,Python Basics,2024-08-07,2024-09-04,Not Started
897,886,Leadership,2024-03-20,2024-04-05,Not Started
898,887,Python Basics,2025-04-12,2025-04-30,Completed
899,887,Communication Skills,2025-04-08,2025-04-19,Not Started
900,888,Data Analysis,2025-02-25,2025-03-15,Not Started
901,889,Data Analysis,2023-07-28,2023-08-05,Ongoing
902,892,Project Management,2024-09-09,2024-09-30,Completed
903,892,Communication Skills,2023-12-06,2023-12-22,Ongoing
904,893,Leadership,2025-02-03,2025-02-26,Ongoing
905,896,Data Analysis,2024-05-05,2024-05-20,Ongoing
906,896,Data Analysis,2023-06-10,2023-06-27,Ongoing
907,897,Project Management,2024-01-05,2024-01-24,Completed
908,897,Python Basics,2025-04-19,2025-05-18,Not Started
909,898,Data Analysis,2025-04-26,2025-05-19,Not Started
910,898,Data Analysis,2025-02-10,2025-03-06,Ongoing
911,899,Leadership,2023-09-28,2023-10-08,Ongoing
912,899,Python Basics,2023-10-05,2023-10-20,Ongoing
913,902,Project Management,2023-08-24,2023-09-16,Ongoing
914,902,Python Basics,2024-02-06,2024-02-23,Ongoing
915,903,Project Management,2023-06-11,2023-07-04,Not Started
916,905,Leadership,2025-02-01,2025-02-18,Completed
917,905,Python Basics,2024-11-28,2024-12-14,Ongoing
918,906,Data Analysis,2023-11-18,2023-12-03,Ongoing
919,906,Data Analysis,2025-02-14,2025-02-25,Not Started
920,908,Communication Skills,2024-09-15,2024-09-26,Ongoing
921,909,Project Management,2025-02-11,2025-02-25,Not Started
922,909,Leadership,2024-11-11,2024-11-25,Ongoing
923,910,Python Basics,2024-03-08,2024-04-01,Ongoing
924,911,Data Analysis,2023-11-17,2023-12-16,Not Started
925,912,Project Management,2025-04-25,2025-05-16,Completed
926,913,Leadership,2023-06-23,2023-07-04,Ongoing
927,913,Leadership,2023-06-01,2023-06-12,Not Started
928,915,Leadership,2025-03-26,2025-04-16,Ongoing
929,917,Data Analysis,2024-05-02,2024-05-22,Not Started
930,918,Data Analysis,2024-11-27,2024-12-14,Ongoing
931,920,Data Analysis,2023-08-29,2023-09-13,Not Started
932,922,Data Analysis,2024-12-12,2024-12-24,Ongoing
933,923,Communication Skills,2024-03-07,2024-03-21,Ongoing
934,924,Leadership,2025-03-29,2025-04-06,Completed
935,926,Data Analysis,2024-04-14,2024-05-03,Ongoing
936,926,Communication Skills,2024-09-12,2024-10-03,Ongoing
937,927,Project Management,2023-11-21,2023-12-17,Not Started
938,928,Project Management,2023-11-05,2023-11-11,Ongoing
939,928,Python Basics,2023-09-22,2023-10-22,Completed
940,929,Data Analysis,2024-03-29,2024-04-20,Ongoing
941,930,Project Management,2025-02-03,2025-03-02,Completed
942,931,Data Analysis,2023-09-09,2023-09-14,Ongoing
943,932,Leadership,2025-03-10,2025-04-05,Ongoing
944,932,Data Analysis,2024-05-14,2024-05-24,Completed
945,934,Python Basics,2024-09-02,2024-09-22,Ongoing
946,934,Leadership,2024-12-20,2025-01-11,Not Started
947,935,Data Analysis,2024-07-15,2024-07-28,Ongoing
948,936,Leadership,2024-05-15,2024-06-07,Not Started
949,937,Leadership,2024-10-22,2024-11-13,Ongoing
950,939,Python Basics,2024-11-02,2024-11-11,Not Started
951,940,Python Basics,2023-10-12,2023-11-09,Not Started
952,944,Leadership,2023-10-23,2023-10-31,Ongoing
953,944,Python Basics,2024-02-04,2024-03-04,Ongoing
954,945,Communication Skills,2024-03-05,2024-03-29,Completed
955,945,Communication Skills,2024-02-23,2024-03-18,Not Started
956,946,Leadership,2023-07-22,2023-08-05,Completed
957,946,Project Management,2024-08-07,2024-08-13,Completed
958,947,Data Analysis,2023-08-25,2023-09-01,Ongoing
959,949,Leadership,2024-12-13,2024-12-24,Completed
960,949,Project Management,2023-06-13,2023-06-18,Ongoing
961,950,Data Analysis,2023-09-13,2023-10-03,Ongoing
962,950,Communication Skills,2024-09-15,2024-09-27,Not Started
963,952,Leadership,2025-01-06,2025-01-19,Ongoing
964,955,Project Management,2023-07-28,2023-08-19,Not Started
965,956,Data Analysis,2023-07-19,2023-08-07,Not Started
966,956,Leadership,2024-06-30,2024-07-16,Not Started
967,958,Leadership,2024-07-19,2024-08-13,Completed
968,959,Project Management,2023-11-12,2023-12-12,Ongoing
969,959,Communication Skills,2024-08-14,2024-09-13,Ongoing
970,960,Data Analysis,2024-03-25,2024-04-11,Not Started
971,962,Data Analysis,2024-07-05,2024-07-13,Ongoing
972,962,Leadership,2024-03-09,2024-03-23,Ongoing
973,963,Leadership,2024-04-24,2024-05-13,Ongoing
974,963,Python Basics,2024-08-18,2024-08-30,Not Started
975,968,Python Basics,2024-09-25,2024-10-08,Ongoing
976,971,Project Management,2024-08-15,2024-08-30,Ongoing
977,972,Project Management,2024-01-10,2024-01-29,Not Started
978,972,Python Basics,2024-01-03,2024-01-20,Not Started
979,973,Project Management,2023-09-01,2023-09-16,Ongoing
980,973,Communication Skills,2024-01-27,2024-02-02,Completed
981,974,Communication Skills,2024-06-25,2024-07-16,Ongoing
982,974,Data Analysis,2025-01-27,2025-02-01,Not Started
983,975,Python Basics,2024-11-27,2024-12-07,Ongoing
984,975,Project Management,2025-01-22,2025-02-15,Not Started
985,976,Python Basics,2023-12-30,2024-01-25,Not Started
986,977,Project Management,2024-04-25,2024-05-02,Not Started
987,977,Python Basics,2023-07-07,2023-07-23,Ongoing
988,978,Project Management,2023-06-01,2023-06-27,Not Started
989,979,Leadership,2024-11-03,2024-11-15,Completed
990,981,Python Basics,2023-06-27,2023-07-10,Ongoing
991,981,Communication Skills,2024-05-01,2024-05-18,Not Started
992,982,Data Analysis,2023-12-13,2024-01-09,Completed
993,983,Project Management,2024-08-27,2024-09-26,Not Started
994,983,Data Analysis,2024-05-05,2024-05-12,Completed
995,985,Data Analysis,2024-04-24,2024-05-18,Not Started
996,985,Python Basics,2025-04-19,2025-05-09,Not Started
997,986,Python Basics,2024-02-03,2024-02-17,Ongoing
998,987,Python Basics,2024-03-13,2024-03-23,Ongoing
999,987,Python Basics,2025-03-17,2025-03-31,Not Started
1000,990,Python Basics,2024-06-18,2024-07-08,Completed
1001,990,Communication Skills,2024-06-07,2024-06-23,Ongoing
1002,991,Project Management,2024-03-01,2024-03-11,Not Started
1003,992,Leadership,2025-04-18,2025-05-13,Completed
1004,992,Leadership,2024-11-17,2024-11-30,Not Started
1005,993,Python Basics,2023-11-05,2023-11-24,Ongoing
1006,994,Data Analysis,2024-02-24,2024-03-18,Completed
1007,994,Data Analysis,2024-05-20,2024-06-17,Not Started
1008,996,Project Management,2025-01-23,2025-01-28,Completed
1009,998,Python Basics,2023-06-12,2023-06-18,Ongoing
1010,998,Leadership,2025-01-19,2025-02-08,Completed
1011,1000,Communication Skills,2025-01-24,2025-02-15,Not Started
