leave_id,empID,leave_type,start_date,end_date,status
1,1,Paid,2025-01-11,2025-01-19,Rejected
2,1,Sick,2025-11-26,2025-12-04,Pending
3,1,Sick,2025-11-23,2025-11-27,Pending
4,1,Sick,2025-09-17,2025-09-18,Rejected
5,2,Casual,2025-10-02,2025-10-10,Rejected
6,2,Sick,2025-08-13,2025-08-23,Rejected
7,2,Paid,2025-12-20,2025-12-23,Rejected
8,2,Unpaid,2025-02-06,2025-02-09,Approved
9,4,Paid,2025-10-14,2025-10-22,Pending
10,4,Casual,2025-04-09,2025-04-13,Rejected
11,4,Paid,2025-04-17,2025-04-18,Approved
12,5,Sick,2025-12-22,2025-12-29,Pending
13,6,Paid,2025-11-05,2025-11-08,Rejected
14,7,Unpaid,2025-07-05,2025-07-15,Pending
15,7,Sick,2025-02-20,2025-02-27,Approved
16,7,Casual,2025-07-18,2025-07-21,Pending
17,9,Casual,2025-04-16,2025-04-26,Pending
18,9,Casual,2025-05-12,2025-05-15,Pending
19,9,Casual,2025-10-18,2025-10-24,Pending
20,9,Sick,2025-11-07,2025-11-16,Pending
21,10,Paid,2025-08-16,2025-08-23,Pending
22,10,Unpaid,2025-03-10,2025-03-14,Pending
23,10,Sick,2025-02-07,2025-02-15,Approved
24,11,Paid,2025-02-12,2025-02-19,Pending
25,12,Casual,2025-06-07,2025-06-13,Rejected
26,12,Paid,2025-05-27,2025-05-30,Rejected
27,13,Unpaid,2025-07-20,2025-07-21,Pending
28,15,Unpaid,2025-04-17,2025-04-27,Approved
29,15,Paid,2025-12-25,2025-12-28,Rejected
30,16,Sick,2025-08-18,2025-08-28,Pending
31,16,Unpaid,2025-08-13,2025-08-15,Rejected
32,16,Unpaid,2025-08-18,2025-08-20,Approved
33,16,Casual,2025-11-20,2025-11-26,Approved
34,17,Unpaid,2025-02-02,2025-02-08,Pending
35,18,Sick,2025-02-25,2025-03-03,Pending
36,18,Casual,2025-08-04,2025-08-11,Rejected
37,18,Casual,2025-07-07,2025-07-08,Rejected
38,18,Unpaid,2025-03-27,2025-03-31,Rejected
39,19,Casual,2025-03-18,2025-03-21,Approved
40,20,Paid,2025-07-04,2025-07-09,Pending
41,21,Sick,2025-06-27,2025-07-07,Rejected
42,22,Sick,2025-04-17,2025-04-19,Rejected
43,22,Paid,2025-11-20,2025-11-21,Rejected
44,22,Unpaid,2025-05-15,2025-05-17,Pending
45,23,Paid,2025-03-10,2025-03-13,Rejected
46,23,Casual,2025-01-24,2025-01-31,Rejected
47,23,Sick,2025-01-05,2025-01-07,Pending
48,24,Casual,2025-07-03,2025-07-08,Approved
49,24,Unpaid,2025-08-15,2025-08-24,Approved
50,25,Paid,2025-03-25,2025-03-27,Rejected
51,25,Unpaid,2025-08-01,2025-08-08,Rejected
52,26,Sick,2025-06-28,2025-07-06,Approved
53,27,Unpaid,2025-11-12,2025-11-21,Rejected
54,27,Casual,2025-07-05,2025-07-08,Approved
55,27,Casual,2025-08-09,2025-08-17,Approved
56,28,Casual,2025-12-23,2025-12-29,Pending
57,28,Sick,2025-05-28,2025-06-02,Approved
58,28,Sick,2025-12-24,2025-12-26,Approved
59,28,Unpaid,2025-01-31,2025-02-01,Rejected
60,29,Paid,2025-06-21,2025-06-23,Pending
61,30,Unpaid,2025-07-16,2025-07-25,Approved
62,30,Unpaid,2025-03-20,2025-03-25,Rejected
63,30,Paid,2025-05-15,2025-05-22,Rejected
64,30,Paid,2025-10-06,2025-10-11,Rejected
65,31,Paid,2025-05-11,2025-05-19,Rejected
66,31,Sick,2025-12-05,2025-12-14,Approved
67,31,Sick,2025-11-03,2025-11-06,Approved
68,31,Sick,2025-11-27,2025-11-30,Approved
69,32,Sick,2025-12-06,2025-12-13,Rejected
70,33,Sick,2025-10-02,2025-10-03,Rejected
71,33,Unpaid,2025-06-22,2025-06-30,Approved
72,34,Paid,2025-08-30,2025-09-09,Pending
73,34,Sick,2025-02-02,2025-02-06,Pending
74,35,Casual,2025-01-20,2025-01-29,Rejected
75,35,Unpaid,2025-07-29,2025-08-07,Approved
76,35,Paid,2025-07-15,2025-07-22,Pending
77,36,Sick,2025-10-06,2025-10-12,Approved
78,36,Casual,2025-06-28,2025-07-03,Approved
79,36,Paid,2025-05-20,2025-05-28,Rejected
80,37,Sick,2025-11-09,2025-11-17,Approved
81,37,Sick,2025-04-19,2025-04-20,Pending
82,37,Sick,2025-03-04,2025-03-06,Rejected
83,37,Sick,2025-07-12,2025-07-21,Rejected
84,39,Casual,2025-09-14,2025-09-20,Pending
85,39,Sick,2025-10-25,2025-10-30,Rejected
86,39,Paid,2025-01-31,2025-02-02,Rejected
87,39,Paid,2025-06-13,2025-06-23,Approved
88,40,Unpaid,2025-05-13,2025-05-23,Rejected
89,43,Unpaid,2025-10-15,2025-10-22,Rejected
90,43,Unpaid,2025-06-08,2025-06-09,Pending
91,43,Sick,2025-07-14,2025-07-19,Pending
92,43,Paid,2025-04-28,2025-05-06,Approved
93,44,Unpaid,2025-06-05,2025-06-13,Rejected
94,44,Unpaid,2025-12-03,2025-12-09,Approved
95,44,Sick,2025-09-27,2025-09-28,Pending
96,44,Sick,2025-03-01,2025-03-10,Approved
97,45,Casual,2025-08-20,2025-08-24,Rejected
98,46,Sick,2025-04-29,2025-05-04,Rejected
99,46,Casual,2025-06-28,2025-07-04,Pending
100,48,Casual,2025-05-02,2025-05-04,Rejected
101,49,Casual,2025-08-16,2025-08-25,Pending
102,49,Unpaid,2025-11-05,2025-11-14,Pending
103,51,Casual,2025-08-08,2025-08-18,Approved
104,51,Paid,2025-05-07,2025-05-11,Rejected
105,51,Casual,2025-06-25,2025-06-28,Approved
106,51,Sick,2025-08-01,2025-08-11,Pending
107,52,Paid,2025-12-19,2025-12-29,Approved
108,52,Unpaid,2025-02-09,2025-02-14,Pending
109,52,Casual,2025-04-02,2025-04-07,Pending
110,54,Casual,2025-09-24,2025-10-02,Rejected
111,55,Unpaid,2025-03-04,2025-03-07,Pending
112,55,Casual,2025-05-30,2025-05-31,Rejected
113,55,Paid,2025-08-29,2025-09-01,Approved
114,55,Paid,2025-11-14,2025-11-16,Pending
115,56,Casual,2025-08-31,2025-09-07,Rejected
116,56,Casual,2025-09-27,2025-09-29,Pending
117,56,Unpaid,2025-11-28,2025-12-07,Approved
118,56,Sick,2025-08-06,2025-08-12,Approved
119,57,Unpaid,2025-12-17,2025-12-24,Approved
120,57,Paid,2025-10-22,2025-10-27,Rejected
121,58,Casual,2025-03-25,2025-03-31,Pending
122,58,Casual,2025-10-01,2025-10-10,Pending
123,58,Casual,2025-09-26,2025-10-05,Pending
124,59,Casual,2025-05-08,2025-05-10,Pending
125,60,Sick,2025-02-18,2025-02-19,Pending
126,60,Unpaid,2025-01-24,2025-01-25,Approved
127,60,Sick,2025-08-23,2025-08-24,Rejected
128,60,Casual,2025-06-09,2025-06-15,Approved
129,61,Casual,2025-05-12,2025-05-21,Approved
130,61,Casual,2025-05-10,2025-05-14,Rejected
131,61,Unpaid,2025-01-29,2025-02-04,Pending
132,61,Unpaid,2025-06-18,2025-06-24,Rejected
133,62,Paid,2025-12-06,2025-12-13,Pending
134,63,Sick,2025-09-05,2025-09-06,Rejected
135,63,Casual,2025-05-02,2025-05-07,Pending
136,63,Casual,2025-03-06,2025-03-09,Approved
137,64,Paid,2025-10-31,2025-11-09,Pending
138,66,Unpaid,2025-09-25,2025-10-03,Rejected
139,68,Unpaid,2025-02-26,2025-03-01,Rejected
140,68,Paid,2025-01-18,2025-01-23,Pending
141,69,Paid,2025-01-31,2025-02-07,Approved
142,69,Casual,2025-08-08,2025-08-11,Pending
143,69,Paid,2025-01-29,2025-02-08,Approved
144,69,Paid,2025-10-21,2025-10-22,Rejected
145,71,Casual,2025-11-19,2025-11-24,Approved
146,71,Casual,2025-02-06,2025-02-10,Approved
147,72,Sick,2025-02-23,2025-02-27,Approved
148,72,Unpaid,2025-11-30,2025-12-01,Approved
149,72,Sick,2025-05-13,2025-05-22,Rejected
150,73,Sick,2025-04-25,2025-04-30,Approved
151,73,Sick,2025-01-15,2025-01-19,Rejected
152,74,Paid,2025-07-07,2025-07-13,Approved
153,74,Casual,2025-07-09,2025-07-14,Approved
154,75,Casual,2025-04-16,2025-04-19,Rejected
155,75,Unpaid,2025-05-02,2025-05-10,Approved
156,75,Unpaid,2025-05-24,2025-05-27,Pending
157,76,Casual,2025-03-03,2025-03-11,Rejected
158,77,Unpaid,2025-06-25,2025-07-02,Approved
159,77,Unpaid,2025-12-08,2025-12-10,Pending
160,77,Unpaid,2025-08-14,2025-08-18,Rejected
161,78,Unpaid,2025-12-22,2025-12-25,Approved
162,78,Unpaid,2025-01-03,2025-01-11,Approved
163,78,Unpaid,2025-11-10,2025-11-20,Approved
164,78,Unpaid,2025-04-20,2025-04-23,Pending
165,80,Casual,2025-02-12,2025-02-14,Rejected
166,81,Unpaid,2025-10-23,2025-10-24,Rejected
167,81,Sick,2025-02-05,2025-02-12,Rejected
168,81,Paid,2025-09-13,2025-09-17,Approved
169,81,Paid,2025-04-01,2025-04-06,Rejected
170,82,Paid,2025-08-20,2025-08-25,Pending
171,83,Sick,2025-11-20,2025-11-30,Pending
172,83,Unpaid,2025-12-08,2025-12-09,Rejected
173,83,Paid,2025-10-24,2025-11-03,Rejected
174,84,Casual,2025-09-02,2025-09-05,Approved
175,84,Sick,2025-09-23,2025-10-01,Pending
176,84,Casual,2025-09-30,2025-10-04,Approved
177,85,Unpaid,2025-08-23,2025-08-26,Pending
178,86,Sick,2025-07-17,2025-07-22,Pending
179,86,Paid,2025-07-27,2025-08-02,Approved
180,86,Casual,2025-04-22,2025-04-27,Pending
181,86,Sick,2025-06-06,2025-06-08,Pending
182,87,Paid,2025-10-07,2025-10-15,Approved
183,88,Paid,2025-09-26,2025-09-29,Pending
184,88,Paid,2025-01-06,2025-01-13,Approved
185,88,Casual,2025-10-15,2025-10-23,Rejected
186,88,Sick,2025-12-04,2025-12-09,Approved
187,89,Sick,2025-03-06,2025-03-10,Approved
188,89,Casual,2025-10-15,2025-10-23,Approved
189,90,Casual,2025-07-26,2025-07-31,Rejected
190,91,Paid,2025-06-13,2025-06-23,Rejected
191,91,Casual,2025-09-07,2025-09-17,Rejected
192,92,Casual,2025-12-17,2025-12-25,Rejected
193,92,Unpaid,2025-08-06,2025-08-16,Pending
194,92,Sick,2025-12-11,2025-12-15,Approved
195,92,Sick,2025-11-29,2025-12-03,Approved
196,93,Sick,2025-12-16,2025-12-18,Pending
197,93,Sick,2025-11-11,2025-11-12,Rejected
198,93,Paid,2025-03-07,2025-03-10,Pending
199,93,Casual,2025-11-09,2025-11-10,Approved
200,95,Unpaid,2025-04-18,2025-04-23,Approved
201,95,Paid,2025-08-29,2025-09-03,Approved
202,95,Sick,2025-10-21,2025-10-23,Approved
203,96,Sick,2025-06-16,2025-06-24,Rejected
204,96,Sick,2025-05-11,2025-05-16,Rejected
205,96,Unpaid,2025-03-06,2025-03-08,Rejected
206,96,Paid,2025-06-04,2025-06-13,Pending
207,97,Sick,2025-03-10,2025-03-15,Rejected
208,97,Paid,2025-11-15,2025-11-20,Rejected
209,97,Sick,2025-07-18,2025-07-27,Approved
210,98,Casual,2025-11-17,2025-11-26,Rejected
211,98,Unpaid,2025-12-01,2025-12-10,Pending
212,98,Sick,2025-11-10,2025-11-18,Rejected
213,99,Paid,2025-07-09,2025-07-15,Pending
214,101,Sick,2025-07-21,2025-07-28,Rejected
215,101,Paid,2025-10-23,2025-10-31,Approved
216,101,Unpaid,2025-03-07,2025-03-12,Approved
217,101,Casual,2025-06-13,2025-06-17,Rejected
218,102,Sick,2025-06-11,2025-06-12,Pending
219,103,Casual,2025-04-09,2025-04-19,Approved
220,104,Unpaid,2025-03-09,2025-03-12,Pending
221,104,Sick,2025-08-14,2025-08-18,Pending
222,104,Unpaid,2025-09-02,2025-09-08,Pending
223,105,Paid,2025-02-15,2025-02-17,Approved
224,105,Paid,2025-07-03,2025-07-08,Pending
225,106,Paid,2025-04-25,2025-05-01,Approved
226,106,Paid,2025-01-18,2025-01-27,Pending
227,106,Casual,2025-03-31,2025-04-07,Approved
228,106,Unpaid,2025-10-23,2025-10-31,Rejected
229,107,Unpaid,2025-11-13,2025-11-16,Approved
230,108,Sick,2025-05-12,2025-05-17,Pending
231,108,Sick,2025-12-07,2025-12-16,Rejected
232,109,Sick,2025-07-31,2025-08-01,Rejected
233,110,Unpaid,2025-02-25,2025-03-01,Approved
234,111,Sick,2025-06-01,2025-06-08,Rejected
235,111,Casual,2025-12-10,2025-12-20,Rejected
236,111,Sick,2025-11-19,2025-11-23,Pending
237,112,Casual,2025-08-23,2025-09-02,Pending
238,112,Sick,2025-06-08,2025-06-14,Pending
239,112,Sick,2025-07-16,2025-07-26,Rejected
240,112,Paid,2025-04-26,2025-04-27,Approved
241,114,Sick,2025-07-08,2025-07-17,Rejected
242,114,Unpaid,2025-02-05,2025-02-09,Pending
243,114,Sick,2025-03-07,2025-03-17,Pending
244,114,Unpaid,2025-09-19,2025-09-23,Rejected
245,115,Paid,2025-10-31,2025-11-05,Approved
246,115,Unpaid,2025-07-14,2025-07-24,Pending
247,116,Unpaid,2025-07-27,2025-08-01,Pending
248,116,Sick,2025-05-12,2025-05-22,Pending
249,116,Casual,2025-01-24,2025-01-29,Pending
250,117,Casual,2025-12-28,2026-01-02,Rejected
251,117,Paid,2025-09-30,2025-10-04,Approved
252,117,Sick,2025-04-29,2025-05-09,Rejected
253,118,Casual,2025-06-16,2025-06-18,Pending
254,118,Paid,2025-01-16,2025-01-18,Pending
255,119,Unpaid,2025-08-09,2025-08-13,Approved
256,119,Paid,2025-10-07,2025-10-17,Rejected
257,120,Unpaid,2025-12-16,2025-12-22,Rejected
258,120,Unpaid,2025-10-29,2025-11-01,Rejected
259,121,Casual,2025-08-12,2025-08-22,Approved
260,123,Casual,2025-11-03,2025-11-07,Rejected
261,123,Unpaid,2025-02-13,2025-02-15,Approved
262,123,Casual,2025-09-16,2025-09-25,Rejected
263,123,Unpaid,2025-03-13,2025-03-17,Approved
264,124,Casual,2025-05-24,2025-06-03,Rejected
265,125,Paid,2025-12-06,2025-12-10,Approved
266,125,Sick,2025-09-16,2025-09-25,Rejected
267,126,Paid,2025-12-15,2025-12-22,Approved
268,126,Casual,2025-04-24,2025-05-02,Rejected
269,127,Sick,2025-10-27,2025-11-01,Approved
270,127,Sick,2025-04-03,2025-04-11,Approved
271,127,Paid,2025-04-29,2025-05-09,Rejected
272,127,Unpaid,2025-07-04,2025-07-13,Approved
273,129,Sick,2025-02-04,2025-02-14,Rejected
274,129,Sick,2025-08-04,2025-08-05,Rejected
275,129,Sick,2025-08-31,2025-09-03,Approved
276,129,Casual,2025-05-06,2025-05-07,Approved
277,132,Paid,2025-08-02,2025-08-07,Approved
278,132,Unpaid,2025-07-12,2025-07-20,Approved
279,132,Paid,2025-07-12,2025-07-22,Pending
280,133,Sick,2025-05-15,2025-05-21,Rejected
281,134,Casual,2025-10-08,2025-10-17,Rejected
282,134,Paid,2025-02-13,2025-02-18,Pending
283,134,Paid,2025-01-29,2025-02-03,Approved
284,134,Sick,2025-07-12,2025-07-15,Approved
285,135,Unpaid,2025-08-29,2025-09-01,Approved
286,136,Sick,2025-06-20,2025-06-21,Rejected
287,136,Paid,2025-07-20,2025-07-23,Approved
288,136,Unpaid,2025-09-17,2025-09-19,Approved
289,136,Casual,2025-03-20,2025-03-29,Rejected
290,137,Paid,2025-05-17,2025-05-18,Rejected
291,137,Unpaid,2025-08-26,2025-09-05,Approved
292,138,Unpaid,2025-04-14,2025-04-22,Pending
293,138,Sick,2025-02-04,2025-02-06,Pending
294,139,Sick,2025-06-10,2025-06-16,Pending
295,139,Sick,2025-12-31,2026-01-03,Pending
296,139,Sick,2025-11-04,2025-11-11,Approved
297,143,Sick,2025-12-24,2025-12-26,Approved
298,143,Sick,2025-07-08,2025-07-17,Approved
299,144,Unpaid,2025-05-23,2025-05-26,Pending
300,144,Paid,2025-11-29,2025-12-05,Rejected
301,144,Paid,2025-03-01,2025-03-03,Pending
302,144,Unpaid,2025-04-20,2025-04-28,Approved
303,145,Sick,2025-07-24,2025-08-02,Pending
304,145,Casual,2025-07-13,2025-07-22,Pending
305,145,Sick,2025-03-31,2025-04-02,Approved
306,145,Paid,2025-10-15,2025-10-19,Approved
307,146,Unpaid,2025-01-17,2025-01-26,Rejected
308,146,Unpaid,2025-08-11,2025-08-13,Pending
309,146,Unpaid,2025-12-14,2025-12-22,Pending
310,147,Sick,2025-11-16,2025-11-18,Rejected
311,147,Unpaid,2025-03-03,2025-03-10,Pending
312,147,Sick,2025-03-28,2025-04-07,Pending
313,148,Casual,2025-07-13,2025-07-22,Approved
314,148,Sick,2025-03-15,2025-03-19,Rejected
315,148,Casual,2025-02-24,2025-02-28,Rejected
316,148,Sick,2025-08-27,2025-09-03,Pending
317,149,Unpaid,2025-06-06,2025-06-09,Pending
318,150,Unpaid,2025-03-04,2025-03-07,Pending
319,150,Casual,2025-03-24,2025-04-02,Rejected
320,150,Unpaid,2025-08-02,2025-08-08,Rejected
321,150,Sick,2025-09-02,2025-09-09,Pending
322,151,Sick,2025-10-27,2025-10-29,Pending
323,152,Unpaid,2025-03-31,2025-04-08,Approved
324,152,Paid,2025-01-22,2025-01-26,Rejected
325,152,Sick,2025-06-19,2025-06-29,Approved
326,152,Sick,2025-05-06,2025-05-10,Pending
327,153,Sick,2025-05-17,2025-05-22,Pending
328,153,Casual,2025-04-28,2025-05-03,Rejected
329,153,Paid,2025-01-31,2025-02-03,Pending
330,153,Paid,2025-01-19,2025-01-29,Pending
331,154,Sick,2025-01-22,2025-01-24,Rejected
332,154,Unpaid,2025-12-14,2025-12-21,Pending
333,155,Sick,2025-03-20,2025-03-22,Pending
334,156,Unpaid,2025-06-18,2025-06-22,Approved
335,158,Sick,2025-11-23,2025-11-28,Approved
336,158,Sick,2025-09-17,2025-09-22,Approved
337,158,Sick,2025-08-03,2025-08-05,Pending
338,159,Paid,2025-02-03,2025-02-06,Rejected
339,159,Unpaid,2025-02-12,2025-02-14,Approved
340,160,Casual,2025-08-21,2025-08-23,Rejected
341,160,Sick,2025-02-16,2025-02-23,Approved
342,160,Sick,2025-09-13,2025-09-22,Pending
343,160,Unpaid,2025-12-05,2025-12-07,Approved
344,161,Sick,2025-08-25,2025-09-02,Pending
345,161,Paid,2025-05-29,2025-06-06,Pending
346,163,Unpaid,2025-05-04,2025-05-08,Rejected
347,164,Sick,2025-05-03,2025-05-08,Rejected
348,164,Unpaid,2025-03-24,2025-03-28,Pending
349,165,Unpaid,2025-05-27,2025-06-05,Rejected
350,165,Sick,2025-04-01,2025-04-05,Pending
351,165,Casual,2025-03-27,2025-03-28,Pending
352,165,Casual,2025-11-03,2025-11-13,Approved
353,166,Paid,2025-01-20,2025-01-27,Rejected
354,166,Paid,2025-12-23,2026-01-01,Approved
355,166,Casual,2025-12-06,2025-12-13,Pending
356,167,Casual,2025-03-06,2025-03-16,Pending
357,167,Sick,2025-08-19,2025-08-21,Approved
358,167,Sick,2025-07-01,2025-07-03,Pending
359,168,Paid,2025-04-30,2025-05-05,Approved
360,168,Casual,2025-12-16,2025-12-25,Rejected
361,168,Casual,2025-09-13,2025-09-20,Approved
362,169,Paid,2025-07-03,2025-07-12,Rejected
363,170,Casual,2025-03-01,2025-03-07,Rejected
364,170,Unpaid,2025-05-17,2025-05-20,Approved
365,171,Unpaid,2025-03-16,2025-03-18,Approved
366,171,Sick,2025-10-02,2025-10-07,Approved
367,171,Casual,2025-04-29,2025-05-06,Approved
368,171,Casual,2025-06-17,2025-06-27,Pending
369,172,Paid,2025-11-05,2025-11-12,Pending
370,172,Casual,2025-12-15,2025-12-23,Rejected
371,173,Sick,2025-05-29,2025-06-04,Rejected
372,174,Casual,2025-01-15,2025-01-24,Pending
373,174,Casual,2025-05-29,2025-06-07,Approved
374,174,Casual,2025-06-25,2025-07-01,Rejected
375,174,Casual,2025-08-04,2025-08-10,Approved
376,175,Sick,2025-03-15,2025-03-24,Rejected
377,175,Paid,2025-02-09,2025-02-19,Pending
378,175,Sick,2025-10-07,2025-10-17,Pending
379,176,Sick,2025-02-13,2025-02-17,Pending
380,176,Sick,2025-12-05,2025-12-14,Pending
381,176,Paid,2025-05-25,2025-05-29,Approved
382,177,Casual,2025-01-12,2025-01-18,Rejected
383,177,Sick,2025-02-25,2025-03-03,Approved
384,179,Unpaid,2025-03-21,2025-03-26,Rejected
385,179,Paid,2025-12-25,2025-12-29,Rejected
386,180,Paid,2025-06-23,2025-07-03,Pending
387,180,Casual,2025-01-03,2025-01-05,Approved
388,180,Casual,2025-11-06,2025-11-16,Rejected
389,180,Unpaid,2025-10-23,2025-10-24,Pending
390,181,Sick,2025-07-23,2025-07-29,Approved
391,181,Paid,2025-07-12,2025-07-15,Pending
392,181,Sick,2025-10-16,2025-10-24,Rejected
393,182,Sick,2025-03-24,2025-03-25,Rejected
394,182,Casual,2025-10-07,2025-10-08,Pending
395,182,Paid,2025-03-17,2025-03-23,Pending
396,183,Sick,2025-02-23,2025-02-28,Rejected
397,183,Sick,2025-03-09,2025-03-16,Rejected
398,183,Sick,2025-08-26,2025-08-31,Pending
399,183,Casual,2025-09-05,2025-09-15,Approved
400,184,Unpaid,2025-09-18,2025-09-28,Approved
401,184,Unpaid,2025-06-07,2025-06-10,Rejected
402,184,Unpaid,2025-03-09,2025-03-11,Rejected
403,185,Casual,2025-08-14,2025-08-17,Pending
404,187,Unpaid,2025-02-21,2025-02-24,Pending
405,187,Casual,2025-06-03,2025-06-10,Approved
406,187,Paid,2025-12-15,2025-12-19,Approved
407,188,Unpaid,2025-06-23,2025-06-27,Rejected
408,189,Casual,2025-07-27,2025-07-30,Pending
409,189,Sick,2025-02-21,2025-02-27,Rejected
410,189,Unpaid,2025-06-29,2025-06-30,Approved
411,190,Sick,2025-10-18,2025-10-28,Pending
412,190,Casual,2025-07-20,2025-07-30,Rejected
413,190,Unpaid,2025-05-03,2025-05-07,Approved
414,191,Sick,2025-12-14,2025-12-20,Approved
415,191,Paid,2025-11-01,2025-11-08,Pending
416,191,Unpaid,2025-06-23,2025-07-02,Pending
417,194,Paid,2025-05-21,2025-05-30,Rejected
418,194,Unpaid,2025-08-20,2025-08-24,Rejected
419,195,Unpaid,2025-06-21,2025-06-22,Approved
420,195,Sick,2025-08-25,2025-08-26,Approved
421,195,Unpaid,2025-11-10,2025-11-11,Approved
422,196,Casual,2025-11-28,2025-12-04,Pending
423,197,Unpaid,2025-08-20,2025-08-21,Rejected
424,197,Casual,2025-10-02,2025-10-10,Rejected
425,197,Unpaid,2025-09-22,2025-09-26,Rejected
426,197,Casual,2025-03-28,2025-04-03,Rejected
427,198,Sick,2025-01-04,2025-01-05,Approved
428,198,Paid,2025-03-31,2025-04-10,Rejected
429,199,Unpaid,2025-02-09,2025-02-19,Rejected
430,201,Paid,2025-01-19,2025-01-26,Rejected
431,201,Paid,2025-06-30,2025-07-04,Approved
432,203,Casual,2025-01-12,2025-01-19,Rejected
433,203,Paid,2025-04-07,2025-04-12,Approved
434,206,Paid,2025-07-02,2025-07-04,Rejected
435,207,Paid,2025-02-28,2025-03-02,Rejected
436,207,Paid,2025-01-19,2025-01-27,Approved
437,207,Unpaid,2025-09-17,2025-09-20,Approved
438,208,Casual,2025-07-27,2025-08-05,Rejected
439,209,Paid,2025-03-25,2025-03-26,Pending
440,210,Paid,2025-03-12,2025-03-20,Rejected
441,211,Unpaid,2025-01-28,2025-01-29,Rejected
442,211,Unpaid,2025-01-07,2025-01-15,Approved
443,212,Sick,2025-12-16,2025-12-23,Approved
444,213,Sick,2025-06-05,2025-06-12,Pending
445,213,Sick,2025-06-13,2025-06-15,Approved
446,215,Sick,2025-09-25,2025-10-05,Rejected
447,215,Paid,2025-11-20,2025-11-23,Pending
448,215,Sick,2025-08-13,2025-08-21,Approved
449,216,Paid,2025-03-24,2025-03-27,Pending
450,216,Unpaid,2025-06-15,2025-06-16,Approved
451,216,Paid,2025-08-10,2025-08-14,Rejected
452,217,Paid,2025-02-13,2025-02-20,Pending
453,217,Paid,2025-06-10,2025-06-15,Pending
454,217,Unpaid,2025-10-27,2025-11-06,Rejected
455,218,Casual,2025-09-03,2025-09-12,Approved
456,218,Sick,2025-11-15,2025-11-24,Rejected
457,218,Unpaid,2025-02-10,2025-02-17,Pending
458,218,Casual,2025-04-27,2025-05-03,Approved
459,221,Casual,2025-08-07,2025-08-14,Approved
460,221,Casual,2025-11-19,2025-11-29,Approved
461,222,Casual,2025-01-18,2025-01-21,Pending
462,222,Unpaid,2025-11-02,2025-11-06,Pending
463,223,Sick,2025-06-18,2025-06-19,Rejected
464,224,Casual,2025-05-04,2025-05-10,Approved
465,224,Unpaid,2025-08-02,2025-08-07,Pending
466,225,Casual,2025-11-17,2025-11-18,Approved
467,225,Unpaid,2025-03-22,2025-03-25,Pending
468,225,Paid,2025-03-12,2025-03-22,Rejected
469,226,Unpaid,2025-08-30,2025-09-02,Approved
470,226,Casual,2025-02-05,2025-02-15,Rejected
471,226,Unpaid,2025-09-11,2025-09-19,Approved
472,226,Paid,2025-04-25,2025-05-02,Rejected
473,228,Sick,2025-10-31,2025-11-03,Approved
474,229,Paid,2025-06-02,2025-06-07,Rejected
475,229,Unpaid,2025-06-30,2025-07-08,Pending
476,229,Sick,2025-03-13,2025-03-20,Rejected
477,229,Unpaid,2025-09-08,2025-09-14,Approved
478,230,Casual,2025-11-07,2025-11-10,Rejected
479,230,Casual,2025-07-14,2025-07-24,Approved
480,230,Paid,2025-12-09,2025-12-16,Rejected
481,231,Paid,2025-08-30,2025-09-05,Pending
482,231,Paid,2025-02-02,2025-02-05,Approved
483,231,Sick,2025-08-09,2025-08-13,Pending
484,233,Casual,2025-12-20,2025-12-30,Approved
485,233,Unpaid,2025-09-01,2025-09-04,Approved
486,233,Unpaid,2025-04-29,2025-05-07,Rejected
487,234,Unpaid,2025-12-18,2025-12-27,Approved
488,235,Casual,2025-07-12,2025-07-14,Rejected
489,235,Paid,2025-11-08,2025-11-18,Approved
490,235,Casual,2025-11-30,2025-12-10,Approved
491,235,Casual,2025-12-13,2025-12-19,Pending
492,236,Paid,2025-07-31,2025-08-04,Approved
493,236,Unpaid,2025-05-07,2025-05-08,Approved
494,236,Sick,2025-05-05,2025-05-12,Pending
495,239,Unpaid,2025-09-09,2025-09-16,Approved
496,242,Sick,2025-04-03,2025-04-07,Approved
497,242,Sick,2025-08-24,2025-08-29,Rejected
498,244,Unpaid,2025-07-24,2025-07-27,Approved
499,244,Sick,2025-08-25,2025-08-26,Pending
500,245,Paid,2025-03-11,2025-03-18,Approved
501,246,Unpaid,2025-01-12,2025-01-15,Pending
502,246,Casual,2025-12-13,2025-12-17,Pending
503,246,Paid,2025-02-24,2025-03-06,Approved
504,246,Sick,2025-12-18,2025-12-28,Approved
505,247,Casual,2025-10-25,2025-11-01,Pending
506,247,Unpaid,2025-02-08,2025-02-09,Approved
507,247,Paid,2025-02-15,2025-02-16,Pending
508,247,Unpaid,2025-11-03,2025-11-07,Rejected
509,248,Casual,2025-05-10,2025-05-17,Rejected
510,248,Paid,2025-06-13,2025-06-22,Approved
511,248,Sick,2025-02-11,2025-02-13,Rejected
512,249,Sick,2025-04-05,2025-04-13,Pending
513,249,Casual,2025-06-27,2025-07-02,Pending
514,249,Sick,2025-08-03,2025-08-08,Pending
515,249,Unpaid,2025-02-08,2025-02-17,Rejected
516,250,Unpaid,2025-06-26,2025-06-28,Rejected
517,250,Casual,2025-10-09,2025-10-18,Rejected
518,252,Unpaid,2025-02-13,2025-02-17,Rejected
519,252,Sick,2025-10-20,2025-10-23,Rejected
520,253,Sick,2025-03-06,2025-03-15,Approved
521,253,Sick,2025-07-11,2025-07-18,Rejected
522,255,Unpaid,2025-08-28,2025-08-30,Approved
523,255,Casual,2025-08-08,2025-08-09,Pending
524,255,Unpaid,2025-07-02,2025-07-12,Rejected
525,255,Unpaid,2025-08-04,2025-08-05,Pending
526,256,Paid,2025-01-04,2025-01-05,Approved
527,256,Sick,2025-09-26,2025-09-27,Approved
528,257,Casual,2025-01-18,2025-01-23,Rejected
529,257,Unpaid,2025-01-14,2025-01-23,Rejected
530,258,Sick,2025-01-24,2025-02-01,Rejected
531,258,Casual,2025-05-09,2025-05-14,Rejected
532,258,Unpaid,2025-07-02,2025-07-12,Pending
533,258,Casual,2025-07-21,2025-07-24,Rejected
534,260,Unpaid,2025-02-13,2025-02-14,Approved
535,260,Casual,2025-09-05,2025-09-12,Rejected
536,260,Casual,2025-08-16,2025-08-24,Pending
537,260,Unpaid,2025-11-05,2025-11-08,Rejected
538,262,Unpaid,2025-01-14,2025-01-22,Approved
539,262,Sick,2025-12-01,2025-12-05,Rejected
540,263,Sick,2025-08-14,2025-08-16,Approved
541,263,Unpaid,2025-11-30,2025-12-07,Approved
542,263,Casual,2025-05-02,2025-05-10,Approved
543,263,Casual,2025-02-28,2025-03-07,Pending
544,267,Casual,2025-03-15,2025-03-18,Rejected
545,267,Unpaid,2025-11-26,2025-12-05,Rejected
546,267,Unpaid,2025-12-18,2025-12-26,Rejected
547,267,Casual,2025-12-09,2025-12-10,Pending
548,268,Casual,2025-04-07,2025-04-09,Rejected
549,268,Sick,2025-11-09,2025-11-12,Approved
550,269,Casual,2025-09-10,2025-09-16,Pending
551,269,Unpaid,2025-05-08,2025-05-18,Approved
552,269,Unpaid,2025-08-17,2025-08-18,Pending
553,269,Paid,2025-03-19,2025-03-26,Approved
554,271,Unpaid,2025-07-04,2025-07-07,Pending
555,271,Unpaid,2025-09-24,2025-09-25,Approved
556,272,Casual,2025-11-22,2025-11-26,Approved
557,272,Casual,2025-01-10,2025-01-18,Pending
558,273,Unpaid,2025-01-15,2025-01-21,Pending
559,273,Unpaid,2025-12-31,2026-01-08,Pending
560,274,Sick,2025-07-16,2025-07-26,Approved
561,275,Sick,2025-11-04,2025-11-06,Approved
562,276,Unpaid,2025-08-30,2025-09-09,Rejected
563,276,Casual,2025-10-10,2025-10-11,Pending
564,276,Unpaid,2025-05-06,2025-05-16,Approved
565,277,Sick,2025-06-18,2025-06-20,Rejected
566,277,Paid,2025-04-24,2025-05-01,Pending
567,277,Casual,2025-08-27,2025-08-29,Approved
568,277,Casual,2025-06-09,2025-06-12,Approved
569,278,Casual,2025-01-12,2025-01-21,Rejected
570,278,Unpaid,2025-11-19,2025-11-20,Approved
571,278,Casual,2025-05-05,2025-05-08,Rejected
572,279,Sick,2025-07-01,2025-07-05,Rejected
573,279,Paid,2025-10-25,2025-10-26,Rejected
574,281,Casual,2025-10-28,2025-11-07,Pending
575,281,Unpaid,2025-04-17,2025-04-24,Approved
576,281,Unpaid,2025-08-26,2025-09-04,Approved
577,281,Sick,2025-06-29,2025-07-08,Rejected
578,284,Sick,2025-07-02,2025-07-08,Approved
579,285,Unpaid,2025-09-04,2025-09-09,Rejected
580,285,Paid,2025-04-22,2025-04-28,Approved
581,285,Casual,2025-12-28,2025-12-31,Rejected
582,285,Unpaid,2025-07-07,2025-07-13,Pending
583,287,Sick,2025-01-09,2025-01-15,Approved
584,287,Casual,2025-11-01,2025-11-03,Pending
585,287,Casual,2025-12-07,2025-12-08,Pending
586,287,Sick,2025-10-27,2025-10-31,Pending
587,288,Unpaid,2025-11-16,2025-11-21,Rejected
588,289,Casual,2025-08-17,2025-08-26,Pending
589,290,Unpaid,2025-04-04,2025-04-14,Rejected
590,290,Paid,2025-06-05,2025-06-06,Rejected
591,290,Casual,2025-04-13,2025-04-21,Rejected
592,290,Unpaid,2025-06-23,2025-06-24,Rejected
593,291,Sick,2025-10-07,2025-10-08,Approved
594,291,Paid,2025-01-15,2025-01-25,Pending
595,291,Unpaid,2025-05-27,2025-06-06,Pending
596,291,Unpaid,2025-04-14,2025-04-18,Rejected
597,292,Paid,2025-12-04,2025-12-08,Approved
598,292,Sick,2025-01-10,2025-01-20,Pending
599,292,Unpaid,2025-11-26,2025-11-27,Rejected
600,293,Casual,2025-12-03,2025-12-07,Pending
601,293,Sick,2025-09-22,2025-09-29,Rejected
602,293,Casual,2025-07-19,2025-07-20,Pending
603,294,Sick,2025-02-22,2025-02-23,Approved
604,294,Sick,2025-04-25,2025-05-03,Rejected
605,295,Paid,2025-07-02,2025-07-06,Rejected
606,295,Casual,2025-03-25,2025-03-30,Rejected
607,295,Unpaid,2025-08-16,2025-08-23,Pending
608,296,Paid,2025-03-06,2025-03-15,Approved
609,296,Sick,2025-11-27,2025-11-30,Pending
610,296,Casual,2025-09-02,2025-09-11,Approved
611,296,Casual,2025-01-17,2025-01-19,Pending
612,297,Paid,2025-11-30,2025-12-07,Approved
613,297,Unpaid,2025-03-06,2025-03-10,Rejected
614,297,Paid,2025-02-09,2025-02-19,Rejected
615,297,Paid,2025-12-06,2025-12-12,Approved
616,299,Unpaid,2025-12-29,2026-01-02,Pending
617,299,Sick,2025-03-22,2025-03-29,Pending
618,299,Paid,2025-01-17,2025-01-25,Pending
619,300,Unpaid,2025-06-19,2025-06-28,Approved
620,300,Unpaid,2025-12-17,2025-12-24,Pending
621,300,Casual,2025-03-19,2025-03-26,Pending
622,300,Unpaid,2025-02-09,2025-02-15,Rejected
623,301,Paid,2025-07-17,2025-07-20,Approved
624,301,Casual,2025-02-03,2025-02-07,Rejected
625,301,Paid,2025-07-24,2025-08-01,Pending
626,301,Paid,2025-08-07,2025-08-12,Pending
627,302,Sick,2025-11-16,2025-11-22,Rejected
628,302,Casual,2025-05-07,2025-05-15,Pending
629,302,Paid,2025-12-22,2026-01-01,Approved
630,302,Casual,2025-01-29,2025-02-07,Approved
631,303,Paid,2025-02-12,2025-02-17,Pending
632,304,Paid,2025-06-18,2025-06-28,Approved
633,304,Unpaid,2025-02-03,2025-02-10,Rejected
634,305,Sick,2025-08-01,2025-08-10,Rejected
635,305,Unpaid,2025-01-06,2025-01-13,Approved
636,305,Sick,2025-08-04,2025-08-11,Rejected
637,305,Casual,2025-11-26,2025-11-28,Approved
638,306,Casual,2025-06-02,2025-06-04,Approved
639,306,Paid,2025-12-07,2025-12-17,Approved
640,307,Casual,2025-12-30,2026-01-06,Rejected
641,307,Casual,2025-05-05,2025-05-08,Rejected
642,307,Paid,2025-11-07,2025-11-17,Pending
643,308,Unpaid,2025-05-09,2025-05-19,Pending
644,308,Paid,2025-10-03,2025-10-05,Approved
645,308,Casual,2025-10-29,2025-11-05,Rejected
646,309,Unpaid,2025-04-29,2025-04-30,Pending
647,309,Sick,2025-08-26,2025-09-01,Pending
648,309,Sick,2025-01-29,2025-02-02,Pending
649,310,Unpaid,2025-02-12,2025-02-22,Rejected
650,310,Casual,2025-11-09,2025-11-12,Pending
651,311,Paid,2025-01-24,2025-01-26,Approved
652,312,Casual,2025-06-21,2025-06-26,Approved
653,312,Casual,2025-04-09,2025-04-10,Rejected
654,312,Paid,2025-05-25,2025-06-04,Pending
655,312,Unpaid,2025-05-26,2025-05-27,Pending
656,313,Sick,2025-05-06,2025-05-12,Rejected
657,313,Casual,2025-09-28,2025-10-08,Pending
658,314,Casual,2025-11-23,2025-11-27,Pending
659,315,Paid,2025-10-24,2025-10-25,Approved
660,317,Casual,2025-08-28,2025-09-02,Rejected
661,318,Paid,2025-10-25,2025-11-03,Rejected
662,319,Paid,2025-08-31,2025-09-08,Pending
663,320,Sick,2025-12-18,2025-12-19,Rejected
664,320,Paid,2025-10-12,2025-10-22,Rejected
665,320,Casual,2025-01-11,2025-01-16,Approved
666,320,Casual,2025-10-26,2025-10-30,Pending
667,323,Casual,2025-11-28,2025-12-03,Approved
668,324,Paid,2025-04-22,2025-04-23,Rejected
669,324,Sick,2025-12-10,2025-12-15,Pending
670,324,Unpaid,2025-03-12,2025-03-14,Approved
671,325,Unpaid,2025-09-29,2025-10-02,Rejected
672,326,Paid,2025-06-13,2025-06-18,Rejected
673,326,Casual,2025-01-11,2025-01-13,Approved
674,326,Paid,2025-04-05,2025-04-15,Approved
675,326,Sick,2025-02-04,2025-02-14,Rejected
676,327,Paid,2025-06-30,2025-07-08,Pending
677,327,Sick,2025-07-18,2025-07-27,Approved
678,328,Paid,2025-08-02,2025-08-07,Rejected
679,328,Casual,2025-01-02,2025-01-04,Pending
680,328,Unpaid,2025-10-11,2025-10-17,Pending
681,329,Paid,2025-07-18,2025-07-26,Approved
682,329,Casual,2025-12-06,2025-12-14,Pending
683,329,Casual,2025-07-06,2025-07-16,Pending
684,330,Paid,2025-01-22,2025-01-24,Approved
685,330,Sick,2025-11-01,2025-11-11,Pending
686,331,Casual,2025-07-14,2025-07-15,Rejected
687,331,Unpaid,2025-05-01,2025-05-05,Approved
688,333,Paid,2025-11-12,2025-11-16,Approved
689,333,Sick,2025-11-14,2025-11-20,Rejected
690,333,Unpaid,2025-01-17,2025-01-20,Approved
691,333,Casual,2025-03-13,2025-03-21,Approved
692,334,Casual,2025-11-21,2025-11-24,Rejected
693,334,Unpaid,2025-12-02,2025-12-10,Approved
694,335,Sick,2025-08-10,2025-08-17,Approved
695,335,Unpaid,2025-12-13,2025-12-16,Pending
696,336,Paid,2025-04-04,2025-04-11,Pending
697,336,Paid,2025-11-16,2025-11-21,Pending
698,336,Sick,2025-11-07,2025-11-08,Rejected
699,336,Casual,2025-11-13,2025-11-19,Rejected
700,338,Casual,2025-01-03,2025-01-13,Approved
701,339,Unpaid,2025-08-09,2025-08-13,Approved
702,340,Casual,2025-01-08,2025-01-17,Approved
703,340,Paid,2025-10-26,2025-10-30,Approved
704,340,Sick,2025-08-10,2025-08-12,Rejected
705,343,Sick,2025-11-11,2025-11-15,Approved
706,344,Sick,2025-05-05,2025-05-13,Approved
707,344,Paid,2025-09-11,2025-09-19,Approved
708,345,Paid,2025-03-09,2025-03-12,Approved
709,347,Paid,2025-10-07,2025-10-08,Pending
710,347,Unpaid,2025-06-05,2025-06-07,Rejected
711,347,Casual,2025-10-16,2025-10-19,Rejected
712,347,Unpaid,2025-10-23,2025-10-31,Pending
713,348,Unpaid,2025-07-09,2025-07-12,Pending
714,348,Unpaid,2025-07-14,2025-07-22,Rejected
715,350,Sick,2025-12-01,2025-12-10,Approved
716,350,Casual,2025-09-24,2025-09-27,Pending
717,350,Paid,2025-08-12,2025-08-20,Approved
718,351,Casual,2025-08-26,2025-08-30,Rejected
719,351,Unpaid,2025-02-08,2025-02-17,Approved
720,351,Unpaid,2025-06-13,2025-06-22,Rejected
721,351,Sick,2025-11-04,2025-11-07,Approved
722,354,Paid,2025-08-11,2025-08-15,Approved
723,354,Casual,2025-01-11,2025-01-21,Approved
724,355,Paid,2025-10-01,2025-10-07,Pending
725,355,Casual,2025-09-29,2025-10-09,Rejected
726,356,Sick,2025-04-07,2025-04-12,Approved
727,356,Casual,2025-04-28,2025-05-02,Pending
728,356,Casual,2025-01-17,2025-01-25,Pending
729,357,Casual,2025-07-17,2025-07-23,Rejected
730,357,Paid,2025-06-12,2025-06-13,Rejected
731,357,Sick,2025-10-20,2025-10-28,Pending
732,358,Casual,2025-12-05,2025-12-10,Approved
733,358,Casual,2025-07-31,2025-08-04,Approved
734,359,Casual,2025-08-12,2025-08-17,Rejected
735,359,Sick,2025-07-13,2025-07-14,Rejected
736,359,Unpaid,2025-10-28,2025-10-31,Pending
737,360,Casual,2025-05-17,2025-05-20,Approved
738,360,Paid,2025-11-09,2025-11-14,Pending
739,360,Paid,2025-05-31,2025-06-02,Approved
740,361,Paid,2025-11-09,2025-11-14,Pending
741,362,Sick,2025-03-15,2025-03-18,Pending
742,362,Unpaid,2025-06-18,2025-06-19,Pending
743,363,Paid,2025-10-10,2025-10-15,Approved
744,366,Casual,2025-08-23,2025-08-27,Rejected
745,366,Paid,2025-10-19,2025-10-25,Rejected
746,367,Sick,2025-12-17,2025-12-24,Rejected
747,367,Sick,2025-10-22,2025-11-01,Pending
748,367,Casual,2025-07-10,2025-07-17,Pending
749,367,Unpaid,2025-08-15,2025-08-23,Rejected
750,368,Unpaid,2025-09-04,2025-09-05,Approved
751,370,Casual,2025-01-07,2025-01-09,Approved
752,371,Unpaid,2025-09-10,2025-09-16,Approved
753,371,Casual,2025-08-14,2025-08-18,Approved
754,371,Unpaid,2025-05-15,2025-05-23,Rejected
755,372,Casual,2025-01-05,2025-01-15,Pending
756,372,Sick,2025-09-15,2025-09-22,Pending
757,372,Casual,2025-07-18,2025-07-25,Pending
758,372,Unpaid,2025-06-22,2025-06-26,Pending
759,373,Paid,2025-06-13,2025-06-21,Approved
760,374,Paid,2025-07-18,2025-07-21,Approved
761,374,Paid,2025-04-05,2025-04-09,Rejected
762,375,Paid,2025-12-22,2025-12-26,Approved
763,375,Casual,2025-11-02,2025-11-07,Approved
764,375,Casual,2025-04-04,2025-04-08,Rejected
765,376,Paid,2025-11-19,2025-11-20,Approved
766,376,Paid,2025-06-22,2025-07-01,Rejected
767,377,Unpaid,2025-12-03,2025-12-12,Rejected
768,378,Paid,2025-08-19,2025-08-27,Approved
769,378,Unpaid,2025-02-05,2025-02-06,Approved
770,378,Sick,2025-05-14,2025-05-15,Approved
771,378,Unpaid,2025-08-09,2025-08-15,Pending
772,379,Unpaid,2025-10-23,2025-10-24,Approved
773,379,Paid,2025-01-20,2025-01-24,Approved
774,380,Casual,2025-12-11,2025-12-16,Rejected
775,380,Sick,2025-10-29,2025-11-01,Rejected
776,381,Unpaid,2025-12-07,2025-12-13,Rejected
777,381,Unpaid,2025-12-26,2026-01-05,Approved
778,382,Unpaid,2025-05-25,2025-06-02,Rejected
779,382,Casual,2025-08-11,2025-08-17,Approved
780,383,Casual,2025-07-08,2025-07-12,Pending
781,383,Paid,2025-07-04,2025-07-09,Pending
782,384,Sick,2025-06-23,2025-07-02,Rejected
783,386,Sick,2025-02-17,2025-02-26,Approved
784,386,Casual,2025-09-05,2025-09-15,Pending
785,387,Paid,2025-09-25,2025-09-29,Rejected
786,387,Unpaid,2025-09-23,2025-09-24,Pending
787,387,Casual,2025-07-08,2025-07-11,Pending
788,387,Paid,2025-09-24,2025-09-25,Rejected
789,388,Casual,2025-07-31,2025-08-10,Approved
790,388,Casual,2025-03-15,2025-03-22,Pending
791,390,Casual,2025-07-04,2025-07-11,Pending
792,390,Unpaid,2025-12-09,2025-12-16,Approved
793,391,Unpaid,2025-08-08,2025-08-17,Pending
794,391,Sick,2025-09-15,2025-09-18,Rejected
795,391,Paid,2025-07-04,2025-07-05,Pending
796,392,Sick,2025-03-03,2025-03-08,Approved
797,394,Unpaid,2025-09-04,2025-09-14,Rejected
798,394,Unpaid,2025-11-12,2025-11-22,Approved
799,394,Sick,2025-12-28,2026-01-04,Rejected
800,394,Unpaid,2025-10-20,2025-10-22,Approved
801,395,Sick,2025-01-14,2025-01-17,Rejected
802,395,Paid,2025-05-23,2025-05-29,Approved
803,395,Unpaid,2025-06-27,2025-07-06,Approved
804,395,Unpaid,2025-12-13,2025-12-18,Rejected
805,396,Casual,2025-06-25,2025-07-02,Approved
806,396,Casual,2025-09-24,2025-09-26,Rejected
807,396,Sick,2025-10-01,2025-10-02,Rejected
808,398,Sick,2025-11-01,2025-11-04,Approved
809,399,Unpaid,2025-12-07,2025-12-09,Pending
810,399,Casual,2025-01-19,2025-01-29,Pending
811,399,Paid,2025-09-12,2025-09-14,Approved
812,399,Sick,2025-04-15,2025-04-20,Pending
813,402,Unpaid,2025-11-02,2025-11-09,Approved
814,403,Casual,2025-06-15,2025-06-17,Pending
815,403,Sick,2025-02-04,2025-02-12,Pending
816,403,Sick,2025-04-02,2025-04-06,Approved
817,404,Unpaid,2025-02-06,2025-02-07,Approved
818,404,Casual,2025-11-11,2025-11-13,Approved
819,404,Paid,2025-01-03,2025-01-05,Approved
820,404,Unpaid,2025-02-08,2025-02-10,Pending
821,405,Sick,2025-02-15,2025-02-17,Approved
822,405,Paid,2025-09-02,2025-09-10,Pending
823,405,Casual,2025-08-04,2025-08-06,Pending
824,408,Paid,2025-02-21,2025-02-28,Rejected
825,408,Unpaid,2025-10-15,2025-10-21,Approved
826,408,Paid,2025-11-08,2025-11-13,Rejected
827,408,Unpaid,2025-08-07,2025-08-10,Approved
828,409,Unpaid,2025-10-06,2025-10-14,Rejected
829,409,Sick,2025-10-11,2025-10-18,Pending
830,409,Paid,2025-05-21,2025-05-31,Pending
831,409,Paid,2025-11-01,2025-11-05,Rejected
832,410,Casual,2025-05-14,2025-05-19,Rejected
833,411,Casual,2025-10-09,2025-10-12,Rejected
834,411,Casual,2025-04-14,2025-04-23,Approved
835,412,Sick,2025-05-10,2025-05-16,Pending
836,412,Casual,2025-05-14,2025-05-21,Approved
837,413,Sick,2025-04-12,2025-04-18,Rejected
838,413,Casual,2025-09-12,2025-09-14,Approved
839,413,Casual,2025-03-14,2025-03-15,Approved
840,415,Casual,2025-01-23,2025-01-28,Pending
841,416,Sick,2025-05-09,2025-05-18,Approved
842,416,Casual,2025-12-02,2025-12-06,Pending
843,416,Casual,2025-10-02,2025-10-05,Pending
844,416,Sick,2025-02-12,2025-02-13,Rejected
845,417,Casual,2025-12-25,2025-12-28,Rejected
846,417,Sick,2025-09-04,2025-09-05,Rejected
847,417,Unpaid,2025-10-18,2025-10-19,Rejected
848,418,Unpaid,2025-11-19,2025-11-25,Rejected
849,418,Sick,2025-01-15,2025-01-16,Pending
850,418,Sick,2025-03-06,2025-03-12,Rejected
851,419,Paid,2025-12-01,2025-12-08,Pending
852,419,Casual,2025-05-09,2025-05-13,Rejected
853,419,Paid,2025-01-05,2025-01-14,Pending
854,420,Sick,2025-08-02,2025-08-06,Approved
855,421,Sick,2025-09-16,2025-09-18,Rejected
856,423,Unpaid,2025-02-13,2025-02-14,Pending
857,424,Paid,2025-03-23,2025-04-02,Rejected
858,424,Sick,2025-04-08,2025-04-18,Approved
859,426,Paid,2025-09-07,2025-09-08,Rejected
860,427,Sick,2025-10-02,2025-10-11,Approved
861,428,Unpaid,2025-06-28,2025-07-01,Pending
862,428,Casual,2025-03-29,2025-04-01,Pending
863,430,Casual,2025-12-05,2025-12-08,Rejected
864,430,Casual,2025-07-16,2025-07-22,Pending
865,430,Unpaid,2025-04-22,2025-05-02,Rejected
866,430,Sick,2025-05-21,2025-05-23,Pending
867,431,Sick,2025-06-11,2025-06-15,Pending
868,431,Sick,2025-04-15,2025-04-16,Approved
869,431,Casual,2025-10-30,2025-11-07,Rejected
870,433,Sick,2025-05-07,2025-05-11,Pending
871,433,Paid,2025-08-04,2025-08-12,Rejected
872,433,Unpaid,2025-08-28,2025-09-05,Rejected
873,433,Sick,2025-09-25,2025-09-27,Approved
874,434,Unpaid,2025-06-13,2025-06-19,Rejected
875,434,Paid,2025-08-30,2025-09-06,Pending
876,434,Paid,2025-10-02,2025-10-04,Pending
877,435,Unpaid,2025-11-21,2025-11-24,Pending
878,436,Sick,2025-09-07,2025-09-11,Pending
879,436,Casual,2025-04-07,2025-04-09,Pending
880,437,Sick,2025-07-14,2025-07-22,Approved
881,437,Paid,2025-07-23,2025-08-01,Approved
882,438,Casual,2025-05-10,2025-05-17,Pending
883,439,Paid,2025-03-19,2025-03-23,Approved
884,440,Unpaid,2025-01-02,2025-01-03,Pending
885,441,Paid,2025-03-19,2025-03-25,Pending
886,441,Paid,2025-08-24,2025-08-27,Approved
887,442,Sick,2025-09-27,2025-10-02,Pending
888,442,Sick,2025-09-14,2025-09-21,Pending
889,443,Casual,2025-04-28,2025-05-06,Pending
890,443,Paid,2025-05-06,2025-05-14,Pending
891,444,Paid,2025-03-20,2025-03-30,Rejected
892,445,Unpaid,2025-02-07,2025-02-10,Rejected
893,446,Paid,2025-02-09,2025-02-14,Approved
894,446,Paid,2025-03-13,2025-03-21,Approved
895,446,Sick,2025-08-22,2025-08-28,Approved
896,446,Paid,2025-03-17,2025-03-24,Rejected
897,447,Sick,2025-11-13,2025-11-19,Approved
898,447,Paid,2025-08-04,2025-08-12,Approved
899,448,Casual,2025-10-01,2025-10-11,Approved
900,449,Paid,2025-03-07,2025-03-17,Approved
901,449,Casual,2025-08-28,2025-09-04,Rejected
902,449,Paid,2025-09-22,2025-09-25,Approved
903,449,Paid,2025-09-12,2025-09-20,Approved
904,450,Casual,2025-08-01,2025-08-04,Approved
905,451,Casual,2025-10-31,2025-11-03,Approved
906,451,Casual,2025-11-19,2025-11-26,Approved
907,452,Casual,2025-01-31,2025-02-03,Approved
908,453,Sick,2025-11-25,2025-11-28,Pending
909,454,Paid,2025-05-13,2025-05-20,Approved
910,455,Unpaid,2025-01-19,2025-01-26,Rejected
911,458,Paid,2025-02-03,2025-02-08,Approved
912,459,Sick,2025-12-20,2025-12-21,Approved
913,460,Paid,2025-03-06,2025-03-14,Pending
914,460,Casual,2026-01-02,2026-01-10,Approved
915,461,Sick,2025-01-23,2025-02-02,Approved
916,461,Unpaid,2025-09-18,2025-09-25,Pending
917,461,Paid,2025-02-18,2025-02-24,Pending
918,461,Unpaid,2025-09-18,2025-09-27,Rejected
919,462,Casual,2025-09-27,2025-10-01,Rejected
920,462,Paid,2025-06-02,2025-06-10,Approved
921,462,Paid,2025-04-12,2025-04-19,Approved
922,463,Sick,2025-06-27,2025-07-03,Approved
923,463,Unpaid,2025-11-18,2025-11-27,Rejected
924,464,Unpaid,2025-09-04,2025-09-08,Pending
925,465,Sick,2025-01-21,2025-01-24,Approved
926,465,Paid,2025-03-02,2025-03-05,Pending
927,465,Paid,2025-04-19,2025-04-23,Approved
928,465,Sick,2025-01-05,2025-01-07,Rejected
929,466,Unpaid,2025-12-18,2025-12-28,Rejected
930,466,Unpaid,2025-06-22,2025-06-27,Approved
931,466,Paid,2025-03-24,2025-03-31,Rejected
932,467,Sick,2025-07-06,2025-07-15,Pending
933,468,Casual,2025-11-29,2025-12-05,Approved
934,468,Paid,2025-04-28,2025-05-06,Pending
935,468,Casual,2025-01-18,2025-01-27,Approved
936,468,Sick,2026-01-02,2026-01-04,Rejected
937,469,Paid,2025-01-29,2025-02-07,Approved
938,469,Unpaid,2025-05-19,2025-05-28,Rejected
939,469,Unpaid,2025-08-25,2025-08-31,Pending
940,470,Casual,2025-12-06,2025-12-11,Rejected
941,470,Sick,2025-06-19,2025-06-28,Pending
942,470,Sick,2025-09-12,2025-09-13,Rejected
943,471,Sick,2025-08-31,2025-09-03,Pending
944,471,Sick,2025-05-12,2025-05-18,Rejected
945,471,Sick,2025-10-31,2025-11-04,Approved
946,471,Unpaid,2025-12-20,2025-12-30,Pending
947,472,Sick,2025-10-22,2025-10-29,Pending
948,473,Unpaid,2025-10-01,2025-10-02,Pending
949,473,Casual,2025-07-03,2025-07-13,Rejected
950,474,Casual,2025-08-12,2025-08-15,Pending
951,475,Sick,2025-01-06,2025-01-16,Pending
952,475,Sick,2025-10-27,2025-11-02,Approved
953,475,Paid,2025-11-10,2025-11-14,Rejected
954,475,Paid,2025-10-11,2025-10-13,Rejected
955,477,Casual,2025-05-01,2025-05-09,Pending
956,477,Paid,2025-05-21,2025-05-28,Pending
957,478,Sick,2025-01-20,2025-01-26,Approved
958,478,Casual,2025-11-28,2025-12-02,Pending
959,479,Sick,2025-05-31,2025-06-01,Rejected
960,479,Sick,2025-10-13,2025-10-23,Approved
961,479,Casual,2025-08-01,2025-08-02,Rejected
962,479,Paid,2025-06-16,2025-06-20,Rejected
963,480,Paid,2025-06-13,2025-06-16,Pending
964,480,Unpaid,2025-04-05,2025-04-14,Rejected
965,480,Sick,2025-08-31,2025-09-03,Rejected
966,481,Unpaid,2025-09-08,2025-09-17,Rejected
967,481,Sick,2025-10-28,2025-11-06,Pending
968,482,Unpaid,2025-10-13,2025-10-19,Pending
969,483,Sick,2025-08-18,2025-08-19,Rejected
970,484,Paid,2025-09-27,2025-10-02,Rejected
971,484,Paid,2025-05-10,2025-05-13,Pending
972,485,Casual,2025-06-08,2025-06-12,Pending
973,485,Casual,2025-03-09,2025-03-10,Pending
974,486,Casual,2025-08-20,2025-08-30,Pending
975,486,Casual,2025-12-15,2025-12-20,Approved
976,487,Sick,2025-10-21,2025-10-30,Approved
977,488,Sick,2025-07-15,2025-07-23,Pending
978,489,Unpaid,2025-12-15,2025-12-17,Pending
979,489,Paid,2025-01-29,2025-02-06,Pending
980,489,Sick,2025-09-28,2025-10-04,Approved
981,489,Paid,2025-01-13,2025-01-16,Pending
982,490,Sick,2025-05-13,2025-05-16,Pending
983,490,Unpaid,2025-07-29,2025-08-01,Pending
984,490,Paid,2025-10-01,2025-10-03,Rejected
985,490,Paid,2025-03-11,2025-03-13,Approved
986,492,Paid,2025-05-30,2025-06-04,Approved
987,492,Casual,2025-08-10,2025-08-16,Rejected
988,492,Sick,2025-02-16,2025-02-18,Rejected
989,493,Paid,2025-07-07,2025-07-17,Rejected
990,495,Sick,2025-10-16,2025-10-21,Rejected
991,496,Paid,2025-11-10,2025-11-20,Pending
992,497,Unpaid,2025-12-18,2025-12-24,Approved
993,497,Unpaid,2025-10-10,2025-10-13,Pending
994,497,Sick,2025-05-22,2025-05-26,Rejected
995,498,Casual,2025-08-14,2025-08-16,Pending
996,498,Paid,2025-06-25,2025-06-26,Rejected
997,498,Unpaid,2025-03-28,2025-04-03,Pending
998,499,Sick,2025-06-23,2025-07-03,Approved
999,499,Unpaid,2025-09-24,2025-09-30,Approved
1000,499,Casual,2025-01-07,2025-01-12,Rejected
1001,500,Sick,2025-07-27,2025-08-04,Approved
1002,500,Unpaid,2025-06-13,2025-06-18,Pending
1003,500,Unpaid,2025-04-12,2025-04-20,Rejected
1004,500,Casual,2025-06-17,2025-06-22,Approved
1005,501,Unpaid,2025-12-02,2025-12-03,Rejected
1006,501,Unpaid,2025-08-17,2025-08-27,Rejected
1007,502,Unpaid,2025-09-22,2025-09-24,Rejected
1008,503,Paid,2025-01-17,2025-01-25,Approved
1009,503,Paid,2025-10-14,2025-10-19,Pending
1010,503,Casual,2025-12-05,2025-12-13,Approved
1011,503,Sick,2025-06-30,2025-07-10,Pending
1012,505,Casual,2025-05-08,2025-05-14,Rejected
1013,505,Paid,2025-03-24,2025-03-31,Rejected
1014,505,Sick,2025-08-17,2025-08-21,Approved
1015,505,Paid,2025-03-14,2025-03-18,Pending
1016,508,Casual,2025-03-15,2025-03-16,Pending
1017,508,Paid,2025-04-28,2025-05-04,Approved
1018,508,Casual,2025-08-04,2025-08-06,Pending
1019,509,Casual,2025-03-06,2025-03-10,Rejected
1020,510,Unpaid,2025-04-05,2025-04-06,Approved
1021,511,Paid,2025-09-02,2025-09-05,Pending
1022,511,Unpaid,2025-12-12,2025-12-17,Approved
1023,511,Sick,2025-06-27,2025-07-05,Approved
1024,512,Paid,2025-01-04,2025-01-13,Approved
1025,512,Paid,2025-06-29,2025-07-02,Rejected
1026,512,Paid,2025-07-09,2025-07-11,Approved
1027,513,Casual,2025-06-08,2025-06-16,Pending
1028,514,Unpaid,2025-02-27,2025-03-04,Pending
1029,514,Casual,2025-12-24,2025-12-27,Approved
1030,514,Paid,2025-02-26,2025-03-05,Approved
1031,514,Paid,2025-10-12,2025-10-19,Rejected
1032,518,Casual,2025-05-10,2025-05-13,Rejected
1033,520,Unpaid,2025-09-12,2025-09-19,Pending
1034,520,Casual,2025-09-30,2025-10-02,Approved
1035,520,Paid,2025-04-26,2025-05-01,Approved
1036,521,Unpaid,2025-04-20,2025-04-30,Approved
1037,521,Casual,2025-02-16,2025-02-25,Rejected
1038,521,Paid,2025-12-23,2025-12-25,Rejected
1039,522,Unpaid,2025-10-13,2025-10-15,Pending
1040,522,Paid,2025-03-01,2025-03-03,Approved
1041,522,Casual,2025-04-17,2025-04-24,Rejected
1042,522,Sick,2025-12-28,2026-01-04,Rejected
1043,524,Paid,2025-06-11,2025-06-21,Pending
1044,524,Sick,2025-11-01,2025-11-09,Approved
1045,524,Paid,2025-03-15,2025-03-16,Approved
1046,525,Unpaid,2025-11-10,2025-11-18,Rejected
1047,525,Unpaid,2025-06-12,2025-06-21,Pending
1048,526,Sick,2025-08-01,2025-08-09,Approved
1049,526,Casual,2025-11-23,2025-12-02,Approved
1050,526,Casual,2025-11-20,2025-11-23,Rejected
1051,527,Casual,2025-08-21,2025-08-26,Pending
1052,528,Sick,2025-10-07,2025-10-14,Approved
1053,529,Sick,2025-12-28,2026-01-03,Approved
1054,529,Unpaid,2025-11-26,2025-11-30,Rejected
1055,530,Casual,2025-03-03,2025-03-05,Pending
1056,530,Paid,2025-07-23,2025-07-29,Pending
1057,530,Sick,2025-10-28,2025-11-05,Approved
1058,531,Unpaid,2025-11-11,2025-11-17,Rejected
1059,531,Unpaid,2025-04-20,2025-04-30,Rejected
1060,532,Casual,2025-07-03,2025-07-04,Pending
1061,533,Unpaid,2025-05-12,2025-05-15,Rejected
1062,534,Paid,2025-03-16,2025-03-23,Approved
1063,534,Unpaid,2025-08-21,2025-08-26,Approved
1064,534,Sick,2025-01-06,2025-01-12,Rejected
1065,535,Unpaid,2025-12-22,2025-12-28,Rejected
1066,537,Sick,2025-12-23,2025-12-30,Approved
1067,537,Sick,2025-09-20,2025-09-23,Pending
1068,537,Sick,2025-10-09,2025-10-13,Approved
1069,537,Casual,2025-05-07,2025-05-16,Approved
1070,538,Unpaid,2025-04-17,2025-04-23,Rejected
1071,538,Paid,2025-08-27,2025-09-03,Approved
1072,539,Sick,2025-11-30,2025-12-05,Rejected
1073,539,Sick,2025-01-06,2025-01-07,Approved
1074,539,Casual,2025-09-20,2025-09-22,Rejected
1075,539,Sick,2025-05-06,2025-05-13,Rejected
1076,541,Paid,2025-03-11,2025-03-13,Approved
1077,541,Sick,2025-04-22,2025-04-26,Pending
1078,541,Unpaid,2025-08-08,2025-08-16,Rejected
1079,543,Paid,2025-01-09,2025-01-19,Approved
1080,545,Casual,2025-01-11,2025-01-21,Rejected
1081,545,Unpaid,2025-05-16,2025-05-25,Approved
1082,545,Casual,2025-11-11,2025-11-14,Rejected
1083,546,Unpaid,2025-01-31,2025-02-01,Pending
1084,546,Sick,2025-11-08,2025-11-16,Pending
1085,546,Casual,2025-02-22,2025-02-27,Pending
1086,548,Casual,2025-12-05,2025-12-09,Pending
1087,548,Sick,2025-12-08,2025-12-15,Rejected
1088,548,Sick,2025-12-05,2025-12-15,Rejected
1089,549,Unpaid,2025-08-08,2025-08-16,Approved
1090,550,Casual,2025-08-07,2025-08-17,Pending
1091,550,Sick,2025-03-20,2025-03-29,Approved
1092,550,Casual,2025-06-29,2025-07-04,Rejected
1093,552,Casual,2025-08-24,2025-08-30,Approved
1094,553,Paid,2025-11-22,2025-11-30,Pending
1095,553,Unpaid,2025-09-23,2025-09-30,Rejected
1096,554,Unpaid,2025-12-30,2025-12-31,Rejected
1097,554,Casual,2025-10-25,2025-10-27,Approved
1098,555,Casual,2025-10-23,2025-10-29,Approved
1099,555,Unpaid,2025-10-09,2025-10-15,Pending
1100,555,Paid,2025-09-06,2025-09-13,Pending
1101,555,Sick,2025-04-04,2025-04-14,Pending
1102,556,Paid,2025-03-28,2025-03-31,Rejected
1103,556,Sick,2025-03-05,2025-03-06,Rejected
1104,557,Casual,2025-11-11,2025-11-16,Rejected
1105,558,Unpaid,2025-03-28,2025-04-07,Approved
1106,558,Sick,2025-10-29,2025-11-07,Rejected
1107,558,Paid,2025-02-12,2025-02-15,Approved
1108,560,Unpaid,2025-06-04,2025-06-08,Rejected
1109,560,Sick,2025-09-21,2025-09-29,Rejected
1110,560,Paid,2025-06-30,2025-07-01,Approved
1111,560,Unpaid,2025-08-08,2025-08-18,Rejected
1112,561,Unpaid,2025-07-04,2025-07-06,Rejected
1113,561,Sick,2025-02-12,2025-02-18,Pending
1114,561,Paid,2025-12-31,2026-01-05,Rejected
1115,562,Sick,2025-04-26,2025-04-29,Rejected
1116,562,Paid,2025-05-06,2025-05-13,Pending
1117,562,Unpaid,2025-02-19,2025-03-01,Rejected
1118,566,Casual,2025-11-29,2025-11-30,Approved
1119,566,Casual,2025-03-11,2025-03-12,Approved
1120,569,Sick,2025-01-06,2025-01-10,Approved
1121,569,Paid,2025-09-27,2025-10-04,Approved
1122,569,Paid,2025-07-21,2025-07-29,Rejected
1123,570,Paid,2025-05-26,2025-05-30,Rejected
1124,570,Unpaid,2025-02-12,2025-02-20,Rejected
1125,570,Casual,2025-03-20,2025-03-27,Rejected
1126,571,Casual,2025-04-11,2025-04-16,Approved
1127,571,Paid,2025-02-18,2025-02-23,Rejected
1128,572,Casual,2025-03-04,2025-03-09,Approved
1129,572,Casual,2025-08-30,2025-09-02,Rejected
1130,573,Paid,2025-12-12,2025-12-19,Rejected
1131,573,Unpaid,2025-01-05,2025-01-07,Rejected
1132,573,Casual,2025-10-20,2025-10-26,Pending
1133,574,Unpaid,2025-11-09,2025-11-14,Rejected
1134,574,Unpaid,2025-04-30,2025-05-07,Pending
1135,575,Casual,2025-01-10,2025-01-12,Pending
1136,575,Paid,2025-02-16,2025-02-24,Pending
1137,575,Casual,2025-06-10,2025-06-15,Rejected
1138,576,Casual,2025-09-24,2025-10-03,Approved
1139,576,Sick,2025-12-16,2025-12-21,Rejected
1140,577,Sick,2025-07-17,2025-07-21,Pending
1141,577,Paid,2025-03-13,2025-03-17,Pending
1142,578,Casual,2025-12-31,2026-01-03,Rejected
1143,578,Unpaid,2025-12-09,2025-12-19,Pending
1144,578,Paid,2025-11-20,2025-11-27,Rejected
1145,578,Sick,2025-07-24,2025-07-26,Approved
1146,580,Paid,2025-03-17,2025-03-24,Rejected
1147,580,Paid,2025-07-06,2025-07-07,Approved
1148,582,Paid,2025-10-20,2025-10-26,Approved
1149,582,Unpaid,2025-04-10,2025-04-11,Approved
1150,582,Paid,2025-07-28,2025-08-05,Approved
1151,583,Unpaid,2025-03-08,2025-03-14,Rejected
1152,584,Casual,2025-10-18,2025-10-21,Rejected
1153,584,Sick,2025-06-18,2025-06-28,Approved
1154,584,Paid,2025-05-15,2025-05-19,Pending
1155,584,Unpaid,2025-04-10,2025-04-15,Rejected
1156,586,Unpaid,2025-10-26,2025-11-03,Approved
1157,587,Paid,2025-04-20,2025-04-27,Pending
1158,587,Unpaid,2025-08-05,2025-08-12,Rejected
1159,587,Sick,2025-04-10,2025-04-15,Rejected
1160,587,Unpaid,2025-11-09,2025-11-11,Pending
1161,588,Casual,2025-04-21,2025-04-23,Pending
1162,588,Unpaid,2025-08-20,2025-08-27,Rejected
1163,588,Unpaid,2025-04-25,2025-04-28,Approved
1164,590,Casual,2025-06-27,2025-07-07,Rejected
1165,590,Paid,2025-08-24,2025-08-27,Pending
1166,590,Unpaid,2025-07-29,2025-08-03,Rejected
1167,591,Sick,2025-07-03,2025-07-09,Rejected
1168,592,Unpaid,2025-11-12,2025-11-20,Rejected
1169,592,Casual,2025-01-25,2025-01-30,Approved
1170,592,Sick,2025-10-18,2025-10-20,Approved
1171,593,Unpaid,2025-04-03,2025-04-04,Rejected
1172,593,Unpaid,2025-10-05,2025-10-07,Pending
1173,593,Casual,2025-03-18,2025-03-27,Pending
1174,595,Casual,2025-07-10,2025-07-16,Pending
1175,595,Sick,2025-08-17,2025-08-19,Rejected
1176,595,Paid,2025-04-17,2025-04-26,Pending
1177,597,Casual,2025-07-07,2025-07-11,Pending
1178,600,Paid,2025-05-13,2025-05-15,Pending
1179,600,Sick,2025-05-08,2025-05-14,Rejected
1180,600,Paid,2025-01-12,2025-01-13,Rejected
1181,600,Paid,2025-03-15,2025-03-20,Pending
1182,601,Unpaid,2025-09-17,2025-09-23,Approved
1183,601,Casual,2025-05-13,2025-05-23,Pending
1184,601,Unpaid,2025-11-29,2025-12-09,Approved
1185,601,Paid,2025-06-16,2025-06-22,Pending
1186,603,Sick,2025-05-07,2025-05-13,Rejected
1187,603,Casual,2025-06-17,2025-06-18,Rejected
1188,603,Paid,2025-02-13,2025-02-21,Rejected
1189,604,Casual,2025-02-23,2025-03-04,Approved
1190,605,Paid,2025-09-25,2025-09-30,Approved
1191,605,Casual,2025-07-31,2025-08-10,Approved
1192,605,Paid,2025-09-04,2025-09-13,Rejected
1193,606,Sick,2025-04-06,2025-04-14,Approved
1194,606,Unpaid,2025-11-26,2025-11-29,Rejected
1195,606,Sick,2025-02-28,2025-03-10,Pending
1196,606,Unpaid,2025-11-25,2025-11-26,Rejected
1197,607,Casual,2025-09-23,2025-10-03,Rejected
1198,608,Sick,2025-04-29,2025-05-09,Pending
1199,608,Unpaid,2025-05-08,2025-05-12,Approved
1200,608,Paid,2025-06-27,2025-07-05,Rejected
1201,608,Unpaid,2025-04-21,2025-04-28,Rejected
1202,609,Unpaid,2025-07-27,2025-08-01,Rejected
1203,609,Casual,2025-06-23,2025-07-02,Approved
1204,610,Casual,2025-03-05,2025-03-14,Pending
1205,610,Paid,2025-06-01,2025-06-03,Pending
1206,610,Unpaid,2025-09-04,2025-09-07,Pending
1207,612,Paid,2025-01-12,2025-01-14,Pending
1208,612,Paid,2025-08-27,2025-09-03,Pending
1209,612,Sick,2025-10-05,2025-10-10,Rejected
1210,612,Unpaid,2025-04-26,2025-05-03,Approved
1211,613,Paid,2025-03-20,2025-03-25,Approved
1212,613,Paid,2025-01-05,2025-01-12,Approved
1213,613,Sick,2025-11-28,2025-12-02,Approved
1214,614,Paid,2025-07-20,2025-07-25,Rejected
1215,615,Unpaid,2025-02-18,2025-02-26,Rejected
1216,615,Sick,2025-03-13,2025-03-17,Approved
1217,615,Paid,2025-07-05,2025-07-13,Pending
1218,615,Paid,2025-06-29,2025-07-03,Pending
1219,616,Unpaid,2025-09-30,2025-10-10,Approved
1220,617,Casual,2025-03-21,2025-03-29,Rejected
1221,619,Casual,2025-12-20,2025-12-22,Rejected
1222,619,Unpaid,2025-10-04,2025-10-05,Approved
1223,619,Casual,2025-09-25,2025-10-03,Approved
1224,620,Casual,2025-11-28,2025-12-08,Approved
1225,620,Casual,2025-03-11,2025-03-15,Pending
1226,620,Casual,2025-03-09,2025-03-18,Pending
1227,620,Sick,2025-07-12,2025-07-17,Rejected
1228,621,Paid,2025-05-01,2025-05-09,Pending
1229,621,Paid,2025-08-22,2025-08-26,Rejected
1230,621,Paid,2025-01-14,2025-01-17,Rejected
1231,621,Casual,2025-10-23,2025-10-25,Rejected
1232,622,Sick,2025-01-29,2025-02-04,Approved
1233,623,Casual,2025-10-14,2025-10-19,Approved
1234,623,Paid,2025-10-04,2025-10-09,Approved
1235,623,Sick,2025-12-27,2025-12-31,Rejected
1236,624,Casual,2025-05-09,2025-05-16,Rejected
1237,624,Unpaid,2025-10-29,2025-11-05,Rejected
1238,624,Sick,2025-07-02,2025-07-09,Rejected
1239,624,Sick,2025-06-15,2025-06-19,Approved
1240,625,Casual,2025-05-18,2025-05-19,Approved
1241,625,Sick,2025-07-18,2025-07-25,Approved
1242,625,Paid,2025-11-11,2025-11-13,Pending
1243,628,Unpaid,2025-03-29,2025-04-04,Rejected
1244,628,Sick,2025-07-06,2025-07-13,Approved
1245,628,Sick,2025-05-01,2025-05-09,Pending
1246,628,Unpaid,2025-08-03,2025-08-09,Rejected
1247,630,Unpaid,2025-04-26,2025-05-06,Pending
1248,630,Unpaid,2025-03-12,2025-03-14,Pending
1249,630,Paid,2025-12-24,2026-01-01,Approved
1250,631,Sick,2025-09-28,2025-10-04,Pending
1251,631,Unpaid,2025-07-08,2025-07-11,Pending
1252,632,Paid,2025-11-17,2025-11-26,Approved
1253,632,Sick,2025-08-25,2025-08-26,Approved
1254,632,Unpaid,2025-03-26,2025-03-30,Pending
1255,633,Casual,2025-06-12,2025-06-17,Approved
1256,635,Unpaid,2025-03-25,2025-04-02,Approved
1257,635,Paid,2025-08-21,2025-08-31,Pending
1258,635,Sick,2025-02-01,2025-02-09,Rejected
1259,635,Paid,2025-11-17,2025-11-27,Rejected
1260,636,Sick,2025-12-01,2025-12-08,Approved
1261,636,Casual,2025-10-11,2025-10-17,Rejected
1262,637,Paid,2025-06-05,2025-06-08,Approved
1263,637,Casual,2025-04-01,2025-04-07,Approved
1264,637,Casual,2025-08-19,2025-08-21,Rejected
1265,638,Paid,2025-09-12,2025-09-20,Approved
1266,638,Sick,2025-12-06,2025-12-12,Pending
1267,638,Unpaid,2025-01-17,2025-01-25,Rejected
1268,638,Unpaid,2025-05-13,2025-05-21,Approved
1269,639,Sick,2025-10-13,2025-10-14,Pending
1270,639,Casual,2025-07-17,2025-07-26,Approved
1271,641,Paid,2025-12-09,2025-12-15,Approved
1272,643,Paid,2025-05-23,2025-05-30,Rejected
1273,643,Casual,2025-10-17,2025-10-18,Pending
1274,643,Sick,2025-04-01,2025-04-07,Rejected
1275,643,Paid,2025-04-23,2025-05-02,Rejected
1276,644,Sick,2025-09-15,2025-09-21,Approved
1277,644,Unpaid,2025-07-23,2025-08-02,Pending
1278,644,Unpaid,2025-02-26,2025-03-03,Rejected
1279,645,Sick,2025-12-31,2026-01-06,Rejected
1280,645,Casual,2025-06-04,2025-06-09,Rejected
1281,645,Paid,2025-03-17,2025-03-20,Pending
1282,646,Casual,2025-09-26,2025-10-02,Approved
1283,648,Unpaid,2025-09-01,2025-09-03,Approved
1284,648,Casual,2025-12-24,2025-12-31,Pending
1285,648,Paid,2025-03-11,2025-03-16,Approved
1286,648,Sick,2025-06-24,2025-06-26,Approved
1287,649,Unpaid,2025-03-09,2025-03-16,Approved
1288,649,Unpaid,2025-09-19,2025-09-25,Pending
1289,649,Unpaid,2025-06-09,2025-06-12,Rejected
1290,650,Paid,2025-07-05,2025-07-10,Pending
1291,651,Paid,2025-04-01,2025-04-11,Approved
1292,651,Paid,2025-04-25,2025-05-01,Pending
1293,651,Casual,2025-02-22,2025-03-02,Pending
1294,652,Paid,2025-06-24,2025-06-30,Pending
1295,652,Paid,2025-01-08,2025-01-12,Pending
1296,652,Paid,2025-03-24,2025-03-31,Approved
1297,653,Sick,2025-11-21,2025-11-22,Pending
1298,655,Paid,2025-08-03,2025-08-04,Rejected
1299,655,Sick,2025-12-14,2025-12-16,Rejected
1300,655,Casual,2025-11-12,2025-11-22,Approved
1301,655,Casual,2025-12-27,2026-01-02,Rejected
1302,656,Sick,2025-09-29,2025-10-03,Pending
1303,657,Casual,2025-12-04,2025-12-10,Pending
1304,659,Casual,2025-05-19,2025-05-23,Approved
1305,661,Casual,2025-02-02,2025-02-05,Rejected
1306,661,Unpaid,2025-03-09,2025-03-14,Pending
1307,661,Sick,2025-07-06,2025-07-08,Pending
1308,662,Paid,2025-07-18,2025-07-20,Rejected
1309,662,Paid,2025-02-13,2025-02-20,Rejected
1310,663,Casual,2025-06-23,2025-07-01,Rejected
1311,663,Casual,2025-09-03,2025-09-06,Approved
1312,663,Paid,2025-03-04,2025-03-05,Rejected
1313,663,Unpaid,2025-05-24,2025-05-28,Pending
1314,664,Paid,2025-03-23,2025-03-24,Pending
1315,664,Sick,2025-12-01,2025-12-08,Approved
1316,664,Casual,2025-03-16,2025-03-22,Pending
1317,665,Casual,2025-06-12,2025-06-18,Rejected
1318,665,Unpaid,2025-07-07,2025-07-17,Pending
1319,665,Paid,2025-06-02,2025-06-04,Approved
1320,665,Paid,2025-04-13,2025-04-14,Approved
1321,666,Sick,2025-07-30,2025-08-06,Approved
1322,666,Paid,2025-05-09,2025-05-13,Pending
1323,667,Sick,2025-03-26,2025-03-30,Pending
1324,667,Casual,2025-05-30,2025-06-07,Pending
1325,668,Paid,2025-12-11,2025-12-16,Rejected
1326,669,Unpaid,2025-05-08,2025-05-15,Pending
1327,670,Sick,2025-03-28,2025-04-03,Approved
1328,670,Unpaid,2025-01-11,2025-01-14,Pending
1329,670,Casual,2025-01-21,2025-01-28,Approved
1330,672,Casual,2025-07-07,2025-07-17,Pending
1331,672,Casual,2025-12-14,2025-12-24,Pending
1332,672,Unpaid,2025-09-21,2025-09-24,Pending
1333,673,Sick,2025-03-23,2025-04-02,Rejected
1334,674,Casual,2025-09-19,2025-09-28,Rejected
1335,674,Unpaid,2025-09-23,2025-09-29,Rejected
1336,674,Paid,2025-02-21,2025-02-25,Approved
1337,675,Paid,2025-12-16,2025-12-26,Approved
1338,675,Unpaid,2025-10-19,2025-10-29,Rejected
1339,676,Casual,2025-08-10,2025-08-15,Rejected
1340,676,Paid,2025-01-18,2025-01-19,Rejected
1341,677,Casual,2025-11-13,2025-11-23,Rejected
1342,678,Unpaid,2025-09-16,2025-09-26,Rejected
1343,678,Sick,2025-06-22,2025-07-02,Rejected
1344,678,Unpaid,2025-01-15,2025-01-19,Approved
1345,679,Unpaid,2025-09-28,2025-10-03,Pending
1346,679,Sick,2025-07-07,2025-07-13,Approved
1347,681,Casual,2025-11-07,2025-11-08,Pending
1348,681,Sick,2025-05-22,2025-05-28,Rejected
1349,682,Sick,2025-11-11,2025-11-18,Approved
1350,682,Sick,2025-06-28,2025-07-08,Rejected
1351,682,Unpaid,2025-03-19,2025-03-28,Approved
1352,683,Paid,2025-12-06,2025-12-12,Pending
1353,683,Sick,2025-01-10,2025-01-20,Rejected
1354,683,Sick,2025-09-02,2025-09-07,Approved
1355,684,Unpaid,2025-07-30,2025-08-08,Rejected
1356,684,Paid,2025-09-29,2025-10-06,Pending
1357,685,Unpaid,2025-06-27,2025-07-03,Approved
1358,685,Unpaid,2025-07-02,2025-07-06,Rejected
1359,687,Casual,2025-10-04,2025-10-07,Pending
1360,690,Casual,2025-04-25,2025-04-27,Pending
1361,693,Casual,2025-12-01,2025-12-11,Pending
1362,694,Sick,2025-03-06,2025-03-12,Pending
1363,694,Casual,2025-12-25,2026-01-04,Approved
1364,694,Unpaid,2025-12-24,2025-12-25,Approved
1365,694,Casual,2025-08-07,2025-08-09,Rejected
1366,695,Casual,2025-07-07,2025-07-17,Pending
1367,695,Paid,2025-11-16,2025-11-18,Approved
1368,696,Paid,2025-11-09,2025-11-16,Rejected
1369,698,Paid,2025-10-29,2025-11-02,Rejected
1370,698,Unpaid,2025-07-20,2025-07-27,Approved
1371,699,Casual,2025-10-01,2025-10-09,Approved
1372,699,Sick,2025-10-07,2025-10-11,Rejected
1373,700,Unpaid,2025-11-01,2025-11-08,Pending
1374,700,Paid,2025-10-08,2025-10-14,Pending
1375,701,Casual,2025-09-15,2025-09-18,Rejected
1376,701,Sick,2025-04-11,2025-04-18,Approved
1377,701,Sick,2025-09-02,2025-09-08,Rejected
1378,703,Unpaid,2025-01-08,2025-01-11,Rejected
1379,703,Unpaid,2025-12-16,2025-12-18,Rejected
1380,705,Casual,2025-02-05,2025-02-10,Approved
1381,706,Casual,2025-07-03,2025-07-11,Approved
1382,707,Sick,2025-06-15,2025-06-16,Rejected
1383,707,Paid,2025-05-22,2025-05-28,Rejected
1384,709,Unpaid,2025-05-08,2025-05-09,Approved
1385,709,Unpaid,2025-12-01,2025-12-06,Approved
1386,709,Paid,2025-05-24,2025-05-31,Pending
1387,709,Unpaid,2025-11-05,2025-11-12,Approved
1388,710,Unpaid,2025-04-01,2025-04-11,Rejected
1389,710,Paid,2025-10-21,2025-10-27,Rejected
1390,711,Paid,2025-12-31,2026-01-02,Approved
1391,712,Casual,2025-01-16,2025-01-19,Pending
1392,714,Paid,2025-07-28,2025-07-31,Approved
1393,714,Unpaid,2025-07-18,2025-07-22,Approved
1394,714,Unpaid,2025-03-12,2025-03-17,Rejected
1395,715,Casual,2025-11-09,2025-11-10,Rejected
1396,715,Unpaid,2025-09-19,2025-09-29,Pending
1397,715,Unpaid,2025-10-16,2025-10-18,Approved
1398,716,Sick,2025-11-21,2025-11-25,Approved
1399,716,Casual,2025-10-07,2025-10-12,Pending
1400,716,Sick,2025-05-22,2025-05-30,Approved
1401,717,Sick,2025-07-05,2025-07-11,Pending
1402,717,Paid,2025-02-15,2025-02-18,Rejected
1403,717,Paid,2025-01-24,2025-02-03,Pending
1404,718,Paid,2025-06-30,2025-07-04,Rejected
1405,718,Unpaid,2025-04-17,2025-04-19,Rejected
1406,718,Unpaid,2025-06-03,2025-06-09,Approved
1407,718,Casual,2025-12-29,2026-01-06,Approved
1408,723,Casual,2025-07-13,2025-07-18,Approved
1409,723,Sick,2025-02-11,2025-02-18,Pending
1410,723,Paid,2025-06-10,2025-06-16,Approved
1411,724,Unpaid,2025-02-10,2025-02-16,Rejected
1412,724,Paid,2025-07-27,2025-08-01,Pending
1413,725,Unpaid,2025-02-17,2025-02-23,Approved
1414,727,Unpaid,2025-07-18,2025-07-24,Rejected
1415,727,Unpaid,2025-05-11,2025-05-19,Rejected
1416,727,Paid,2025-10-26,2025-11-02,Approved
1417,727,Sick,2025-05-06,2025-05-16,Approved
1418,729,Unpaid,2025-01-31,2025-02-09,Rejected
1419,729,Sick,2025-07-23,2025-07-30,Pending
1420,730,Unpaid,2025-01-15,2025-01-21,Pending
1421,730,Unpaid,2025-06-25,2025-07-04,Rejected
1422,731,Casual,2025-10-21,2025-10-28,Pending
1423,731,Casual,2025-05-24,2025-06-03,Pending
1424,731,Paid,2025-02-24,2025-03-03,Pending
1425,732,Sick,2025-01-05,2025-01-12,Pending
1426,732,Sick,2025-10-12,2025-10-16,Approved
1427,732,Casual,2025-02-20,2025-02-21,Pending
1428,732,Paid,2025-03-07,2025-03-13,Approved
1429,733,Casual,2025-07-21,2025-07-27,Rejected
1430,733,Unpaid,2025-07-11,2025-07-19,Approved
1431,734,Paid,2025-06-05,2025-06-10,Pending
1432,734,Unpaid,2025-10-09,2025-10-12,Approved
1433,734,Paid,2025-03-15,2025-03-17,Rejected
1434,736,Paid,2025-03-31,2025-04-08,Pending
1435,738,Casual,2025-04-14,2025-04-21,Approved
1436,740,Paid,2025-03-11,2025-03-13,Approved
1437,740,Casual,2025-03-19,2025-03-28,Pending
1438,741,Unpaid,2026-01-02,2026-01-06,Pending
1439,741,Unpaid,2025-01-27,2025-01-29,Rejected
1440,741,Casual,2025-08-21,2025-08-29,Rejected
1441,741,Casual,2025-03-30,2025-04-05,Rejected
1442,742,Sick,2025-10-23,2025-10-30,Approved
1443,742,Casual,2025-09-05,2025-09-06,Rejected
1444,742,Unpaid,2025-06-20,2025-06-24,Pending
1445,745,Casual,2025-07-22,2025-08-01,Approved
1446,745,Casual,2025-06-23,2025-06-29,Pending
1447,747,Sick,2025-04-20,2025-04-21,Approved
1448,747,Unpaid,2025-04-07,2025-04-09,Pending
1449,747,Casual,2025-07-26,2025-07-30,Approved
1450,747,Unpaid,2025-04-13,2025-04-18,Approved
1451,748,Paid,2025-12-17,2025-12-26,Pending
1452,748,Unpaid,2025-02-15,2025-02-25,Rejected
1453,748,Casual,2025-11-24,2025-11-27,Pending
1454,748,Sick,2025-11-04,2025-11-10,Rejected
1455,749,Paid,2025-09-23,2025-10-02,Pending
1456,749,Casual,2025-02-05,2025-02-15,Approved
1457,749,Casual,2025-01-04,2025-01-05,Rejected
1458,749,Paid,2025-10-20,2025-10-22,Rejected
1459,750,Paid,2025-09-28,2025-10-07,Approved
1460,750,Unpaid,2025-01-03,2025-01-13,Pending
1461,750,Casual,2025-01-28,2025-02-06,Approved
1462,751,Unpaid,2025-11-04,2025-11-13,Approved
1463,751,Paid,2025-08-13,2025-08-22,Rejected
1464,751,Sick,2025-06-10,2025-06-11,Rejected
1465,751,Casual,2025-02-07,2025-02-13,Pending
1466,752,Casual,2025-09-27,2025-10-03,Rejected
1467,753,Unpaid,2025-03-30,2025-04-01,Pending
1468,754,Paid,2025-02-14,2025-02-18,Pending
1469,755,Casual,2025-08-28,2025-09-06,Pending
1470,755,Paid,2025-02-07,2025-02-11,Approved
1471,756,Casual,2025-07-02,2025-07-07,Approved
1472,756,Sick,2025-03-13,2025-03-17,Rejected
1473,756,Paid,2025-12-20,2025-12-22,Rejected
1474,757,Sick,2025-08-13,2025-08-23,Rejected
1475,757,Unpaid,2025-07-07,2025-07-08,Approved
1476,758,Unpaid,2025-12-07,2025-12-12,Pending
1477,758,Paid,2025-05-22,2025-05-28,Pending
1478,759,Paid,2025-12-22,2025-12-24,Approved
1479,759,Casual,2025-08-09,2025-08-15,Pending
1480,761,Paid,2025-07-07,2025-07-11,Approved
1481,761,Casual,2025-09-23,2025-09-24,Rejected
1482,761,Unpaid,2025-07-02,2025-07-06,Pending
1483,762,Paid,2025-02-16,2025-02-20,Pending
1484,763,Unpaid,2025-04-13,2025-04-16,Pending
1485,763,Casual,2025-02-05,2025-02-08,Approved
1486,763,Unpaid,2025-03-18,2025-03-27,Pending
1487,763,Unpaid,2025-02-13,2025-02-19,Approved
1488,764,Paid,2025-09-15,2025-09-23,Pending
1489,764,Sick,2025-06-06,2025-06-14,Pending
1490,764,Unpaid,2025-03-03,2025-03-06,Pending
1491,764,Casual,2025-03-18,2025-03-22,Approved
1492,765,Sick,2025-05-16,2025-05-22,Approved
1493,765,Casual,2025-11-05,2025-11-15,Rejected
1494,766,Sick,2025-01-08,2025-01-14,Rejected
1495,766,Casual,2025-03-05,2025-03-11,Approved
1496,766,Unpaid,2025-03-08,2025-03-10,Pending
1497,766,Sick,2025-10-22,2025-10-26,Approved
1498,768,Casual,2025-01-13,2025-01-21,Approved
1499,768,Paid,2025-09-12,2025-09-22,Approved
1500,768,Sick,2025-08-14,2025-08-17,Rejected
1501,768,Sick,2025-02-06,2025-02-07,Pending
1502,769,Casual,2025-03-24,2025-03-27,Rejected
1503,769,Unpaid,2025-01-24,2025-02-02,Approved
1504,770,Sick,2025-05-10,2025-05-18,Pending
1505,770,Casual,2025-07-26,2025-07-31,Pending
1506,770,Unpaid,2025-02-24,2025-03-06,Rejected
1507,771,Casual,2025-07-10,2025-07-11,Approved
1508,772,Sick,2025-09-01,2025-09-06,Rejected
1509,772,Sick,2025-12-10,2025-12-15,Rejected
1510,772,Sick,2025-06-17,2025-06-22,Rejected
1511,772,Unpaid,2025-10-15,2025-10-24,Approved
1512,773,Sick,2025-12-30,2026-01-02,Approved
1513,774,Unpaid,2025-12-26,2025-12-27,Rejected
1514,774,Casual,2025-01-19,2025-01-25,Pending
1515,774,Paid,2025-09-08,2025-09-09,Pending
1516,775,Unpaid,2025-07-16,2025-07-26,Approved
1517,775,Sick,2025-08-05,2025-08-10,Approved
1518,775,Sick,2025-06-12,2025-06-20,Approved
1519,777,Paid,2025-09-12,2025-09-18,Pending
1520,777,Sick,2025-04-15,2025-04-21,Rejected
1521,778,Sick,2025-03-04,2025-03-06,Pending
1522,779,Casual,2025-12-08,2025-12-17,Pending
1523,779,Paid,2025-04-09,2025-04-14,Rejected
1524,781,Unpaid,2025-07-26,2025-07-30,Pending
1525,781,Paid,2025-07-12,2025-07-19,Pending
1526,781,Sick,2025-11-06,2025-11-16,Approved
1527,781,Paid,2025-10-27,2025-10-29,Pending
1528,782,Unpaid,2025-03-05,2025-03-11,Approved
1529,782,Unpaid,2025-03-06,2025-03-07,Rejected
1530,782,Casual,2025-06-06,2025-06-13,Rejected
1531,783,Unpaid,2025-05-21,2025-05-25,Rejected
1532,783,Paid,2025-07-02,2025-07-03,Approved
1533,783,Unpaid,2025-12-21,2025-12-29,Rejected
1534,784,Paid,2025-08-28,2025-09-07,Pending
1535,784,Unpaid,2025-11-23,2025-11-25,Rejected
1536,785,Casual,2025-10-27,2025-11-04,Rejected
1537,785,Paid,2025-07-20,2025-07-25,Rejected
1538,786,Unpaid,2025-01-06,2025-01-09,Approved
1539,787,Paid,2025-06-29,2025-07-08,Rejected
1540,789,Casual,2025-02-25,2025-03-04,Rejected
1541,790,Casual,2025-12-10,2025-12-13,Rejected
1542,791,Casual,2025-07-10,2025-07-19,Approved
1543,791,Casual,2025-05-07,2025-05-10,Pending
1544,791,Casual,2025-04-09,2025-04-16,Approved
1545,791,Paid,2025-07-12,2025-07-21,Rejected
1546,792,Sick,2025-10-23,2025-11-02,Pending
1547,793,Casual,2025-05-14,2025-05-23,Rejected
1548,793,Paid,2025-09-16,2025-09-24,Rejected
1549,793,Unpaid,2025-06-05,2025-06-13,Approved
1550,794,Sick,2025-09-13,2025-09-15,Approved
1551,794,Sick,2025-05-11,2025-05-13,Approved
1552,794,Sick,2025-04-16,2025-04-21,Approved
1553,796,Sick,2025-04-29,2025-05-01,Pending
1554,796,Paid,2025-08-12,2025-08-13,Approved
1555,796,Unpaid,2025-06-02,2025-06-11,Rejected
1556,796,Paid,2025-04-02,2025-04-12,Pending
1557,797,Unpaid,2025-05-24,2025-06-01,Rejected
1558,798,Casual,2025-06-20,2025-06-22,Rejected
1559,798,Casual,2026-01-01,2026-01-04,Rejected
1560,798,Casual,2025-12-11,2025-12-20,Rejected
1561,799,Casual,2025-08-18,2025-08-25,Rejected
1562,799,Casual,2025-07-07,2025-07-10,Pending
1563,799,Paid,2025-11-02,2025-11-11,Pending
1564,799,Sick,2025-03-14,2025-03-21,Rejected
1565,800,Casual,2025-01-11,2025-01-13,Rejected
1566,800,Paid,2025-07-01,2025-07-11,Approved
1567,802,Casual,2025-07-26,2025-08-02,Pending
1568,802,Casual,2025-11-29,2025-12-09,Pending
1569,803,Paid,2025-02-21,2025-02-22,Approved
1570,803,Casual,2025-06-13,2025-06-15,Pending
1571,803,Paid,2025-01-04,2025-01-12,Rejected
1572,803,Casual,2025-05-15,2025-05-23,Approved
1573,804,Sick,2025-01-09,2025-01-19,Approved
1574,805,Paid,2025-10-12,2025-10-17,Pending
1575,806,Paid,2025-05-24,2025-05-31,Rejected
1576,806,Casual,2025-10-09,2025-10-12,Pending
1577,806,Unpaid,2025-09-30,2025-10-02,Pending
1578,807,Unpaid,2025-06-26,2025-06-30,Rejected
1579,807,Unpaid,2025-07-01,2025-07-06,Approved
1580,807,Sick,2025-05-09,2025-05-16,Approved
1581,807,Casual,2025-03-21,2025-03-22,Pending
1582,808,Casual,2025-04-04,2025-04-11,Pending
1583,808,Casual,2025-10-31,2025-11-06,Approved
1584,808,Casual,2025-06-14,2025-06-19,Approved
1585,808,Sick,2025-12-25,2025-12-30,Approved
1586,809,Casual,2025-03-01,2025-03-03,Rejected
1587,810,Paid,2025-12-21,2025-12-25,Rejected
1588,811,Sick,2025-11-03,2025-11-13,Approved
1589,811,Casual,2025-01-02,2025-01-04,Approved
1590,811,Unpaid,2025-10-05,2025-10-07,Pending
1591,812,Paid,2025-02-18,2025-02-22,Pending
1592,812,Unpaid,2025-07-20,2025-07-29,Pending
1593,813,Casual,2025-07-30,2025-08-03,Pending
1594,814,Paid,2025-10-07,2025-10-10,Pending
1595,814,Casual,2025-09-29,2025-09-30,Pending
1596,814,Casual,2025-10-05,2025-10-06,Approved
1597,814,Unpaid,2025-01-10,2025-01-11,Approved
1598,815,Paid,2025-10-05,2025-10-11,Approved
1599,815,Sick,2025-10-03,2025-10-08,Pending
1600,815,Unpaid,2025-08-28,2025-09-04,Approved
1601,815,Paid,2025-11-10,2025-11-15,Approved
1602,816,Sick,2025-06-28,2025-06-29,Approved
1603,816,Sick,2025-06-19,2025-06-24,Pending
1604,816,Unpaid,2025-08-14,2025-08-16,Rejected
1605,817,Sick,2025-07-18,2025-07-23,Rejected
1606,817,Casual,2025-09-16,2025-09-23,Pending
1607,817,Unpaid,2025-03-16,2025-03-26,Pending
1608,818,Sick,2025-04-21,2025-04-25,Approved
1609,818,Unpaid,2025-07-05,2025-07-15,Pending
1610,819,Sick,2025-08-11,2025-08-12,Approved
1611,820,Casual,2025-04-19,2025-04-24,Pending
1612,821,Unpaid,2025-08-13,2025-08-16,Approved
1613,821,Unpaid,2025-06-25,2025-06-30,Approved
1614,822,Casual,2025-06-21,2025-06-27,Pending
1615,822,Unpaid,2025-01-13,2025-01-17,Rejected
1616,822,Unpaid,2025-09-21,2025-09-24,Rejected
1617,823,Sick,2025-09-26,2025-09-27,Pending
1618,823,Paid,2025-10-08,2025-10-11,Rejected
1619,823,Casual,2025-12-15,2025-12-23,Approved
1620,823,Paid,2025-10-15,2025-10-16,Approved
1621,824,Unpaid,2025-10-19,2025-10-28,Approved
1622,824,Paid,2025-06-25,2025-06-26,Rejected
1623,824,Unpaid,2025-01-25,2025-01-27,Rejected
1624,825,Sick,2025-04-16,2025-04-23,Pending
1625,825,Casual,2025-04-29,2025-05-07,Rejected
1626,826,Paid,2025-09-05,2025-09-10,Approved
1627,826,Unpaid,2025-02-04,2025-02-12,Approved
1628,826,Sick,2025-04-16,2025-04-26,Approved
1629,826,Casual,2025-03-18,2025-03-26,Approved
1630,830,Sick,2025-01-18,2025-01-24,Pending
1631,830,Casual,2025-05-12,2025-05-22,Rejected
1632,830,Casual,2025-05-30,2025-06-08,Approved
1633,830,Paid,2025-02-20,2025-02-26,Pending
1634,831,Sick,2025-12-01,2025-12-06,Pending
1635,831,Casual,2025-09-05,2025-09-09,Rejected
1636,831,Sick,2025-07-31,2025-08-07,Rejected
1637,831,Sick,2025-11-27,2025-11-30,Approved
1638,832,Unpaid,2025-06-11,2025-06-15,Rejected
1639,832,Sick,2025-05-20,2025-05-30,Approved
1640,833,Paid,2025-04-26,2025-05-02,Rejected
1641,833,Paid,2025-04-17,2025-04-24,Rejected
1642,833,Paid,2025-01-12,2025-01-20,Approved
1643,834,Unpaid,2025-12-31,2026-01-07,Pending
1644,835,Casual,2025-03-21,2025-03-31,Approved
1645,835,Sick,2025-02-10,2025-02-15,Pending
1646,836,Paid,2025-08-01,2025-08-02,Pending
1647,837,Sick,2025-04-14,2025-04-20,Pending
1648,837,Casual,2025-05-23,2025-05-31,Pending
1649,837,Unpaid,2025-12-02,2025-12-10,Rejected
1650,838,Paid,2025-08-11,2025-08-14,Pending
1651,840,Casual,2025-02-25,2025-03-04,Pending
1652,840,Sick,2025-04-01,2025-04-04,Pending
1653,840,Casual,2025-04-27,2025-05-05,Approved
1654,840,Unpaid,2025-09-30,2025-10-07,Approved
1655,841,Sick,2025-05-28,2025-06-07,Pending
1656,841,Paid,2025-04-08,2025-04-09,Rejected
1657,841,Casual,2025-08-07,2025-08-13,Rejected
1658,841,Unpaid,2025-09-19,2025-09-27,Rejected
1659,842,Sick,2025-02-07,2025-02-11,Rejected
1660,842,Sick,2025-07-08,2025-07-14,Approved
1661,842,Paid,2025-01-17,2025-01-19,Rejected
1662,843,Casual,2025-10-08,2025-10-14,Pending
1663,843,Paid,2025-05-06,2025-05-11,Pending
1664,843,Paid,2025-02-08,2025-02-10,Approved
1665,843,Paid,2025-03-16,2025-03-26,Rejected
1666,845,Casual,2025-08-21,2025-08-31,Rejected
1667,845,Casual,2025-01-24,2025-02-02,Approved
1668,845,Unpaid,2025-03-05,2025-03-12,Rejected
1669,847,Paid,2025-12-15,2025-12-17,Pending
1670,847,Paid,2025-10-04,2025-10-09,Pending
1671,847,Unpaid,2025-04-15,2025-04-17,Pending
1672,847,Sick,2025-07-14,2025-07-16,Pending
1673,848,Casual,2025-12-30,2026-01-02,Approved
1674,848,Unpaid,2025-07-18,2025-07-23,Pending
1675,848,Sick,2025-02-22,2025-02-28,Pending
1676,849,Unpaid,2025-10-27,2025-10-31,Approved
1677,850,Sick,2025-10-27,2025-10-28,Rejected
1678,850,Paid,2025-03-10,2025-03-12,Approved
1679,852,Casual,2025-06-25,2025-06-26,Approved
1680,852,Unpaid,2025-02-15,2025-02-25,Approved
1681,853,Unpaid,2025-02-26,2025-03-02,Rejected
1682,853,Paid,2025-03-20,2025-03-23,Pending
1683,853,Sick,2025-05-23,2025-05-24,Pending
1684,853,Unpaid,2025-09-28,2025-10-04,Rejected
1685,854,Unpaid,2025-08-04,2025-08-07,Approved
1686,854,Sick,2025-04-02,2025-04-05,Rejected
1687,855,Unpaid,2025-02-20,2025-02-24,Pending
1688,856,Sick,2025-05-02,2025-05-12,Approved
1689,856,Unpaid,2025-01-30,2025-02-02,Approved
1690,856,Unpaid,2025-12-10,2025-12-17,Pending
1691,857,Casual,2025-05-22,2025-05-30,Rejected
1692,857,Unpaid,2025-09-28,2025-10-07,Pending
1693,857,Casual,2025-07-29,2025-08-01,Pending
1694,858,Paid,2025-06-24,2025-07-02,Approved
1695,858,Casual,2025-06-04,2025-06-14,Approved
1696,859,Unpaid,2025-04-24,2025-05-02,Approved
1697,859,Unpaid,2025-12-07,2025-12-17,Rejected
1698,860,Casual,2025-02-12,2025-02-21,Approved
1699,860,Unpaid,2025-11-09,2025-11-15,Pending
1700,860,Casual,2025-05-14,2025-05-18,Rejected
1701,860,Unpaid,2025-06-14,2025-06-16,Approved
1702,861,Paid,2025-01-25,2025-02-03,Approved
1703,861,Paid,2025-12-01,2025-12-10,Approved
1704,862,Unpaid,2025-06-02,2025-06-10,Approved
1705,862,Unpaid,2025-02-28,2025-03-02,Pending
1706,862,Unpaid,2025-05-20,2025-05-26,Pending
1707,863,Sick,2025-04-13,2025-04-23,Approved
1708,863,Unpaid,2025-09-06,2025-09-16,Approved
1709,864,Paid,2025-09-17,2025-09-23,Approved
1710,864,Unpaid,2025-06-11,2025-06-15,Pending
1711,864,Sick,2025-02-01,2025-02-09,Rejected
1712,864,Unpaid,2025-04-29,2025-05-02,Pending
1713,865,Paid,2025-03-06,2025-03-13,Rejected
1714,865,Unpaid,2025-02-10,2025-02-18,Rejected
1715,866,Paid,2025-05-18,2025-05-25,Pending
1716,866,Unpaid,2025-11-17,2025-11-18,Pending
1717,867,Casual,2025-05-29,2025-06-01,Rejected
1718,867,Paid,2025-11-17,2025-11-26,Rejected
1719,867,Unpaid,2025-11-10,2025-11-20,Approved
1720,867,Casual,2025-11-18,2025-11-20,Approved
1721,868,Casual,2025-01-24,2025-02-01,Pending
1722,868,Casual,2025-08-05,2025-08-10,Approved
1723,868,Sick,2025-12-29,2026-01-07,Pending
1724,869,Paid,2025-11-19,2025-11-28,Approved
1725,869,Casual,2025-08-21,2025-08-24,Rejected
1726,869,Unpaid,2025-07-19,2025-07-27,Rejected
1727,869,Paid,2025-02-08,2025-02-10,Rejected
1728,870,Sick,2025-05-13,2025-05-21,Approved
1729,870,Casual,2025-12-25,2026-01-01,Rejected
1730,871,Unpaid,2025-04-12,2025-04-21,Pending
1731,872,Unpaid,2025-05-10,2025-05-16,Approved
1732,873,Paid,2025-09-23,2025-09-25,Rejected
1733,874,Casual,2025-07-03,2025-07-12,Pending
1734,876,Casual,2025-08-16,2025-08-22,Approved
1735,876,Paid,2025-04-22,2025-04-25,Rejected
1736,876,Paid,2025-10-06,2025-10-12,Pending
1737,877,Casual,2025-01-24,2025-02-03,Pending
1738,877,Paid,2025-04-05,2025-04-07,Rejected
1739,877,Casual,2025-07-26,2025-08-03,Approved
1740,878,Unpaid,2025-05-10,2025-05-12,Pending
1741,878,Unpaid,2025-05-08,2025-05-10,Approved
1742,878,Unpaid,2025-06-08,2025-06-13,Pending
1743,879,Paid,2025-08-22,2025-08-30,Rejected
1744,879,Casual,2025-07-25,2025-07-30,Approved
1745,880,Sick,2025-10-02,2025-10-11,Rejected
1746,880,Casual,2026-01-01,2026-01-03,Approved
1747,880,Unpaid,2025-07-04,2025-07-05,Pending
1748,881,Paid,2025-10-23,2025-10-26,Pending
1749,882,Unpaid,2025-12-25,2025-12-29,Rejected
1750,882,Casual,2025-08-28,2025-08-31,Approved
1751,882,Unpaid,2025-07-14,2025-07-19,Rejected
1752,883,Paid,2025-10-20,2025-10-23,Approved
1753,883,Sick,2025-11-02,2025-11-06,Rejected
1754,883,Casual,2025-08-29,2025-09-07,Rejected
1755,883,Sick,2025-12-21,2025-12-26,Rejected
1756,884,Unpaid,2025-07-29,2025-08-04,Approved
1757,885,Sick,2025-03-27,2025-03-30,Approved
1758,885,Sick,2025-06-03,2025-06-09,Rejected
1759,885,Casual,2025-10-29,2025-11-07,Pending
1760,885,Unpaid,2025-10-02,2025-10-04,Pending
1761,886,Paid,2025-09-26,2025-10-04,Rejected
1762,890,Paid,2025-08-20,2025-08-21,Rejected
1763,890,Casual,2025-11-12,2025-11-17,Approved
1764,891,Casual,2025-09-09,2025-09-15,Approved
1765,891,Paid,2025-04-06,2025-04-08,Approved
1766,891,Sick,2025-06-10,2025-06-11,Approved
1767,893,Paid,2025-12-14,2025-12-17,Pending
1768,893,Casual,2025-06-19,2025-06-20,Rejected
1769,893,Unpaid,2025-10-18,2025-10-26,Pending
1770,893,Unpaid,2025-11-13,2025-11-18,Pending
1771,894,Unpaid,2025-11-04,2025-11-05,Pending
1772,894,Paid,2025-10-18,2025-10-26,Approved
1773,894,Casual,2025-08-09,2025-08-11,Approved
1774,894,Casual,2025-02-20,2025-02-26,Rejected
1775,895,Casual,2025-10-09,2025-10-15,Rejected
1776,895,Paid,2025-08-29,2025-09-06,Approved
1777,895,Unpaid,2025-08-27,2025-09-06,Approved
1778,895,Unpaid,2025-09-21,2025-09-22,Approved
1779,897,Unpaid,2025-08-25,2025-08-31,Rejected
1780,897,Sick,2025-09-28,2025-10-06,Approved
1781,897,Unpaid,2025-01-11,2025-01-13,Pending
1782,898,Unpaid,2025-09-28,2025-09-30,Pending
1783,898,Unpaid,2025-07-17,2025-07-23,Pending
1784,898,Sick,2025-03-14,2025-03-20,Rejected
1785,899,Casual,2025-04-17,2025-04-19,Approved
1786,900,Sick,2025-07-08,2025-07-17,Pending
1787,900,Paid,2025-11-17,2025-11-24,Rejected
1788,902,Unpaid,2025-09-22,2025-09-27,Pending
1789,902,Casual,2025-09-10,2025-09-20,Approved
1790,902,Sick,2025-11-10,2025-11-19,Pending
1791,902,Casual,2025-05-02,2025-05-09,Pending
1792,903,Casual,2025-11-16,2025-11-23,Rejected
1793,903,Unpaid,2025-10-06,2025-10-13,Approved
1794,903,Sick,2025-01-18,2025-01-24,Approved
1795,903,Casual,2025-11-06,2025-11-08,Approved
1796,904,Sick,2025-11-14,2025-11-21,Approved
1797,904,Unpaid,2025-05-10,2025-05-18,Pending
1798,904,Sick,2025-01-31,2025-02-03,Approved
1799,906,Sick,2026-01-02,2026-01-03,Approved
1800,906,Unpaid,2025-04-18,2025-04-19,Rejected
1801,907,Casual,2025-08-01,2025-08-11,Approved
1802,908,Casual,2025-07-15,2025-07-18,Approved
1803,908,Casual,2025-04-09,2025-04-10,Rejected
1804,908,Unpaid,2025-04-02,2025-04-03,Pending
1805,908,Unpaid,2025-07-10,2025-07-12,Rejected
1806,909,Paid,2025-01-15,2025-01-23,Pending
1807,910,Sick,2025-05-22,2025-05-31,Pending
1808,910,Casual,2025-04-01,2025-04-08,Pending
1809,910,Sick,2025-01-21,2025-01-31,Rejected
1810,911,Casual,2025-03-26,2025-04-04,Approved
1811,911,Casual,2025-02-22,2025-02-28,Approved
1812,911,Paid,2025-12-03,2025-12-06,Rejected
1813,911,Unpaid,2025-09-13,2025-09-18,Approved
1814,912,Casual,2025-04-14,2025-04-22,Pending
1815,912,Casual,2025-12-18,2025-12-22,Rejected
1816,912,Sick,2025-05-31,2025-06-09,Rejected
1817,913,Paid,2025-08-11,2025-08-20,Pending
1818,914,Paid,2025-05-29,2025-05-30,Rejected
1819,914,Casual,2025-12-01,2025-12-03,Pending
1820,914,Unpaid,2025-06-22,2025-06-26,Pending
1821,914,Sick,2025-04-15,2025-04-16,Rejected
1822,915,Sick,2025-02-04,2025-02-10,Rejected
1823,915,Sick,2025-02-10,2025-02-18,Pending
1824,915,Casual,2025-10-07,2025-10-09,Approved
1825,915,Unpaid,2025-08-21,2025-08-28,Rejected
1826,916,Casual,2025-07-08,2025-07-13,Approved
1827,916,Sick,2025-01-27,2025-02-05,Pending
1828,916,Sick,2025-06-06,2025-06-11,Approved
1829,916,Sick,2025-10-05,2025-10-15,Pending
1830,917,Unpaid,2025-08-07,2025-08-11,Rejected
1831,917,Casual,2025-03-17,2025-03-24,Rejected
1832,918,Paid,2025-03-19,2025-03-22,Pending
1833,919,Paid,2025-02-15,2025-02-19,Rejected
1834,919,Unpaid,2025-08-12,2025-08-20,Approved
1835,919,Sick,2025-05-13,2025-05-17,Pending
1836,919,Casual,2025-07-08,2025-07-13,Pending
1837,921,Sick,2025-02-28,2025-03-10,Pending
1838,923,Casual,2025-10-27,2025-11-01,Pending
1839,923,Casual,2025-07-30,2025-08-02,Approved
1840,924,Casual,2025-01-06,2025-01-10,Approved
1841,924,Paid,2025-05-06,2025-05-09,Approved
1842,924,Unpaid,2025-07-27,2025-08-04,Approved
1843,925,Casual,2025-11-07,2025-11-17,Pending
1844,925,Paid,2025-04-01,2025-04-07,Approved
1845,926,Unpaid,2025-03-04,2025-03-07,Rejected
1846,926,Unpaid,2025-07-01,2025-07-04,Approved
1847,927,Casual,2025-01-31,2025-02-01,Pending
1848,928,Casual,2025-09-22,2025-09-24,Approved
1849,928,Paid,2025-11-02,2025-11-08,Rejected
1850,928,Unpaid,2025-08-26,2025-09-04,Rejected
1851,929,Sick,2025-02-17,2025-02-21,Approved
1852,929,Paid,2025-03-18,2025-03-25,Pending
1853,932,Unpaid,2025-07-16,2025-07-26,Rejected
1854,932,Casual,2025-12-05,2025-12-11,Rejected
1855,932,Casual,2025-01-14,2025-01-17,Rejected
1856,932,Sick,2025-11-12,2025-11-22,Approved
1857,933,Sick,2025-09-30,2025-10-05,Rejected
1858,933,Sick,2025-08-30,2025-09-05,Approved
1859,934,Paid,2025-08-15,2025-08-23,Approved
1860,934,Unpaid,2025-01-16,2025-01-24,Approved
1861,935,Casual,2025-01-21,2025-01-25,Approved
1862,935,Paid,2025-03-11,2025-03-20,Pending
1863,937,Unpaid,2025-07-17,2025-07-21,Approved
1864,937,Sick,2025-12-02,2025-12-09,Rejected
1865,937,Sick,2025-05-26,2025-05-31,Approved
1866,938,Paid,2025-10-28,2025-10-30,Approved
1867,940,Unpaid,2025-09-29,2025-10-07,Approved
1868,941,Casual,2025-04-03,2025-04-11,Approved
1869,941,Paid,2025-06-15,2025-06-21,Approved
1870,941,Casual,2025-04-01,2025-04-03,Rejected
1871,941,Sick,2025-06-08,2025-06-15,Rejected
1872,942,Casual,2025-10-03,2025-10-08,Pending
1873,944,Sick,2025-07-30,2025-08-03,Rejected
1874,944,Sick,2025-03-27,2025-04-03,Approved
1875,944,Casual,2025-02-25,2025-02-27,Pending
1876,944,Unpaid,2025-07-10,2025-07-15,Rejected
1877,945,Casual,2025-11-04,2025-11-11,Rejected
1878,945,Casual,2025-08-16,2025-08-19,Pending
1879,948,Unpaid,2025-03-12,2025-03-15,Pending
1880,948,Casual,2025-10-07,2025-10-12,Approved
1881,948,Sick,2025-12-06,2025-12-13,Pending
1882,949,Casual,2025-09-06,2025-09-07,Approved
1883,949,Paid,2025-08-22,2025-08-28,Pending
1884,949,Sick,2025-03-04,2025-03-07,Rejected
1885,949,Casual,2025-10-21,2025-10-27,Approved
1886,950,Paid,2025-09-24,2025-10-01,Pending
1887,951,Casual,2025-04-21,2025-04-29,Pending
1888,951,Paid,2025-03-18,2025-03-27,Approved
1889,951,Paid,2025-01-21,2025-01-31,Approved
1890,951,Paid,2025-12-21,2025-12-31,Rejected
1891,952,Unpaid,2025-10-29,2025-11-07,Rejected
1892,952,Casual,2025-09-05,2025-09-07,Pending
1893,952,Paid,2025-08-13,2025-08-21,Approved
1894,953,Unpaid,2025-09-14,2025-09-23,Rejected
1895,955,Sick,2025-07-05,2025-07-15,Rejected
1896,955,Unpaid,2025-09-30,2025-10-03,Pending
1897,956,Casual,2025-01-16,2025-01-26,Pending
1898,957,Sick,2025-06-28,2025-07-06,Rejected
1899,957,Paid,2025-05-15,2025-05-18,Approved
1900,957,Paid,2025-05-06,2025-05-09,Pending
1901,958,Sick,2025-08-06,2025-08-15,Pending
1902,959,Casual,2025-01-17,2025-01-20,Rejected
1903,960,Unpaid,2025-09-21,2025-09-22,Rejected
1904,962,Paid,2025-02-23,2025-02-28,Pending
1905,964,Unpaid,2025-08-24,2025-09-02,Approved
1906,964,Casual,2025-02-10,2025-02-11,Rejected
1907,964,Sick,2025-09-11,2025-09-19,Pending
1908,964,Paid,2025-11-13,2025-11-22,Rejected
1909,965,Paid,2025-05-23,2025-06-01,Rejected
1910,965,Unpaid,2025-03-19,2025-03-25,Rejected
1911,966,Paid,2025-08-30,2025-09-02,Approved
1912,966,Paid,2025-08-30,2025-09-03,Approved
1913,966,Paid,2025-02-12,2025-02-18,Approved
1914,966,Casual,2025-05-06,2025-05-16,Pending
1915,967,Paid,2025-02-15,2025-02-18,Approved
1916,967,Unpaid,2025-07-04,2025-07-10,Pending
1917,967,Sick,2025-01-26,2025-01-27,Pending
1918,967,Unpaid,2025-12-16,2025-12-19,Pending
1919,969,Paid,2025-02-04,2025-02-07,Approved
1920,970,Paid,2025-09-25,2025-10-01,Rejected
1921,970,Casual,2025-12-04,2025-12-08,Pending
1922,970,Paid,2025-05-01,2025-05-06,Pending
1923,970,Sick,2025-09-09,2025-09-11,Approved
1924,972,Unpaid,2025-08-25,2025-09-04,Rejected
1925,973,Unpaid,2025-04-07,2025-04-17,Approved
1926,973,Unpaid,2025-01-04,2025-01-08,Rejected
1927,973,Casual,2025-10-03,2025-10-08,Rejected
1928,973,Casual,2025-07-01,2025-07-06,Rejected
1929,974,Sick,2025-03-14,2025-03-21,Pending
1930,975,Sick,2025-07-21,2025-07-27,Pending
1931,975,Paid,2025-01-04,2025-01-05,Approved
1932,975,Unpaid,2025-02-16,2025-02-22,Pending
1933,976,Casual,2025-11-24,2025-12-02,Rejected
1934,977,Unpaid,2025-12-15,2025-12-22,Pending
1935,979,Casual,2025-01-27,2025-02-01,Pending
1936,979,Unpaid,2025-05-26,2025-05-28,Approved
1937,980,Paid,2025-03-23,2025-04-02,Pending
1938,980,Unpaid,2025-04-07,2025-04-13,Approved
1939,981,Casual,2025-10-06,2025-10-16,Rejected
1940,981,Casual,2025-07-03,2025-07-08,Approved
1941,981,Sick,2025-07-02,2025-07-09,Rejected
1942,982,Sick,2025-04-13,2025-04-16,Approved
1943,983,Paid,2025-09-11,2025-09-16,Pending
1944,983,Paid,2025-10-28,2025-11-01,Approved
1945,983,Sick,2025-10-03,2025-10-04,Approved
1946,984,Paid,2025-11-09,2025-11-18,Approved
1947,984,Paid,2025-08-07,2025-08-12,Pending
1948,984,Unpaid,2025-10-05,2025-10-13,Pending
1949,984,Paid,2025-08-15,2025-08-23,Rejected
1950,985,Paid,2025-11-24,2025-12-04,Pending
1951,985,Paid,2025-05-10,2025-05-14,Rejected
1952,986,Paid,2025-05-05,2025-05-13,Pending
1953,986,Paid,2025-06-02,2025-06-08,Rejected
1954,986,Casual,2025-06-19,2025-06-25,Pending
1955,987,Unpaid,2025-11-16,2025-11-21,Rejected
1956,987,Unpaid,2025-07-12,2025-07-18,Pending
1957,987,Sick,2025-02-01,2025-02-06,Pending
1958,987,Paid,2025-02-15,2025-02-22,Approved
1959,988,Sick,2025-06-06,2025-06-12,Pending
1960,988,Sick,2025-11-09,2025-11-14,Rejected
1961,988,Casual,2025-06-28,2025-07-05,Pending
1962,988,Casual,2025-08-18,2025-08-24,Pending
1963,990,Casual,2025-11-30,2025-12-01,Pending
1964,990,Casual,2025-10-17,2025-10-19,Pending
1965,992,Sick,2025-09-01,2025-09-03,Rejected
1966,992,Sick,2025-01-29,2025-01-31,Pending
1967,992,Paid,2025-01-12,2025-01-18,Rejected
1968,992,Paid,2025-12-25,2025-12-28,Approved
1969,993,Unpaid,2025-10-26,2025-10-31,Approved
1970,993,Sick,2025-11-02,2025-11-10,Rejected
1971,994,Casual,2025-09-28,2025-10-06,Approved
1972,994,Casual,2025-04-29,2025-04-30,Rejected
1973,994,Casual,2025-04-22,2025-04-27,Pending
1974,995,Sick,2025-03-20,2025-03-24,Rejected
1975,995,Casual,2025-05-20,2025-05-26,Pending
1976,996,Unpaid,2025-08-01,2025-08-02,Rejected
1977,997,Unpaid,2025-05-01,2025-05-03,Rejected
1978,997,Casual,2025-09-28,2025-09-30,Pending
1979,997,Sick,2025-04-01,2025-04-04,Rejected
1980,997,Unpaid,2025-06-18,2025-06-27,Rejected
1981,998,Unpaid,2025-09-30,2025-10-04,Rejected
1982,998,Sick,2025-04-28,2025-05-08,Approved
1983,998,Unpaid,2025-03-11,2025-03-15,Rejected
1984,999,Casual,2025-04-21,2025-04-26,Pending
1985,999,Paid,2025-04-26,2025-04-27,Approved
